id,lat,lon,data_hora_gmt,satelite,municipio,estado,pais,municipio_id,estado_id,pais_id,numero_dias_sem_chuva,precipitacao,risco_fogo,bioma,frp
44f05a9f-abc2-3768-9704-6c94acfe5bb2,-3.1116,-53.7436,2026-10-03 00:00:00,GOES-19,URUARÁ,PARÁ,Brasil,1508159,15,33,,,,Amazônia,117.0
9f565d64-2eb7-39ff-ba37-9a99b091e05e,-8.852,-66.7827,2026-10-03 00:00:00,GOES-19,LÁBREA,AMAZONAS,Brasil,1302405,13,33,,,,Amazônia,65.8
f65de5fa-9655-3b90-87ad-e8d1f808ad80,-3.7137,-50.6674,2026-10-03 00:00:00,GOES-19,PACAJÁ,PARÁ,Brasil,1505486,15,33,,,,Amazônia,79.7
6c635642-5ce9-3250-9059-08708f5f2485,-9.6923,-57.456,2026-10-03 00:00:00,GOES-19,APIACÁS,MATO GROSSO,Brasil,5100805,51,33,,,,Amazônia,62.8
d9bdd684-77a7-305b-87b0-1b603603ff0e,-5.7378,-45.1307,2026-10-03 00:00:00,GOES-19,BARRA DO CORDA,MARANHÃO,Brasil,2101608,21,33,,,,Cerrado,68.8
b5c1aaa6-78db-38d3-bdcd-86690dd29d5c,-11.6395,-43.5455,2026-10-03 00:00:00,GOES-19,BARRA,BAHIA,Brasil,2902708,29,33,,,,Cerrado,123.4
0953599a-861c-3e50-97c2-f85c78a7ca27,-2.9042,-45.3944,2026-10-03 00:00:00,GOES-19,PEDRO DO ROSÁRIO,MARANHÃO,Brasil,2108256,21,33,,,,Amazônia,102.5
891b53f6-098c-39ed-91bd-25d807602119,-6.8579,-59.2829,2026-10-03 00:00:00,GOES-19,APUÍ,AMAZONAS,Brasil,1300144,13,33,,,,Amazônia,63.2
2fba5286-b4c0-3248-8fda-29b3a84ae7cc,-3.2768,-53.8199,2026-10-03 00:00:00,GOES-19,URUARÁ,PARÁ,Brasil,1508159,15,33,,,,Amazônia,71.1
18ca366f-1fd9-339f-8165-18b8cf96871d,-3.1839,-54.0839,2026-10-03 00:00:00,GOES-19,URUARÁ,PARÁ,Brasil,1508159,15,33,,,,Amazônia,66.6
1cde24e3-8785-3b4d-a05f-e8fecc5616f8,1.7854,-55.5856,2026-10-03 00:00:00,GOES-19,ÓBIDOS,PARÁ,Brasil,1505106,15,33,,,,Amazônia,55.4
b4805d41-91a5-3706-9664-66e2d0a58185,-5.6134,-44.3876,2026-10-03 00:00:00,GOES-19,SÃO DOMINGOS DO MARANHÃO,MARANHÃO,Brasil,2110708,21,33,,,,Cerrado,70.7
cd2a3fa2-1474-332b-83e6-c0af55a9f278,-6.8393,-59.3029,2026-10-03 00:00:00,GOES-19,APUÍ,AMAZONAS,Brasil,1300144,13,33,,,,Amazônia,64.8
b9a5810e-3290-34e3-b2e8-d1d988d97675,-3.4278,-52.8227,2026-10-03 00:00:00,GOES-19,MEDICILÂNDIA,PARÁ,Brasil,1504455,15,33,,,,Amazônia,90.0
b8772dfd-99ae-3b0c-a5f2-c067dcb3e4a6,-0.9147,-47.9069,2026-10-03 00:00:00,GOES-19,CURUÇÁ,PARÁ,Brasil,1502905,15,33,,,,Amazônia,80.9
c3f57b37-e946-3cbb-a8b3-2176d92a365c,-4.4506,-47.9329,2026-10-03 00:00:00,GOES-19,DOM ELISEU,PARÁ,Brasil,1502939,15,33,,,,Amazônia,75.3
4855181f-4b34-3d21-9dfb-25f3fa6649d9,-3.13,-53.7229,2026-10-03 00:00:00,GOES-19,URUARÁ,PARÁ,Brasil,1508159,15,33,,,,Amazônia,112.4
10dc3c3b-9fcf-34b5-8b85-4488f42075a7,-2.8855,-45.4175,2026-10-03 00:00:00,GOES-19,PEDRO DO ROSÁRIO,MARANHÃO,Brasil,2108256,21,33,,,,Amazônia,195.3
29c22e33-10ab-32ea-82a1-ab1e7184c9ac,-5.9384,-43.6482,2026-10-03 00:00:00,GOES-19,LAGOA DO MATO,MARANHÃO,Brasil,2105922,21,33,,,,Cerrado,113.9
e48fb75f-e717-31bf-b658-4e43589aca57,-3.4277,-52.8431,2026-10-03 00:00:00,GOES-19,MEDICILÂNDIA,PARÁ,Brasil,1504455,15,33,,,,Amazônia,102.0
cc9f848b-1e85-3691-9c3c-3b73c44968da,-3.1483,-53.7426,2026-10-03 00:00:00,GOES-19,URUARÁ,PARÁ,Brasil,1508159,15,33,,,,Amazônia,79.0
b7e8df0f-fcd5-36bc-94f3-038c635fcac8,-4.4507,-47.9112,2026-10-03 00:00:00,GOES-19,DOM ELISEU,PARÁ,Brasil,1502939,15,33,,,,Amazônia,69.5
432f3728-0977-3875-acad-d6af7e6db767,-11.0067,-59.1381,2026-10-03 00:00:00,GOES-19,JUÍNA,MATO GROSSO,Brasil,5105150,51,33,,,,Amazônia,95.1
6108788d-976f-3cfa-b6d8-d813e94b372a,-11.7375,-43.4356,2026-10-03 00:00:00,GOES-19,BARRA,BAHIA,Brasil,2902708,29,33,,,,Cerrado,81.9
b0e86e64-3f08-391f-9f9e-54f29e52b727,-6.8436,-58.5678,2026-10-03 00:00:00,GOES-19,MAUÉS,AMAZONAS,Brasil,1302900,13,33,,,,Amazônia,58.4
2c960b25-3d7b-3c53-b2c0-da482b2cae6b,-10.9881,-59.1197,2026-10-03 00:00:00,GOES-19,JUÍNA,MATO GROSSO,Brasil,5105150,51,33,,,,Amazônia,80.6
71f0265e-c3fa-3a7a-b4c0-7e64eadad5b4,-13.556,-44.1009,2026-10-03 00:00:00,GOES-19,SÃO FÉLIX DO CORIBE,BAHIA,Brasil,2929057,29,33,,,,Cerrado,97.4
564ea3a9-92c1-36ba-a841-3d47843fa7f0,-11.6981,-43.4891,2026-10-03 00:00:00,GOES-19,BARRA,BAHIA,Brasil,2902708,29,33,,,,Cerrado,88.8
b1863f89-d72e-389a-a360-168d6f738bd9,-3.4093,-52.8233,2026-10-03 00:00:00,GOES-19,MEDICILÂNDIA,PARÁ,Brasil,1504455,15,33,,,,Amazônia,122.5
59e0b269-ddad-3449-a65a-e1c631b4c392,-2.8856,-45.395,2026-10-03 00:00:00,GOES-19,PEDRO DO ROSÁRIO,MARANHÃO,Brasil,2108256,21,33,,,,Amazônia,185.5
afc64500-6f09-3847-a9b1-90f65ec6b4b7,-2.9041,-45.4168,2026-10-03 00:00:00,GOES-19,PEDRO DO ROSÁRIO,MARANHÃO,Brasil,2108256,21,33,,,,Amazônia,107.7
036c1426-444f-3192-b45d-46fb57f48cf0,-3.2952,-53.8194,2026-10-03 00:00:00,GOES-19,URUARÁ,PARÁ,Brasil,1508159,15,33,,,,Amazônia,89.9
1d619659-f203-363f-a206-6c9687b9a502,-5.7376,-45.1533,2026-10-03 00:00:00,GOES-19,BARRA DO CORDA,MARANHÃO,Brasil,2101608,21,33,,,,Cerrado,96.6
77490260-4069-3bc3-af6b-62379d28acbd,1.8037,-55.5854,2026-10-03 00:00:00,GOES-19,ÓBIDOS,PARÁ,Brasil,1505106,15,33,,,,Amazônia,66.2
8a97d2ca-6eab-3321-9efb-1d6cf54a6988,-11.6977,-43.5128,2026-10-03 00:00:00,GOES-19,BARRA,BAHIA,Brasil,2902708,29,33,,,,Cerrado,101.3
e39ba8e9-f189-39ec-aba7-5f3f37bda286,-10.9879,-59.1393,2026-10-03 00:00:00,GOES-19,JUÍNA,MATO GROSSO,Brasil,5105150,51,33,,,,Amazônia,116.4
efef1f5b-18e6-3034-b0d3-1dd346cc2ec6,-11.6588,-43.5425,2026-10-03 00:00:00,GOES-19,BARRA,BAHIA,Brasil,2902708,29,33,,,,Cerrado,87.3
15c39dc1-90d6-3438-b6bc-ce85ec24d62c,-11.6583,-43.5662,2026-10-03 00:00:00,GOES-19,BARRA,BAHIA,Brasil,2902708,29,33,,,,Cerrado,143.2
79de89dd-2344-35ff-bc21-f56ba180b01d,-11.0068,-59.1185,2026-10-03 00:00:00,GOES-19,JUÍNA,MATO GROSSO,Brasil,5105150,51,33,,,,Amazônia,66.7
ea3e19af-f0c7-3e86-a8bd-19988effc54e,-11.7174,-43.4861,2026-10-03 00:00:00,GOES-19,BARRA,BAHIA,Brasil,2902708,29,33,,,,Cerrado,116.0
ab30ae45-646b-3ac7-ba2d-c2143cbd0466,-3.2767,-53.84,2026-10-03 00:00:00,GOES-19,URUARÁ,PARÁ,Brasil,1508159,15,33,,,,Amazônia,85.3
9b19e316-68dd-3fa2-86bc-2bda02d9c08b,-5.9569,-43.67,2026-10-03 00:00:00,GOES-19,LAGOA DO MATO,MARANHÃO,Brasil,2105922,21,33,,,,Cerrado,98.2
afcd2d84-7d37-3ce6-afd9-2b0cb768d1d1,-11.6391,-43.5692,2026-10-03 00:00:00,GOES-19,BARRA,BAHIA,Brasil,2902708,29,33,,,,Cerrado,225.8
50292394-51e9-3acd-ae1b-ec2791c159ae,-6.8252,-58.5686,2026-10-03 00:00:00,GOES-19,MAUÉS,AMAZONAS,Brasil,1302900,13,33,,,,Amazônia,69.0
2179adf9-416f-36ac-8481-6e672b5c58fa,-6.8394,-59.2836,2026-10-03 00:00:00,GOES-19,APUÍ,AMAZONAS,Brasil,1300144,13,33,,,,Amazônia,78.7
88375c14-1baa-35b0-9987-319668de2d2c,-5.7355,-43.2916,2026-10-03 00:00:00,GOES-19,PARNARAMA,MARANHÃO,Brasil,2107803,21,33,,,,Cerrado,83.7
76a7aad7-698f-3f3d-894a-31bcc617a87c,-3.1299,-53.7431,2026-10-03 00:00:00,GOES-19,URUARÁ,PARÁ,Brasil,1508159,15,33,,,,Amazônia,216.8
fed8ae0b-08d9-3e41-a7ca-9c7f56c33f9b,-3.4093,-52.8436,2026-10-03 00:00:00,GOES-19,MEDICILÂNDIA,PARÁ,Brasil,1504455,15,33,,,,Amazônia,139.6
b3213501-a03f-3236-a711-bdca4cb31f01,-11.7169,-43.5098,2026-10-03 00:00:00,GOES-19,BARRA,BAHIA,Brasil,2902708,29,33,,,,Cerrado,158.3
e1319679-314d-35cf-8d2b-63603f932caa,-5.6136,-44.3647,2026-10-03 00:00:00,GOES-19,SÃO DOMINGOS DO MARANHÃO,MARANHÃO,Brasil,2110708,21,33,,,,Cerrado,52.1
0ed4e1b3-d4cc-313a-b40b-3ad0c1c3a116,-5.7563,-45.152,2026-10-03 00:00:00,GOES-19,BARRA DO CORDA,MARANHÃO,Brasil,2101608,21,33,,,,Cerrado,73.0
a79a1de2-68a2-3ce4-a9d3-8a93e5330667,-3.2951,-53.8395,2026-10-03 00:00:00,GOES-19,URUARÁ,PARÁ,Brasil,1508159,15,33,,,,Amazônia,113.1
03108d72-fd08-3426-992e-afc1f4ad8140,1.8038,-55.5656,2026-10-03 00:00:00,GOES-19,ÓBIDOS,PARÁ,Brasil,1505106,15,33,,,,Amazônia,72.7
98fb1f78-61dd-3bc8-80db-4291a75ad47e,-3.1299,-53.7633,2026-10-03 00:00:00,GOES-19,URUARÁ,PARÁ,Brasil,1508159,15,33,,,,Amazônia,73.7
4b017239-bdeb-3ed1-a431-cb7793cedc4a,-2.9845,-53.2617,2026-10-03 00:00:00,GOES-19,MEDICILÂNDIA,PARÁ,Brasil,1504455,15,33,,,,Amazônia,58.4
3735f226-85e7-322a-887c-7fd876124588,-3.7138,-50.6465,2026-10-03 00:00:00,GOES-19,PACAJÁ,PARÁ,Brasil,1505486,15,33,,,,Amazônia,71.5
c66fb00f-fb04-37c2-ada4-f11c42858e5f,1.7854,-55.6054,2026-10-03 00:00:00,GOES-19,ÓBIDOS,PARÁ,Brasil,1505106,15,33,,,,Amazônia,88.6
1a9a5fa6-aca5-39ee-adc5-5082f83bf605,-6.7401,-44.1371,2026-10-03 00:00:00,GOES-19,NOVA IORQUE,MARANHÃO,Brasil,2107308,21,33,,,,Cerrado,92.2
3e620034-bdbe-33d2-9189-8762e8f5f0bc,-5.9571,-43.6467,2026-10-03 00:00:00,GOES-19,LAGOA DO MATO,MARANHÃO,Brasil,2105922,21,33,,,,Cerrado,182.5
38fe85c8-212d-3818-a2b9-6dc8154e71e7,1.78434,-55.60069,2026-10-03 00:01:00,TERRA_M-M,ÓBIDOS,PARÁ,Brasil,1505106,15,33,,,,Amazônia,24.2
f8c5419f-bcd6-312f-b67b-6cb7fc6b7b25,1.81284,-55.56019,2026-10-03 00:01:00,TERRA_M-M,ÓBIDOS,PARÁ,Brasil,1505106,15,33,,,,Amazônia,12.9
7057a0a0-7d73-3934-9cb0-24f1332e6836,1.79758,-55.5877,2026-10-03 00:01:00,TERRA_M-M,ÓBIDOS,PARÁ,Brasil,1505106,15,33,,,,Amazônia,55.0
60d64d1f-ee6e-3581-9f8e-5b9165e7d1d2,1.7467,-50.80421,2026-10-03 00:01:00,TERRA_M-M,PRACUÚBA,AMAPÁ,Brasil,1600550,16,33,,,,Amazônia,8.0
e136878c-0392-38db-a4ce-3abbddc7f521,0.07702,-51.41977,2026-10-03 00:01:00,TERRA_M-M,SANTANA,AMAPÁ,Brasil,1600600,16,33,,,,Amazônia,4.0
4c259ce9-479a-3b7f-924b-83da599a8444,2.35285,-50.76153,2026-10-03 00:01:00,TERRA_M-M,CALÇOENE,AMAPÁ,Brasil,1600204,16,33,,,,Amazônia,7.3
3b03a0e3-4907-301b-a1cb-f0fd53a41481,1.7379,-50.80298,2026-10-03 00:01:00,TERRA_M-M,PRACUÚBA,AMAPÁ,Brasil,1600550,16,33,,,,Amazônia,7.7
d31e17eb-6239-3a25-8f8f-17fa8330edd9,1.7543,-50.81419,2026-10-03 00:01:00,TERRA_M-M,PRACUÚBA,AMAPÁ,Brasil,1600550,16,33,,,,Amazônia,8.2
c1291f2f-fc2a-37b5-9513-dfb91c9eaae7,2.35405,-50.75277,2026-10-03 00:01:00,TERRA_M-M,CALÇOENE,AMAPÁ,Brasil,1600204,16,33,,,,Amazônia,16.6
73a4b676-132b-3cc6-9aff-8eb244d3254a,2.56325,-50.96373,2026-10-03 00:01:00,TERRA_M-M,CALÇOENE,AMAPÁ,Brasil,1600204,16,33,,,,Amazônia,5.9
7c11df8c-af8a-3f69-835f-7ecd6470f49a,1.91913,-55.78296,2026-10-03 00:01:00,TERRA_M-M,ÓBIDOS,PARÁ,Brasil,1505106,15,33,,,,Amazônia,12.6
b9537396-2cc3-30c9-813d-9af1501da12f,3.30333,-51.35415,2026-10-03 00:01:00,TERRA_M-M,OIAPOQUE,AMAPÁ,Brasil,1600501,16,33,,,,Amazônia,3.9
4b1aeb78-053b-3510-85ae-a5301ba0dc0a,1.78225,-55.61527,2026-10-03 00:01:00,TERRA_M-M,ÓBIDOS,PARÁ,Brasil,1505106,15,33,,,,Amazônia,78.5
32e3a539-bb6b-319d-a228-d4a47f691002,0.60084,-51.56561,2026-10-03 00:01:00,TERRA_M-M,PORTO GRANDE,AMAPÁ,Brasil,1600535,16,33,,,,Amazônia,7.7
f8a846ce-aa87-3125-bdf0-b288a708d0e8,1.81079,-55.5747,2026-10-03 00:01:00,TERRA_M-M,ÓBIDOS,PARÁ,Brasil,1505106,15,33,,,,Amazônia,17.2
ae396090-691f-3963-bd00-d9afeee2771e,1.79551,-55.60228,2026-10-03 00:01:00,TERRA_M-M,ÓBIDOS,PARÁ,Brasil,1505106,15,33,,,,Amazônia,17.8
ae84ef07-3167-38eb-b120-645554e17036,1.79964,-55.57322,2026-10-03 00:01:00,TERRA_M-M,ÓBIDOS,PARÁ,Brasil,1505106,15,33,,,,Amazônia,44.4
addaf71c-6261-3737-bba9-9bf0dd77f22b,1.79344,-55.61682,2026-10-03 00:01:00,TERRA_M-M,ÓBIDOS,PARÁ,Brasil,1505106,15,33,,,,Amazônia,9.5
96d78e09-440c-34eb-af91-3008a0104767,3.69285,-51.59412,2026-10-03 00:01:00,TERRA_M-M,OIAPOQUE,AMAPÁ,Brasil,1600501,16,33,,,,Amazônia,17.8
2df40b02-4bab-3903-aa6f-d15652e51430,-2.8855,-45.4175,2026-10-03 00:10:00,GOES-19,PEDRO DO ROSÁRIO,MARANHÃO,Brasil,2108256,21,33,,,,Amazônia,239.2
ff65b979-5b31-3f0c-81b7-2da445a3f7d7,1.7854,-55.5658,2026-10-03 00:10:00,GOES-19,ÓBIDOS,PARÁ,Brasil,1505106,15,33,,,,Amazônia,49.9
2d10fd0f-359c-35e4-a54c-67dbf5068f17,-3.2951,-53.8395,2026-10-03 00:10:00,GOES-19,URUARÁ,PARÁ,Brasil,1508159,15,33,,,,Amazônia,86.9
46bb2674-7001-3400-8e50-649b28929f2c,-3.2767,-53.84,2026-10-03 00:10:00,GOES-19,URUARÁ,PARÁ,Brasil,1508159,15,33,,,,Amazônia,94.2
20195758-9481-3351-8017-bf6c104519dd,-11.7169,-43.5098,2026-10-03 00:10:00,GOES-19,BARRA,BAHIA,Brasil,2902708,29,33,,,,Cerrado,194.3
1cdab394-a646-3105-9326-ec36a16d6199,-3.1839,-54.0839,2026-10-03 00:10:00,GOES-19,URUARÁ,PARÁ,Brasil,1508159,15,33,,,,Amazônia,63.1
9c304d97-19fa-343e-aa1f-9bd99605be46,1.8038,-55.5656,2026-10-03 00:10:00,GOES-19,ÓBIDOS,PARÁ,Brasil,1505106,15,33,,,,Amazônia,73.9
64ec4305-5d06-3d58-9b1e-0f801e4f76ee,-11.7187,-43.4148,2026-10-03 00:10:00,GOES-19,BARRA,BAHIA,Brasil,2902708,29,33,,,,Cerrado,118.0
5c57c553-c71a-3440-a238-d1dd0ef755f4,-5.6134,-44.3876,2026-10-03 00:10:00,GOES-19,SÃO DOMINGOS DO MARANHÃO,MARANHÃO,Brasil,2110708,21,33,,,,Cerrado,69.6
8c279b88-2534-3cb0-be4d-6187bd8cf850,-10.9879,-59.1393,2026-10-03 00:10:00,GOES-19,JUÍNA,MATO GROSSO,Brasil,5105150,51,33,,,,Amazônia,131.7
2ff6b2ee-6434-3c8a-8c43-31d6cde057e7,-3.1838,-54.104,2026-10-03 00:10:00,GOES-19,URUARÁ,PARÁ,Brasil,1508159,15,33,,,,Amazônia,51.5
9d3dcc56-46e2-329f-95a3-cbc20bb71bb7,-11.6391,-43.5692,2026-10-03 00:10:00,GOES-19,BARRA,BAHIA,Brasil,2902708,29,33,,,,Cerrado,161.7
88ee15ff-f3ba-3d97-9d3c-f9c9a755a376,-10.9881,-59.1197,2026-10-03 00:10:00,GOES-19,JUÍNA,MATO GROSSO,Brasil,5105150,51,33,,,,Amazônia,87.4
a31b459d-ef9e-36cb-bb2e-2cfd41c1635d,-0.8962,-47.9071,2026-10-03 00:10:00,GOES-19,CURUÇÁ,PARÁ,Brasil,1502905,15,33,,,,Amazônia,34.6
eb96e957-fdd7-378f-b851-886da4f8eaa7,-5.9571,-43.6467,2026-10-03 00:10:00,GOES-19,LAGOA DO MATO,MARANHÃO,Brasil,2105922,21,33,,,,Cerrado,135.7
a1133cc5-1de0-31e1-bc67-9942988e7d38,-0.9147,-47.9069,2026-10-03 00:10:00,GOES-19,CURUÇÁ,PARÁ,Brasil,1502905,15,33,,,,Amazônia,45.1
e215879f-9c12-39ec-859e-917fb6173c17,-4.7434,-43.2679,2026-10-03 00:10:00,GOES-19,CAXIAS,MARANHÃO,Brasil,2103000,21,33,,,,Cerrado,78.0
6b4dab1a-b57e-30dd-b244-2e3ba278aeae,-11.7174,-43.4861,2026-10-03 00:10:00,GOES-19,BARRA,BAHIA,Brasil,2902708,29,33,,,,Cerrado,207.1
cc2890b6-edaa-3373-a311-c6ece1fafa61,-6.8394,-59.2836,2026-10-03 00:10:00,GOES-19,APUÍ,AMAZONAS,Brasil,1300144,13,33,,,,Amazônia,71.1
81a166c5-af25-30b4-bcec-8fe604e132ac,-4.3588,-47.7636,2026-10-03 00:10:00,GOES-19,DOM ELISEU,PARÁ,Brasil,1502939,15,33,,,,Amazônia,50.7
0771136d-6e0d-390a-9dc6-c757ff7a226a,-2.9041,-45.4168,2026-10-03 00:10:00,GOES-19,PEDRO DO ROSÁRIO,MARANHÃO,Brasil,2108256,21,33,,,,Amazônia,145.0
5dc4600e-2bb9-3392-bff2-4cdc61091ce2,-6.8579,-59.2829,2026-10-03 00:10:00,GOES-19,APUÍ,AMAZONAS,Brasil,1300144,13,33,,,,Amazônia,76.2
0dd47036-076a-3756-af93-6ede47f111f0,-6.7401,-44.1371,2026-10-03 00:10:00,GOES-19,NOVA IORQUE,MARANHÃO,Brasil,2107308,21,33,,,,Cerrado,86.7
798c1ae1-3377-3441-9f12-517886096bfd,-11.6977,-43.5128,2026-10-03 00:10:00,GOES-19,BARRA,BAHIA,Brasil,2902708,29,33,,,,Cerrado,155.4
25b2b810-38aa-3fad-895c-6966de19beb7,-5.7378,-45.1307,2026-10-03 00:10:00,GOES-19,BARRA DO CORDA,MARANHÃO,Brasil,2101608,21,33,,,,Cerrado,72.1
653b5c4e-180a-3da7-ba8b-16a72c92bb8b,-2.8856,-45.395,2026-10-03 00:10:00,GOES-19,PEDRO DO ROSÁRIO,MARANHÃO,Brasil,2108256,21,33,,,,Amazônia,164.1
76f1b5d9-f9be-3af7-9773-fe1c49d38f07,-4.3587,-47.7853,2026-10-03 00:10:00,GOES-19,DOM ELISEU,PARÁ,Brasil,1502939,15,33,,,,Amazônia,58.6
32d2fe31-1173-306e-9f3a-cdadfa7cf958,-5.9569,-43.67,2026-10-03 00:10:00,GOES-19,LAGOA DO MATO,MARANHÃO,Brasil,2105922,21,33,,,,Cerrado,85.5
d532a193-6807-30f9-b944-88b9aecdc018,-3.1299,-53.7431,2026-10-03 00:10:00,GOES-19,URUARÁ,PARÁ,Brasil,1508159,15,33,,,,Amazônia,208.9
d2a75b28-0d7f-3004-b815-180d21c8e784,-2.9082,-54.0907,2026-10-03 00:10:00,GOES-19,URUARÁ,PARÁ,Brasil,1508159,15,33,,,,Amazônia,60.0
2ab6f4ec-4671-361a-bf19-a1f2b10e7ffa,-13.5365,-44.1044,2026-10-03 00:10:00,GOES-19,SÃO FÉLIX DO CORIBE,BAHIA,Brasil,2929057,29,33,,,,Cerrado,113.4
1c5e8ebb-780f-358d-b973-4d94d1836dd8,-5.9384,-43.6482,2026-10-03 00:10:00,GOES-19,LAGOA DO MATO,MARANHÃO,Brasil,2105922,21,33,,,,Cerrado,141.3
ed91de19-67eb-3f26-9858-2edf6b6297be,1.7671,-55.6056,2026-10-03 00:10:00,GOES-19,ÓBIDOS,PARÁ,Brasil,1505106,15,33,,,,Amazônia,49.6
e8ca0473-d151-3e36-95aa-9ff9ef5ac5fc,-2.8898,-54.1112,2026-10-03 00:10:00,GOES-19,SANTARÉM,PARÁ,Brasil,1506807,15,33,,,,Amazônia,56.7
054446c8-e65b-35fc-995f-70439354dd3f,1.7854,-55.6054,2026-10-03 00:10:00,GOES-19,ÓBIDOS,PARÁ,Brasil,1505106,15,33,,,,Amazônia,106.4
79933d5e-13b5-3c24-ae82-93c5df382d4c,-2.9266,-54.0903,2026-10-03 00:10:00,GOES-19,URUARÁ,PARÁ,Brasil,1508159,15,33,,,,Amazônia,67.0
249b0708-72c0-3df4-a262-6041ea4693de,-3.2768,-53.8199,2026-10-03 00:10:00,GOES-19,URUARÁ,PARÁ,Brasil,1508159,15,33,,,,Amazônia,94.2
1679d1ee-9e08-3d50-835a-808274116423,-2.8897,-54.1514,2026-10-03 00:10:00,GOES-19,SANTARÉM,PARÁ,Brasil,1506807,15,33,,,,Amazônia,55.6
4a0c5698-72bd-3355-8e1a-5f4baa9c4e9e,-3.1299,-53.7633,2026-10-03 00:10:00,GOES-19,URUARÁ,PARÁ,Brasil,1508159,15,33,,,,Amazônia,77.4
00ca2271-a520-3b6a-a9c9-1fe3c6a40d2c,-8.852,-66.7827,2026-10-03 00:10:00,GOES-19,LÁBREA,AMAZONAS,Brasil,1302405,13,33,,,,Amazônia,61.9
8ba27278-7dca-3543-8a06-593d4b43fbb4,-12.8676,-44.6878,2026-10-03 00:10:00,GOES-19,SÃO DESIDÉRIO,BAHIA,Brasil,2928901,29,33,,,,Cerrado,92.8
468f08bc-6c19-3a93-8cb3-300dc92221e4,-3.1483,-53.7426,2026-10-03 00:10:00,GOES-19,URUARÁ,PARÁ,Brasil,1508159,15,33,,,,Amazônia,74.6
f04f9ba9-71a7-3df9-b2fe-0876535a5167,-5.7355,-43.2916,2026-10-03 00:10:00,GOES-19,PARNARAMA,MARANHÃO,Brasil,2107803,21,33,,,,Cerrado,69.2
d5278a95-1b21-382c-8abe-ffd3bf42bebd,1.8037,-55.5854,2026-10-03 00:10:00,GOES-19,ÓBIDOS,PARÁ,Brasil,1505106,15,33,,,,Amazônia,89.6
f76aa5ce-c163-33a4-bc98-f1c1e3a0f9f7,-11.0067,-59.1381,2026-10-03 00:10:00,GOES-19,JUÍNA,MATO GROSSO,Brasil,5105150,51,33,,,,Amazônia,54.1
3d2777e5-c51d-3c7a-9f36-42e500d53d2d,1.7854,-55.5856,2026-10-03 00:10:00,GOES-19,ÓBIDOS,PARÁ,Brasil,1505106,15,33,,,,Amazônia,94.0
7916210c-42c7-3ad3-900d-163dc1730622,-5.884,-55.4876,2026-10-03 00:10:00,GOES-19,ITAITUBA,PARÁ,Brasil,1503606,15,33,,,,Amazônia,66.3
0fc379c9-bdca-365a-895a-a53d9f886817,-4.4506,-47.9329,2026-10-03 00:10:00,GOES-19,DOM ELISEU,PARÁ,Brasil,1502939,15,33,,,,Amazônia,63.6
7bd5bf18-9bb8-3aaa-a691-c65b7c36f2e4,-11.6981,-43.4891,2026-10-03 00:10:00,GOES-19,BARRA,BAHIA,Brasil,2902708,29,33,,,,Cerrado,146.1
e4f7225f-c718-37ec-ac4c-0f4b461ff9c7,-5.9381,-43.6714,2026-10-03 00:10:00,GOES-19,PASSAGEM FRANCA,MARANHÃO,Brasil,2107902,21,33,,,,Cerrado,91.7
1062f277-2e56-3af4-8c2e-35cab2bef26d,-2.8897,-54.1313,2026-10-03 00:10:00,GOES-19,SANTARÉM,PARÁ,Brasil,1506807,15,33,,,,Amazônia,74.6
12b0b8dc-d3db-3cda-b691-7e51b3546c2e,-8.8704,-66.8007,2026-10-03 00:10:00,GOES-19,LÁBREA,AMAZONAS,Brasil,1302405,13,33,,,,Amazônia,50.1
3a66415b-c7a1-3324-b54a-778f875c2c73,-11.7178,-43.4623,2026-10-03 00:10:00,GOES-19,BARRA,BAHIA,Brasil,2902708,29,33,,,,Cerrado,61.6
a015a95c-aa60-3602-97a3-5b1fa38f2468,-5.7376,-45.1533,2026-10-03 00:10:00,GOES-19,BARRA DO CORDA,MARANHÃO,Brasil,2101608,21,33,,,,Cerrado,99.8
905f85c6-0316-3d42-8e64-a8cee758f963,-11.7182,-43.4386,2026-10-03 00:10:00,GOES-19,BARRA,BAHIA,Brasil,2902708,29,33,,,,Cerrado,78.5
5c62c3a7-bf6a-33fd-8045-4e0eb817e49d,-3.13,-53.7229,2026-10-03 00:10:00,GOES-19,URUARÁ,PARÁ,Brasil,1508159,15,33,,,,Amazônia,113.8
feb454fc-cc30-32d2-ab6e-a73c7eed5640,-6.8578,-59.3022,2026-10-03 00:10:00,GOES-19,APUÍ,AMAZONAS,Brasil,1300144,13,33,,,,Amazônia,66.7
eb229691-a105-343b-bcee-1e629e836e4b,-3.2952,-53.8194,2026-10-03 00:10:00,GOES-19,URUARÁ,PARÁ,Brasil,1508159,15,33,,,,Amazônia,72.8
dc4d9fba-a6b0-33a4-8c89-fe1d6eac9c8f,-3.1655,-54.0844,2026-10-03 00:10:00,GOES-19,URUARÁ,PARÁ,Brasil,1508159,15,33,,,,Amazônia,54.2
6bfffb05-4b49-3575-af43-e322b5862ba4,-8.8519,-66.8012,2026-10-03 00:10:00,GOES-19,LÁBREA,AMAZONAS,Brasil,1302405,13,33,,,,Amazônia,52.4
d548d8ba-8eb0-3fc7-bac2-c8ebf41074a0,-2.9042,-45.3944,2026-10-03 00:10:00,GOES-19,PEDRO DO ROSÁRIO,MARANHÃO,Brasil,2108256,21,33,,,,Amazônia,96.9
e120a229-69a5-352d-a35b-c92a6d4ad0f8,-3.4093,-52.8233,2026-10-03 00:10:00,GOES-19,MEDICILÂNDIA,PARÁ,Brasil,1504455,15,33,,,,Amazônia,128.7
4a172b0a-e82c-3b26-b11e-77e4f3a81bd5,-3.1116,-53.7436,2026-10-03 00:10:00,GOES-19,URUARÁ,PARÁ,Brasil,1508159,15,33,,,,Amazônia,84.6
3005550c-dca7-32a0-beab-943f25041c60,-3.4093,-52.8436,2026-10-03 00:10:00,GOES-19,MEDICILÂNDIA,PARÁ,Brasil,1504455,15,33,,,,Amazônia,112.7
b3e303e6-c14f-3a01-99c5-ea5ee418a71c,-2.9265,-54.1104,2026-10-03 00:10:00,GOES-19,SANTARÉM,PARÁ,Brasil,1506807,15,33,,,,Amazônia,59.7
749dc965-4233-351c-bb88-1c2550a180d8,-8.8705,-66.7822,2026-10-03 00:10:00,GOES-19,LÁBREA,AMAZONAS,Brasil,1302405,13,33,,,,Amazônia,59.7
39c8203a-5d9f-3fe1-bbc1-69a359f2a136,-2.88,-45.42,2026-10-03 00:15:00,MSG-03,PEDRO DO ROSÁRIO,MARANHÃO,Brasil,2108256,21,33,,,,Amazônia,
b75f915f-214a-3eb2-b225-754880a9ccd8,-2.9,-45.42,2026-10-03 00:15:00,MSG-03,PEDRO DO ROSÁRIO,MARANHÃO,Brasil,2108256,21,33,,,,Amazônia,
434f8b02-2454-37ee-ab8f-c7b5da628a66,-11.47,-43.4,2026-10-03 00:15:00,MSG-03,BARRA,BAHIA,Brasil,2902708,29,33,,,,Cerrado,
8beafea7-c46a-3860-96a3-fc252c92fe74,-3.1839,-54.0839,2026-10-03 00:20:00,GOES-19,URUARÁ,PARÁ,Brasil,1508159,15,33,,,,Amazônia,59.3
2087bcad-e405-3bb1-b585-b0969d16a43d,1.7854,-55.6054,2026-10-03 00:20:00,GOES-19,ÓBIDOS,PARÁ,Brasil,1505106,15,33,,,,Amazônia,107.2
5317b2e3-e95e-359c-9730-f40295451774,1.8037,-55.5854,2026-10-03 00:20:00,GOES-19,ÓBIDOS,PARÁ,Brasil,1505106,15,33,,,,Amazônia,83.2
c2a1a4fc-5cb6-30c3-8a68-f42f370708e3,-1.2107,-47.7735,2026-10-03 00:20:00,GOES-19,SÃO FRANCISCO DO PARÁ,PARÁ,Brasil,1507409,15,33,,,,Amazônia,40.1
58acc5bd-0315-36cf-94c5-87e43f1bd02f,-2.8855,-45.4175,2026-10-03 00:20:00,GOES-19,PEDRO DO ROSÁRIO,MARANHÃO,Brasil,2108256,21,33,,,,Amazônia,159.3
38b20a06-306f-37e8-a738-854e4d8caf49,-5.7376,-45.1533,2026-10-03 00:20:00,GOES-19,BARRA DO CORDA,MARANHÃO,Brasil,2101608,21,33,,,,Cerrado,102.6
83e1d649-d873-3e4d-abe3-210b70030b48,-11.6981,-43.4891,2026-10-03 00:20:00,GOES-19,BARRA,BAHIA,Brasil,2902708,29,33,,,,Cerrado,80.4
e204902a-6315-3244-b879-e9c464fd04ff,-5.7355,-43.2916,2026-10-03 00:20:00,GOES-19,PARNARAMA,MARANHÃO,Brasil,2107803,21,33,,,,Cerrado,62.9
fe7cdc31-cc73-3b98-9b7d-10a28474fea1,-11.793,-43.5452,2026-10-03 00:20:00,GOES-19,BARRA,BAHIA,Brasil,2902708,29,33,,,,Cerrado,118.9
bcf6c240-c73f-3dee-90b4-5ea8b88cd897,-2.8897,-54.1514,2026-10-03 00:20:00,GOES-19,SANTARÉM,PARÁ,Brasil,1506807,15,33,,,,Amazônia,51.5
3cff4d2d-7012-32a4-a3ca-4bf22d1cf473,-5.7563,-45.152,2026-10-03 00:20:00,GOES-19,BARRA DO CORDA,MARANHÃO,Brasil,2101608,21,33,,,,Cerrado,81.8
6c221be4-3e69-3824-8de8-b88189958f75,-11.7567,-43.4325,2026-10-03 00:20:00,GOES-19,BARRA,BAHIA,Brasil,2902708,29,33,,,,Cerrado,102.3
f71d45e3-5a34-30d0-a180-75a1fa4d7630,1.8038,-55.5656,2026-10-03 00:20:00,GOES-19,ÓBIDOS,PARÁ,Brasil,1505106,15,33,,,,Amazônia,102.1
8947a463-06fb-3fde-8668-c127823a3a9d,-2.8897,-54.1313,2026-10-03 00:20:00,GOES-19,SANTARÉM,PARÁ,Brasil,1506807,15,33,,,,Amazônia,62.8
65ef1925-4ca9-36c2-8391-c3c8625b13c6,-10.9879,-59.1393,2026-10-03 00:20:00,GOES-19,JUÍNA,MATO GROSSO,Brasil,5105150,51,33,,,,Amazônia,138.3
a7f2d873-c005-39a2-bc95-7d8e4cd3d33b,-11.8123,-43.5422,2026-10-03 00:20:00,GOES-19,BARRA,BAHIA,Brasil,2902708,29,33,,,,Cerrado,69.6
8d5c946f-46d0-33b6-bddd-baf21e77f65a,-6.2091,-60.0187,2026-10-03 00:20:00,GOES-19,NOVO ARIPUANÃ,AMAZONAS,Brasil,1303304,13,33,,,,Amazônia,50.4
d58d5707-7d5c-3498-8aaa-225d00de51e0,-3.2767,-53.84,2026-10-03 00:20:00,GOES-19,URUARÁ,PARÁ,Brasil,1508159,15,33,,,,Amazônia,62.3
1753bbba-0083-3d2a-bc2b-7a3d257c41be,-10.9881,-59.1197,2026-10-03 00:20:00,GOES-19,JUÍNA,MATO GROSSO,Brasil,5105150,51,33,,,,Amazônia,80.4
bb7ca99b-49e8-3602-8462-9c1322a5456a,-5.9569,-43.67,2026-10-03 00:20:00,GOES-19,LAGOA DO MATO,MARANHÃO,Brasil,2105922,21,33,,,,Cerrado,86.2
d3ecfae3-5497-30a1-9431-47af16986673,-4.3587,-47.7853,2026-10-03 00:20:00,GOES-19,DOM ELISEU,PARÁ,Brasil,1502939,15,33,,,,Amazônia,64.2
3f896f2c-0a13-368b-951b-0a8c6112dd35,-3.1483,-53.7426,2026-10-03 00:20:00,GOES-19,URUARÁ,PARÁ,Brasil,1508159,15,33,,,,Amazônia,71.0
4749d95f-6d69-36b5-a8f7-8cff7a01004c,-3.4093,-52.8436,2026-10-03 00:20:00,GOES-19,MEDICILÂNDIA,PARÁ,Brasil,1504455,15,33,,,,Amazônia,102.0
2d86f57c-252b-3cad-8152-09e2b7066eaa,-6.7401,-44.1371,2026-10-03 00:20:00,GOES-19,NOVA IORQUE,MARANHÃO,Brasil,2107308,21,33,,,,Cerrado,89.6
7d01ebd4-5e85-3663-8e5b-a0b69f71a94b,-12.8676,-44.6878,2026-10-03 00:20:00,GOES-19,SÃO DESIDÉRIO,BAHIA,Brasil,2928901,29,33,,,,Cerrado,97.5
53beb080-15c9-3905-b2dc-bec16318c454,-3.2768,-53.8199,2026-10-03 00:20:00,GOES-19,URUARÁ,PARÁ,Brasil,1508159,15,33,,,,Amazônia,56.3
d2a93590-b527-3e89-9228-d53598f0a3a2,-6.8395,-59.2643,2026-10-03 00:20:00,GOES-19,APUÍ,AMAZONAS,Brasil,1300144,13,33,,,,Amazônia,60.4
e65be943-724c-3aba-ad1b-b0a934dbf948,-3.2951,-53.8395,2026-10-03 00:20:00,GOES-19,URUARÁ,PARÁ,Brasil,1508159,15,33,,,,Amazônia,54.1
02cdca2e-f83d-3110-974c-c2a3582b80ce,1.7854,-55.5856,2026-10-03 00:20:00,GOES-19,ÓBIDOS,PARÁ,Brasil,1505106,15,33,,,,Amazônia,98.4
442189fe-6792-356c-954a-712fbacfa142,-8.8705,-66.7822,2026-10-03 00:20:00,GOES-19,LÁBREA,AMAZONAS,Brasil,1302405,13,33,,,,Amazônia,58.2
008b7332-79ab-3809-b5b7-7eb16bf55b48,-11.7379,-43.4118,2026-10-03 00:20:00,GOES-19,BARRA,BAHIA,Brasil,2902708,29,33,,,,Cerrado,70.9
92f2a24a-0acf-3a07-8cf9-08992ebc636c,-0.9147,-47.9069,2026-10-03 00:20:00,GOES-19,CURUÇÁ,PARÁ,Brasil,1502905,15,33,,,,Amazônia,26.4
0b58c70c-e4c6-3bc1-a9bd-81cea672a15b,-3.13,-53.7229,2026-10-03 00:20:00,GOES-19,URUARÁ,PARÁ,Brasil,1508159,15,33,,,,Amazônia,123.2
194e91f9-62a5-37f8-acd6-b1f441ea5deb,-3.4093,-52.8233,2026-10-03 00:20:00,GOES-19,MEDICILÂNDIA,PARÁ,Brasil,1504455,15,33,,,,Amazônia,96.0
06bb49e5-c0b4-3df1-85a0-72cce2c2de9c,-5.9381,-43.6714,2026-10-03 00:20:00,GOES-19,PASSAGEM FRANCA,MARANHÃO,Brasil,2107902,21,33,,,,Cerrado,70.6
0e80120d-f1d7-3eac-9806-13c20664fb8f,-2.9041,-45.4168,2026-10-03 00:20:00,GOES-19,PEDRO DO ROSÁRIO,MARANHÃO,Brasil,2108256,21,33,,,,Amazônia,143.8
abcf47aa-4e4f-31ba-be03-ac1ae2706858,-11.7375,-43.4356,2026-10-03 00:20:00,GOES-19,BARRA,BAHIA,Brasil,2902708,29,33,,,,Cerrado,108.0
aa02cc62-dc2d-369c-ad25-8151f48eca6f,-2.8856,-45.395,2026-10-03 00:20:00,GOES-19,PEDRO DO ROSÁRIO,MARANHÃO,Brasil,2108256,21,33,,,,Amazônia,151.9
d0791a46-9cb2-3dfd-8482-e29a194b97e0,-4.3588,-47.7636,2026-10-03 00:20:00,GOES-19,DOM ELISEU,PARÁ,Brasil,1502939,15,33,,,,Amazônia,58.3
a1893026-eed9-380e-b2f0-487b655f1eeb,-5.6134,-44.3876,2026-10-03 00:20:00,GOES-19,SÃO DOMINGOS DO MARANHÃO,MARANHÃO,Brasil,2110708,21,33,,,,Cerrado,73.2
95648852-f244-36f0-868b-adb558f9d908,-11.0067,-59.1381,2026-10-03 00:20:00,GOES-19,JUÍNA,MATO GROSSO,Brasil,5105150,51,33,,,,Amazônia,71.3
a7339308-8c2e-3b7f-be99-d4194dd51113,-5.9571,-43.6467,2026-10-03 00:20:00,GOES-19,LAGOA DO MATO,MARANHÃO,Brasil,2105922,21,33,,,,Cerrado,159.1
0ce61932-4d48-3138-b6bd-03b2f4d7398a,-3.1299,-53.7633,2026-10-03 00:20:00,GOES-19,URUARÁ,PARÁ,Brasil,1508159,15,33,,,,Amazônia,79.0
32af6e8f-31ad-3f8d-bfcf-be08729109a0,-11.7169,-43.5098,2026-10-03 00:20:00,GOES-19,BARRA,BAHIA,Brasil,2902708,29,33,,,,Cerrado,138.2
e36e91ff-b929-3482-b11d-874e56535cbc,-3.2952,-53.8194,2026-10-03 00:20:00,GOES-19,URUARÁ,PARÁ,Brasil,1508159,15,33,,,,Amazônia,47.4
40ea75f9-67f3-33c3-9a65-3b238a269071,-4.7434,-43.2679,2026-10-03 00:20:00,GOES-19,CAXIAS,MARANHÃO,Brasil,2103000,21,33,,,,Cerrado,66.8
74e93a2e-937a-3fd9-a6dd-f19ef1e18e82,-2.9082,-54.0907,2026-10-03 00:20:00,GOES-19,URUARÁ,PARÁ,Brasil,1508159,15,33,,,,Amazônia,54.5
329f88e6-40fd-3823-a9a3-cb75117ef5e9,-2.8898,-54.1112,2026-10-03 00:20:00,GOES-19,SANTARÉM,PARÁ,Brasil,1506807,15,33,,,,Amazônia,53.6
97c94474-b1ec-3b1d-b370-e1be7a279be5,-5.9384,-43.6482,2026-10-03 00:20:00,GOES-19,LAGOA DO MATO,MARANHÃO,Brasil,2105922,21,33,,,,Cerrado,120.4
14eed4e6-7d02-3113-a819-06ec57226b84,-11.7187,-43.4148,2026-10-03 00:20:00,GOES-19,BARRA,BAHIA,Brasil,2902708,29,33,,,,Cerrado,94.5
2b0c0a07-0779-317a-92d0-23e58d7b3aee,-6.8394,-59.2836,2026-10-03 00:20:00,GOES-19,APUÍ,AMAZONAS,Brasil,1300144,13,33,,,,Amazônia,62.9
a527d3c5-c776-3c90-9d6d-4206d791fb33,-9.6923,-57.456,2026-10-03 00:20:00,GOES-19,APIACÁS,MATO GROSSO,Brasil,5100805,51,33,,,,Amazônia,65.0
0c3dbf68-e7de-3d33-93d8-fd814f567573,-11.7174,-43.4861,2026-10-03 00:20:00,GOES-19,BARRA,BAHIA,Brasil,2902708,29,33,,,,Cerrado,102.4
89a32ca4-c038-363e-bccb-3cee810bab81,-11.7935,-43.5215,2026-10-03 00:20:00,GOES-19,BARRA,BAHIA,Brasil,2902708,29,33,,,,Cerrado,94.5
44288bdc-6783-32e9-a6f0-78e7a15d0484,-2.9265,-54.1104,2026-10-03 00:20:00,GOES-19,SANTARÉM,PARÁ,Brasil,1506807,15,33,,,,Amazônia,56.4
544136b3-500c-317e-b6cb-63ee323af262,1.7671,-55.6056,2026-10-03 00:20:00,GOES-19,ÓBIDOS,PARÁ,Brasil,1505106,15,33,,,,Amazônia,57.2
0bb4d7b1-a5f1-3189-bf6a-e33c02565133,-11.6977,-43.5128,2026-10-03 00:20:00,GOES-19,BARRA,BAHIA,Brasil,2902708,29,33,,,,Cerrado,126.3
8ead6ab2-62fe-3e4d-bb34-e324d36e1d46,-3.1655,-54.0844,2026-10-03 00:20:00,GOES-19,URUARÁ,PARÁ,Brasil,1508159,15,33,,,,Amazônia,53.4
837d4d73-b1e1-399d-893d-603b28a18303,-2.9042,-45.3944,2026-10-03 00:20:00,GOES-19,PEDRO DO ROSÁRIO,MARANHÃO,Brasil,2108256,21,33,,,,Amazônia,135.7
56a79dbf-c015-303a-b513-25fe8de7395f,-3.1838,-54.104,2026-10-03 00:20:00,GOES-19,URUARÁ,PARÁ,Brasil,1508159,15,33,,,,Amazônia,48.9
dae27d59-0b71-38ef-aeb0-855a674c93d9,-5.7357,-43.2682,2026-10-03 00:20:00,GOES-19,PARNARAMA,MARANHÃO,Brasil,2107803,21,33,,,,Cerrado,54.7
7df627a1-58bc-3c65-a849-7642f58e9a09,-13.5365,-44.1044,2026-10-03 00:20:00,GOES-19,SÃO FÉLIX DO CORIBE,BAHIA,Brasil,2929057,29,33,,,,Cerrado,93.4
de1b9281-6a78-3c37-b48d-47cd67d079e8,-11.6391,-43.5692,2026-10-03 00:20:00,GOES-19,BARRA,BAHIA,Brasil,2902708,29,33,,,,Cerrado,128.4
2322d4aa-13fb-376b-82dd-d4318a29b46c,-3.1116,-53.7436,2026-10-03 00:20:00,GOES-19,URUARÁ,PARÁ,Brasil,1508159,15,33,,,,Amazônia,79.9
c8566f92-19d4-3bea-a18b-43fe29a46d69,-3.1299,-53.7431,2026-10-03 00:20:00,GOES-19,URUARÁ,PARÁ,Brasil,1508159,15,33,,,,Amazônia,227.4
430e5251-fa45-3033-8f67-69816f9c4ccb,-11.8127,-43.5184,2026-10-03 00:20:00,GOES-19,BARRA,BAHIA,Brasil,2902708,29,33,,,,Cerrado,65.8
c42b6904-5b66-36c9-8975-55cc32d5dfaa,-2.9266,-54.0903,2026-10-03 00:20:00,GOES-19,URUARÁ,PARÁ,Brasil,1508159,15,33,,,,Amazônia,69.5
b4af5155-1db7-382b-a0a2-f560ec7ab788,-3.1116,-53.7234,2026-10-03 00:30:00,GOES-19,URUARÁ,PARÁ,Brasil,1508159,15,33,,,,Amazônia,58.8
0c592e70-4313-3c02-b8db-281ab6dfee44,-3.1839,-54.0839,2026-10-03 00:30:00,GOES-19,URUARÁ,PARÁ,Brasil,1508159,15,33,,,,Amazônia,42.0
9eec17bc-fccd-3119-b019-6a802d28d686,-11.4123,-43.3913,2026-10-03 00:30:00,GOES-19,BARRA,BAHIA,Brasil,2902708,29,33,,,,Cerrado,105.4
46ac2ab1-c069-39af-9086-c6d6f47ca25a,-2.9266,-54.0903,2026-10-03 00:30:00,GOES-19,URUARÁ,PARÁ,Brasil,1508159,15,33,,,,Amazônia,59.4
abfd1ea9-f347-3331-b753-f653def80e4e,-3.1483,-53.7426,2026-10-03 00:30:00,GOES-19,URUARÁ,PARÁ,Brasil,1508159,15,33,,,,Amazônia,65.5
201f8519-984a-3c9c-a058-cdd03b26ec2a,-2.8897,-54.1313,2026-10-03 00:30:00,GOES-19,SANTARÉM,PARÁ,Brasil,1506807,15,33,,,,Amazônia,57.1
13caa955-80ec-377a-a811-ae1a488c78ff,-3.13,-53.7229,2026-10-03 00:30:00,GOES-19,URUARÁ,PARÁ,Brasil,1508159,15,33,,,,Amazônia,118.5
df4232a7-62a7-390b-bdc3-4fcab42a25fb,-2.8856,-45.395,2026-10-03 00:30:00,GOES-19,PEDRO DO ROSÁRIO,MARANHÃO,Brasil,2108256,21,33,,,,Amazônia,134.2
32598433-a0d1-35f1-8900-c88f991eec41,-1.2107,-47.7735,2026-10-03 00:30:00,GOES-19,SÃO FRANCISCO DO PARÁ,PARÁ,Brasil,1507409,15,33,,,,Amazônia,58.2
7d350dd2-0077-3a88-92d4-6724fe456705,-3.2767,-53.84,2026-10-03 00:30:00,GOES-19,URUARÁ,PARÁ,Brasil,1508159,15,33,,,,Amazônia,56.5
485e70eb-6b9f-3a61-bd31-433c36b6408f,-3.1116,-53.7436,2026-10-03 00:30:00,GOES-19,URUARÁ,PARÁ,Brasil,1508159,15,33,,,,Amazônia,91.6
ba8ed9fc-feec-3ab7-8710-8ee25851349c,-11.7174,-43.4861,2026-10-03 00:30:00,GOES-19,BARRA,BAHIA,Brasil,2902708,29,33,,,,Cerrado,219.6
6b1f0a5d-4732-3dda-b9f2-19b210e935f8,-1.1922,-47.7738,2026-10-03 00:30:00,GOES-19,SÃO FRANCISCO DO PARÁ,PARÁ,Brasil,1507409,15,33,,,,Amazônia,37.1
da73f6e2-7c62-3aa0-87a9-b53c8638a537,-5.7378,-45.1307,2026-10-03 00:30:00,GOES-19,BARRA DO CORDA,MARANHÃO,Brasil,2101608,21,33,,,,Cerrado,78.0
ec716025-ed34-3506-a2f0-3a074782f304,-2.9042,-45.3944,2026-10-03 00:30:00,GOES-19,PEDRO DO ROSÁRIO,MARANHÃO,Brasil,2108256,21,33,,,,Amazônia,70.3
a93b1882-1552-3cdc-ba49-f7b5ff466be8,-3.1655,-54.0844,2026-10-03 00:30:00,GOES-19,URUARÁ,PARÁ,Brasil,1508159,15,33,,,,Amazônia,42.0
8cdcf73e-276c-3407-9bed-97751f61ea1d,-3.1299,-53.7633,2026-10-03 00:30:00,GOES-19,URUARÁ,PARÁ,Brasil,1508159,15,33,,,,Amazônia,68.9
fa36f75d-9578-36e7-af56-95f3d3e7e56a,-5.9569,-43.67,2026-10-03 00:30:00,GOES-19,LAGOA DO MATO,MARANHÃO,Brasil,2105922,21,33,,,,Cerrado,74.5
a5273a2c-4d1a-36b9-8ecb-b81a1f29ae3c,-5.7355,-43.2916,2026-10-03 00:30:00,GOES-19,PARNARAMA,MARANHÃO,Brasil,2107803,21,33,,,,Cerrado,48.5
578d7773-c8d9-3015-b4e3-8c91f8e91e5d,-6.7401,-44.1371,2026-10-03 00:30:00,GOES-19,NOVA IORQUE,MARANHÃO,Brasil,2107308,21,33,,,,Cerrado,80.3
b08316dc-2836-357f-9c44-118033584212,-11.6981,-43.4891,2026-10-03 00:30:00,GOES-19,BARRA,BAHIA,Brasil,2902708,29,33,,,,Cerrado,112.1
0a899ffe-91ee-35b3-8cdd-adfdef82dfe1,-11.8127,-43.5184,2026-10-03 00:30:00,GOES-19,BARRA,BAHIA,Brasil,2902708,29,33,,,,Cerrado,97.7
3bdea9f5-ba37-389c-841e-883ef5ef0d82,-10.9879,-59.1393,2026-10-03 00:30:00,GOES-19,JUÍNA,MATO GROSSO,Brasil,5105150,51,33,,,,Amazônia,137.1
50b8be5f-5be5-31f0-877a-447760b203a8,-3.1299,-53.7431,2026-10-03 00:30:00,GOES-19,URUARÁ,PARÁ,Brasil,1508159,15,33,,,,Amazônia,196.5
3d824e47-21cc-38a8-955b-c62032970701,-11.7935,-43.5215,2026-10-03 00:30:00,GOES-19,BARRA,BAHIA,Brasil,2902708,29,33,,,,Cerrado,143.4
bf97b06b-8eb7-38e0-99d3-3718f040e80c,-6.1295,-47.3323,2026-10-03 00:30:00,GOES-19,CAMPESTRE DO MARANHÃO,MARANHÃO,Brasil,2102556,21,33,,,,Cerrado,75.7
2dedccf7-f341-3531-8a16-314589b5c0f5,-11.0067,-59.1381,2026-10-03 00:30:00,GOES-19,JUÍNA,MATO GROSSO,Brasil,5105150,51,33,,,,Amazônia,63.4
f65f9957-11a2-3ede-a5e2-44e1603a1a7b,-11.793,-43.5452,2026-10-03 00:30:00,GOES-19,BARRA,BAHIA,Brasil,2902708,29,33,,,,Cerrado,212.3
fb042340-0694-3c0f-a9cb-34f11d78fd87,-4.5706,-46.5907,2026-10-03 00:30:00,GOES-19,BOM JESUS DAS SELVAS,MARANHÃO,Brasil,2102036,21,33,,,,Amazônia,47.5
adb419ae-4f44-3952-91c5-57775cb8ca24,-3.2768,-53.8199,2026-10-03 00:30:00,GOES-19,URUARÁ,PARÁ,Brasil,1508159,15,33,,,,Amazônia,52.1
1711dee1-897d-3517-a020-d92e1290c955,-11.6391,-43.5692,2026-10-03 00:30:00,GOES-19,BARRA,BAHIA,Brasil,2902708,29,33,,,,Cerrado,105.3
e85db488-2362-383e-84ad-a560637ee3bc,-11.7187,-43.4148,2026-10-03 00:30:00,GOES-19,BARRA,BAHIA,Brasil,2902708,29,33,,,,Cerrado,90.6
134337ab-73f1-3a63-b461-03072017aa98,-9.711,-57.4548,2026-10-03 00:30:00,GOES-19,APIACÁS,MATO GROSSO,Brasil,5100805,51,33,,,,Amazônia,56.6
2daca988-f615-3117-ba7a-aa6e18f4fa47,-3.4093,-52.8436,2026-10-03 00:30:00,GOES-19,MEDICILÂNDIA,PARÁ,Brasil,1504455,15,33,,,,Amazônia,72.8
1835fd7b-98c0-38b5-b7a0-2680477a0064,-5.9571,-43.6467,2026-10-03 00:30:00,GOES-19,LAGOA DO MATO,MARANHÃO,Brasil,2105922,21,33,,,,Cerrado,123.2
285d6dac-28e7-3409-b282-da7ce8d5b098,-11.4695,-43.4062,2026-10-03 00:30:00,GOES-19,BARRA,BAHIA,Brasil,2902708,29,33,,,,Cerrado,138.9
f0cf1159-d546-3839-a424-5486d92e4ec9,-5.9381,-43.6714,2026-10-03 00:30:00,GOES-19,PASSAGEM FRANCA,MARANHÃO,Brasil,2107902,21,33,,,,Cerrado,83.3
ae4eee80-9a12-3836-a9ef-ad28f3d0d747,-13.5365,-44.1044,2026-10-03 00:30:00,GOES-19,SÃO FÉLIX DO CORIBE,BAHIA,Brasil,2929057,29,33,,,,Cerrado,104.8
1dc6b2f9-1d37-3fb1-9fb6-41428d3e6f46,-5.7376,-45.1533,2026-10-03 00:30:00,GOES-19,BARRA DO CORDA,MARANHÃO,Brasil,2101608,21,33,,,,Cerrado,111.1
7b57c74f-df7f-3580-af8a-88e50163861b,-10.9881,-59.1197,2026-10-03 00:30:00,GOES-19,JUÍNA,MATO GROSSO,Brasil,5105150,51,33,,,,Amazônia,77.5
4d1dcaca-7001-33c9-80ae-8cc62baa52b7,-2.9082,-54.0907,2026-10-03 00:30:00,GOES-19,URUARÁ,PARÁ,Brasil,1508159,15,33,,,,Amazônia,52.7
bb4b5881-f2a3-3db2-a002-63ff8fbb3853,-2.9041,-45.4168,2026-10-03 00:30:00,GOES-19,PEDRO DO ROSÁRIO,MARANHÃO,Brasil,2108256,21,33,,,,Amazônia,83.7
f167141f-972d-30d9-9d78-d4eb21628aa3,-11.6977,-43.5128,2026-10-03 00:30:00,GOES-19,BARRA,BAHIA,Brasil,2902708,29,33,,,,Cerrado,121.4
e2b5330e-8b52-3574-9f0d-96ff29fc273c,-5.9384,-43.6482,2026-10-03 00:30:00,GOES-19,LAGOA DO MATO,MARANHÃO,Brasil,2105922,21,33,,,,Cerrado,134.7
67e9902b-f38b-39e4-b889-ea035eb98188,-2.8898,-54.1112,2026-10-03 00:30:00,GOES-19,SANTARÉM,PARÁ,Brasil,1506807,15,33,,,,Amazônia,50.2
1f635a12-2eac-3086-9eb2-1892429b6385,-2.9265,-54.1104,2026-10-03 00:30:00,GOES-19,SANTARÉM,PARÁ,Brasil,1506807,15,33,,,,Amazônia,48.9
852fbafa-3e5b-3444-a81d-0a97a75375f3,-6.9297,-49.6112,2026-10-03 00:30:00,GOES-19,SAPUCAIA,PARÁ,Brasil,1507755,15,33,,,,Amazônia,61.3
4c4a5abd-2fd6-3a6d-b374-6d14828ffaae,-3.4093,-52.8233,2026-10-03 00:30:00,GOES-19,MEDICILÂNDIA,PARÁ,Brasil,1504455,15,33,,,,Amazônia,77.3
698f9fa9-a564-3e2e-8530-607109b74115,-3.2212,-53.9422,2026-10-03 00:30:00,GOES-19,URUARÁ,PARÁ,Brasil,1508159,15,33,,,,Amazônia,42.9
61e88d79-c0df-37b3-b9ca-6eefaae585ed,-4.4507,-47.9112,2026-10-03 00:30:00,GOES-19,DOM ELISEU,PARÁ,Brasil,1502939,15,33,,,,Amazônia,55.9
e77b7399-be2a-3fe4-9ead-61eedcf8a5d3,-11.4887,-43.4032,2026-10-03 00:30:00,GOES-19,BARRA,BAHIA,Brasil,2902708,29,33,,,,Cerrado,129.8
0ff82dd0-48bd-33db-b1e5-1d414106b9a2,-2.8855,-45.4175,2026-10-03 00:30:00,GOES-19,PEDRO DO ROSÁRIO,MARANHÃO,Brasil,2108256,21,33,,,,Amazônia,159.6
a7ff0439-95d3-30db-9944-e7892717f2f8,-4.7434,-43.2679,2026-10-03 00:30:00,GOES-19,CAXIAS,MARANHÃO,Brasil,2103000,21,33,,,,Cerrado,78.3
03893fe5-f330-31e0-b0ae-eee91dea6a1f,-11.4315,-43.3884,2026-10-03 00:30:00,GOES-19,BARRA,BAHIA,Brasil,2902708,29,33,,,,Cerrado,141.6
9e8ad640-c3f6-35ef-b1bf-57012945b468,-12.8676,-44.6878,2026-10-03 00:30:00,GOES-19,SÃO DESIDÉRIO,BAHIA,Brasil,2928901,29,33,,,,Cerrado,143.8
7f5094db-b67f-3496-a38a-1d1c1590943b,-11.8123,-43.5422,2026-10-03 00:30:00,GOES-19,BARRA,BAHIA,Brasil,2902708,29,33,,,,Cerrado,152.6
cc902931-c0db-3981-909a-7823ae768f5d,-2.8897,-54.1514,2026-10-03 00:30:00,GOES-19,SANTARÉM,PARÁ,Brasil,1506807,15,33,,,,Amazônia,46.8
28362875-73a4-34e4-b85f-b38bfc2aa11f,-12.8681,-44.6644,2026-10-03 00:30:00,GOES-19,SÃO DESIDÉRIO,BAHIA,Brasil,2928901,29,33,,,,Cerrado,82.1
6fbcc058-4370-3af5-b3b7-8a8126e41df3,-4.4506,-47.9329,2026-10-03 00:30:00,GOES-19,DOM ELISEU,PARÁ,Brasil,1502939,15,33,,,,Amazônia,73.4
9c816e23-ac9a-3f96-87ad-16082b4c9436,-8.852,-66.7827,2026-10-03 00:30:00,GOES-19,LÁBREA,AMAZONAS,Brasil,1302405,13,33,,,,Amazônia,48.5
fc449e93-24ed-39d5-9a30-a54ca1edc764,-6.9295,-49.6325,2026-10-03 00:30:00,GOES-19,SAPUCAIA,PARÁ,Brasil,1507755,15,33,,,,Amazônia,67.8
5323a495-ce21-3408-9018-1f6e2e9f2f8d,-5.6134,-44.3876,2026-10-03 00:30:00,GOES-19,SÃO DOMINGOS DO MARANHÃO,MARANHÃO,Brasil,2110708,21,33,,,,Cerrado,70.5
4ea26252-366a-363d-afe6-1739fc7dc1cc,-11.8118,-43.5659,2026-10-03 00:30:00,GOES-19,BARRA,BAHIA,Brasil,2902708,29,33,,,,Cerrado,85.4
42c213a2-c16b-3baf-8010-cec51b9f0a95,-3.2951,-53.8395,2026-10-03 00:30:00,GOES-19,URUARÁ,PARÁ,Brasil,1508159,15,33,,,,Amazônia,48.7
9858a521-dcd1-3cb1-b71a-986dbaa421a6,-4.3588,-47.7636,2026-10-03 00:30:00,GOES-19,DOM ELISEU,PARÁ,Brasil,1502939,15,33,,,,Amazônia,76.5
84390802-6a0a-3090-adac-a4f18ccfcfba,-4.3587,-47.7853,2026-10-03 00:30:00,GOES-19,DOM ELISEU,PARÁ,Brasil,1502939,15,33,,,,Amazônia,76.4
d73f108c-1c10-3e07-86b8-676edb58d38f,-11.7169,-43.5098,2026-10-03 00:30:00,GOES-19,BARRA,BAHIA,Brasil,2902708,29,33,,,,Cerrado,158.0
7b1e7da1-916d-3110-9c20-8f2508aa3b48,-5.6136,-44.3647,2026-10-03 00:30:00,GOES-19,SÃO DOMINGOS DO MARANHÃO,MARANHÃO,Brasil,2110708,21,33,,,,Cerrado,61.5
11036efc-7a74-3ccc-b032-99f732af0ba7,-1.1045,-54.1339,2026-10-03 00:30:00,METOP-B,MONTE ALEGRE,PARÁ,Brasil,1504802,15,33,,,,Amazônia,
733e3d02-4cea-37a3-bc12-8c3a007bb794,-10.9951,-59.123501,2026-10-03 00:30:00,METOP-B,JUÍNA,MATO GROSSO,Brasil,5105150,51,33,,,,Amazônia,
e19cd078-d512-3c52-8d42-38ca58175a5c,-11.4671,-43.380798,2026-10-03 00:30:00,METOP-B,BARRA,BAHIA,Brasil,2902708,29,33,,,,Cerrado,
1c6be807-881e-3af8-aa5b-76fb49853e10,-2.5426,-57.394001,2026-10-03 00:30:00,METOP-B,URUCURITUBA,AMAZONAS,Brasil,1304401,13,33,,,,Amazônia,
6911c3fd-0a26-35d6-8742-1a1ef3b06aee,-2.894,-54.116402,2026-10-03 00:30:00,METOP-B,SANTARÉM,PARÁ,Brasil,1506807,15,33,,,,Amazônia,
154d80a4-732d-361b-9210-6095ab09a8fe,-1.272,-54.554401,2026-10-03 00:30:00,METOP-B,MONTE ALEGRE,PARÁ,Brasil,1504802,15,33,,,,Amazônia,
2b849047-f715-34a8-9c11-1d6ff6091ee1,-11.4574,-43.3834,2026-10-03 00:30:00,METOP-B,BARRA,BAHIA,Brasil,2902708,29,33,,,,Cerrado,
9716f9d6-e058-3b18-b7d8-8895928b5a23,1.7897,-55.598499,2026-10-03 00:30:00,METOP-B,ÓBIDOS,PARÁ,Brasil,1505106,15,33,,,,Amazônia,
3bbe1703-ee85-3282-87c6-45d4b55893b0,-10.9929,-59.112598,2026-10-03 00:30:00,METOP-B,JUÍNA,MATO GROSSO,Brasil,5105150,51,33,,,,Amazônia,
88da03e2-ba00-3e90-a7b0-217d06150b2d,-11.419,-43.394001,2026-10-03 00:30:00,METOP-B,BARRA,BAHIA,Brasil,2902708,29,33,,,,Cerrado,
f29113e5-d0bc-32c1-a831-d4e3c70ec919,-2.4597,-56.0662,2026-10-03 00:30:00,METOP-B,JURUTI,PARÁ,Brasil,1503903,15,33,,,,Amazônia,
d2972d54-d80d-3f3d-a593-a2bc8f2006b0,-2.8842,-54.118599,2026-10-03 00:30:00,METOP-B,SANTARÉM,PARÁ,Brasil,1506807,15,33,,,,Amazônia,
873faef4-606e-3229-bd5c-104c49abbc25,-4.7902,-55.7061,2026-10-03 00:30:00,METOP-B,TRAIRÃO,PARÁ,Brasil,1508050,15,33,,,,Amazônia,
056a043d-355a-3673-b36a-fd6fe9768600,-2.4855,-56.089001,2026-10-03 00:30:00,METOP-B,JURUTI,PARÁ,Brasil,1503903,15,33,,,,Amazônia,
17946e46-6d84-3754-9ce1-baa535287b67,-3.1268,-53.735199,2026-10-03 00:30:00,METOP-B,URUARÁ,PARÁ,Brasil,1508159,15,33,,,,Amazônia,
cbe4967f-ceb1-3c1b-8450-7ace9e67d3cc,-5.7337,-45.053299,2026-10-03 00:30:00,METOP-B,BARRA DO CORDA,MARANHÃO,Brasil,2101608,21,33,,,,Cerrado,
28eee9cc-dcaf-33e7-a12f-dc10b3d4fa8d,1.9059,-55.814602,2026-10-03 00:30:00,METOP-B,ÓBIDOS,PARÁ,Brasil,1505106,15,33,,,,Amazônia,
e91efa5c-a251-3b66-8fe6-bc285b45e85d,-10.9854,-59.1255,2026-10-03 00:30:00,METOP-B,JUÍNA,MATO GROSSO,Brasil,5105150,51,33,,,,Amazônia,
37d3bdeb-9b46-308f-b6b9-6b60b2a9eeaf,-2.9678,-53.2649,2026-10-03 00:30:00,METOP-B,MEDICILÂNDIA,PARÁ,Brasil,1504455,15,33,,,,Amazônia,
768bde66-2c18-393c-9827-4ec006536572,-11.7229,-43.412899,2026-10-03 00:30:00,METOP-B,BARRA,BAHIA,Brasil,2902708,29,33,,,,Cerrado,
d0e78999-7d41-3acb-8f4b-3c4ce63b6ec5,1.7881,-55.605499,2026-10-03 00:30:00,METOP-B,ÓBIDOS,PARÁ,Brasil,1505106,15,33,,,,Amazônia,
315f795c-7372-3640-819f-b8eb5ef4cef1,-2.5444,-57.998299,2026-10-03 00:30:00,METOP-B,SÃO SEBASTIÃO DO UATUMÃ,AMAZONAS,Brasil,1303957,13,33,,,,Amazônia,
cef9e5a6-0a4d-341c-95a0-1bea2dedc4d0,3.797,-60.963402,2026-10-03 00:30:00,METOP-B,AMAJARI,RORAIMA,Brasil,1400027,14,33,,,,Amazônia,
542c69bd-6b9e-3cac-bc09-be66157db4ed,-6.8554,-59.233799,2026-10-03 00:30:00,METOP-B,APUÍ,AMAZONAS,Brasil,1300144,13,33,,,,Amazônia,
e41a3342-7239-3050-9a4b-5a7d565e622d,-1.2622,-54.556499,2026-10-03 00:30:00,METOP-B,MONTE ALEGRE,PARÁ,Brasil,1504802,15,33,,,,Amazônia,
183ac0cc-18c8-3339-8656-52fa583cf22e,-1.0765,-54.101398,2026-10-03 00:30:00,METOP-B,MONTE ALEGRE,PARÁ,Brasil,1504802,15,33,,,,Amazônia,
dcea9c30-e852-3c90-a7f6-932aef94c3f8,-3.2157,-54.306702,2026-10-03 00:30:00,METOP-B,MOJUÍ DOS CAMPOS,PARÁ,Brasil,1504752,15,33,,,,Amazônia,
bd9b923f-e280-33eb-954a-793b4e876630,-3.697,-50.972301,2026-10-03 00:30:00,METOP-B,PACAJÁ,PARÁ,Brasil,1505486,15,33,,,,Amazônia,
5c553030-8cd1-3820-b2bc-700f5c4c98eb,-11.6935,-43.496799,2026-10-03 00:30:00,METOP-B,BARRA,BAHIA,Brasil,2902708,29,33,,,,Cerrado,
d20e28a0-3d08-358f-99ab-1acd3d9698e6,-14.3031,-43.7962,2026-10-03 00:30:00,METOP-B,CARINHANHA,BAHIA,Brasil,2907103,29,33,,,,Cerrado,
2d06e41c-5e76-3ebc-a178-4d294e2dadcb,-2.9218,-54.1026,2026-10-03 00:30:00,METOP-B,SANTARÉM,PARÁ,Brasil,1506807,15,33,,,,Amazônia,
c8eb113e-a2b3-303e-b172-6d045999dc94,-2.9776,-53.262699,2026-10-03 00:30:00,METOP-B,MEDICILÂNDIA,PARÁ,Brasil,1504455,15,33,,,,Amazônia,
80a6d008-676d-38ed-9e2a-4c3d81ffecc2,-11.4222,-43.367199,2026-10-03 00:30:00,METOP-B,BARRA,BAHIA,Brasil,2902708,29,33,,,,Cerrado,
43612f97-b1a9-391a-bb7b-44b89b1f4719,-5.8491,-53.465,2026-10-03 00:30:00,METOP-B,ALTAMIRA,PARÁ,Brasil,1500602,15,33,,,,Amazônia,
f1be9eba-9e12-30d1-8de1-33c298545361,-10.8755,-57.094101,2026-10-03 00:30:00,METOP-B,JUARA,MATO GROSSO,Brasil,5105101,51,33,,,,Amazônia,
4b1689c6-beba-36d2-8d32-92d2444ced16,1.9189,-55.802898,2026-10-03 00:30:00,METOP-B,ÓBIDOS,PARÁ,Brasil,1505106,15,33,,,,Amazônia,
9e39d369-f6de-39b5-81d1-707809c66338,-2.8843,-45.395199,2026-10-03 00:30:00,METOP-B,PEDRO DO ROSÁRIO,MARANHÃO,Brasil,2108256,21,33,,,,Amazônia,
bf17ac43-f508-35c6-98d9-e095a2c5cc60,-2.9169,-54.081001,2026-10-03 00:30:00,METOP-B,URUARÁ,PARÁ,Brasil,1508159,15,33,,,,Amazônia,
ba11e85c-a43a-3afb-a32b-faef7f375dcb,-4.0508,-51.0765,2026-10-03 00:30:00,METOP-B,PACAJÁ,PARÁ,Brasil,1505486,15,33,,,,Amazônia,
b172d1ae-2290-324e-9c30-c198e522d26b,1.9318,-55.791199,2026-10-03 00:30:00,METOP-B,ÓBIDOS,PARÁ,Brasil,1505106,15,33,,,,Amazônia,
a352b74a-a864-33fc-9924-0aff7e20d9c8,-3.2239,-54.297401,2026-10-03 00:30:00,METOP-B,MOJUÍ DOS CAMPOS,PARÁ,Brasil,1504752,15,33,,,,Amazônia,
dd770890-6ff5-387d-a11a-11cdb402e457,-2.7595,-58.084999,2026-10-03 00:30:00,METOP-B,ITAPIRANGA,AMAZONAS,Brasil,1302009,13,33,,,,Amazônia,
c90fa98d-02d0-397f-8846-099352dd0407,-13.8934,-55.132099,2026-10-03 00:30:00,METOP-B,SANTA RITA DO TRIVELATO,MATO GROSSO,Brasil,5107768,51,33,,,,Cerrado,
73c6a307-5d5a-3550-a5be-7e3c7e9581c5,-2.8804,-45.421799,2026-10-03 00:30:00,METOP-B,PEDRO DO ROSÁRIO,MARANHÃO,Brasil,2108256,21,33,,,,Amazônia,
ca5e0d97-406c-380b-8767-9b28b61e3372,1.796,-55.5704,2026-10-03 00:30:00,METOP-B,ÓBIDOS,PARÁ,Brasil,1505106,15,33,,,,Amazônia,
b4ce45e7-e088-3ce0-b911-22e883f16c67,-15.3009,-42.772598,2026-10-03 00:30:00,METOP-B,SANTO ANTÔNIO DO RETIRO,MINAS GERAIS,Brasil,3160454,31,33,,,,Cerrado,
4dc7b3b0-1e17-323b-93d7-812a3d5b7663,-6.0633,-53.4543,2026-10-03 00:30:00,METOP-B,ALTAMIRA,PARÁ,Brasil,1500602,15,33,,,,Amazônia,
e5a4d665-e05e-3009-aef1-4f92990a6ec2,-10.9974,-59.1343,2026-10-03 00:30:00,METOP-B,JUÍNA,MATO GROSSO,Brasil,5105150,51,33,,,,Amazônia,
10d98860-6447-30e1-857d-98b88a5b0d04,-3.849,-55.965401,2026-10-03 00:30:00,METOP-B,AVEIRO,PARÁ,Brasil,1501006,15,33,,,,Amazônia,
1e81f880-cdf2-395a-a63f-ace832acef89,-3.4139,-52.827,2026-10-03 00:30:00,METOP-B,MEDICILÂNDIA,PARÁ,Brasil,1504455,15,33,,,,Amazônia,
30d5e6cd-857a-35e8-b1a4-e70d0bb3ad2f,-4.7804,-55.708302,2026-10-03 00:30:00,METOP-B,TRAIRÃO,PARÁ,Brasil,1508050,15,33,,,,Amazônia,
f50f0a86-daee-3030-9ad1-73ad9b03cc0f,-5.9255,-43.609699,2026-10-03 00:30:00,METOP-B,LAGOA DO MATO,MARANHÃO,Brasil,2105922,21,33,,,,Cerrado,
53ed6863-34be-3551-9649-6fb75d08d73a,-11.6839,-43.499401,2026-10-03 00:30:00,METOP-B,BARRA,BAHIA,Brasil,2902708,29,33,,,,Cerrado,
588aa4fd-99f9-3f04-bdff-82a8a6170d58,-5.9231,-43.6408,2026-10-03 00:30:00,METOP-B,LAGOA DO MATO,MARANHÃO,Brasil,2105922,21,33,,,,Cerrado,
39d514a9-e9b9-369a-b3de-c16841ba0862,-6.8596,-59.252998,2026-10-03 00:30:00,METOP-B,APUÍ,AMAZONAS,Brasil,1300144,13,33,,,,Amazônia,
cd90abe5-3670-3e61-b1c0-29a14ccc920b,1.7929,-55.584499,2026-10-03 00:30:00,METOP-B,ÓBIDOS,PARÁ,Brasil,1505106,15,33,,,,Amazônia,
1077614b-fc6e-3199-a36d-ec2f94b024eb,-11.629,-43.564602,2026-10-03 00:30:00,METOP-B,BARRA,BAHIA,Brasil,2902708,29,33,,,,Cerrado,
44d0c1fa-cc12-3f5e-8c1c-24eeb1534193,-6.2147,-53.2598,2026-10-03 00:30:00,METOP-B,SÃO FÉLIX DO XINGU,PARÁ,Brasil,1507300,15,33,,,,Amazônia,
bffe6e05-ea1a-337b-b17f-6b40ea747dff,3.799,-60.954601,2026-10-03 00:30:00,METOP-B,AMAJARI,RORAIMA,Brasil,1400027,14,33,,,,Amazônia,
db59cf12-7fd5-334c-b5f8-31da5008bd8e,-11.6906,-43.447201,2026-10-03 00:30:00,METOP-B,BARRA,BAHIA,Brasil,2902708,29,33,,,,Cerrado,
eff44bb0-3c21-3dbd-8598-7eb6ad87d417,-11.4286,-43.3913,2026-10-03 00:30:00,METOP-B,BARRA,BAHIA,Brasil,2902708,29,33,,,,Cerrado,
ef373fde-782a-3925-bab0-32ff7605a16d,-3.4041,-52.8293,2026-10-03 00:30:00,METOP-B,MEDICILÂNDIA,PARÁ,Brasil,1504455,15,33,,,,Amazônia,
e089a1f9-735e-3d32-8ed8-dc12a6ba729b,-3.2409,-54.508301,2026-10-03 00:30:00,METOP-B,MOJUÍ DOS CAMPOS,PARÁ,Brasil,1504752,15,33,,,,Amazônia,
fd0b38b4-914d-3ac8-a75a-eca6b618394f,-4.7129,-56.141602,2026-10-03 00:30:00,METOP-B,ITAITUBA,PARÁ,Brasil,1503606,15,33,,,,Amazônia,
8ca50e22-da80-33be-9045-a02ec2ffe2bd,-2.8826,-54.111401,2026-10-03 00:30:00,METOP-B,PRAINHA,PARÁ,Brasil,1506005,15,33,,,,Amazônia,
ff1c55ea-4f9c-31d7-9f94-6f9b1a94ed3b,1.9303,-55.7981,2026-10-03 00:30:00,METOP-B,ÓBIDOS,PARÁ,Brasil,1505106,15,33,,,,Amazônia,
ba2b7d4b-4fff-3b87-ba0a-4116f3975d38,-3.8475,-55.958599,2026-10-03 00:30:00,METOP-B,AVEIRO,PARÁ,Brasil,1501006,15,33,,,,Amazônia,
32650115-971f-3d44-8d7e-43e3d06c3b09,-3.2809,-53.823799,2026-10-03 00:30:00,METOP-B,URUARÁ,PARÁ,Brasil,1508159,15,33,,,,Amazônia,
9d66a890-955d-341d-bec6-2034e5572dde,-3.1186,-53.744801,2026-10-03 00:30:00,METOP-B,URUARÁ,PARÁ,Brasil,1508159,15,33,,,,Amazônia,
a9eae217-96f1-368f-8516-64be28b53a1e,-2.9496,-54.088799,2026-10-03 00:30:00,METOP-B,URUARÁ,PARÁ,Brasil,1508159,15,33,,,,Amazônia,
7ce76cd0-d540-33e5-885f-16a4b9faf1b0,1.7945,-55.5774,2026-10-03 00:30:00,METOP-B,ÓBIDOS,PARÁ,Brasil,1505106,15,33,,,,Amazônia,
3dc9d8c9-3f76-3b2f-b987-ef7acbfe0bda,1.8043,-55.579601,2026-10-03 00:30:00,METOP-B,ÓBIDOS,PARÁ,Brasil,1505106,15,33,,,,Amazônia,
ad9e5788-bb5d-33c6-b9ac-c76df3deff77,-6.0061,-53.520199,2026-10-03 00:30:00,METOP-B,ALTAMIRA,PARÁ,Brasil,1500602,15,33,,,,Amazônia,
3b26b017-dfd5-346e-b192-4221fb5f843b,-3.5853,-54.526798,2026-10-03 00:30:00,METOP-B,PLACAS,PARÁ,Brasil,1505650,15,33,,,,Amazônia,
2d123e21-1879-36e4-99a7-9b1aab61f724,-3.0145,-53.876099,2026-10-03 00:30:00,METOP-B,URUARÁ,PARÁ,Brasil,1508159,15,33,,,,Amazônia,
3af2c013-2706-3d8e-be9b-70636c6bf92c,-2.1486,-59.216499,2026-10-03 00:30:00,METOP-B,PRESIDENTE FIGUEIREDO,AMAZONAS,Brasil,1303536,13,33,,,,Amazônia,
bd89f09e-7f30-3948-92b1-13b255acf3fb,-3.6401,-55.496399,2026-10-03 00:30:00,METOP-B,AVEIRO,PARÁ,Brasil,1501006,15,33,,,,Amazônia,
b9c25409-e506-3d51-a68d-ad5ff62bbd39,-2.1502,-53.656898,2026-10-03 00:30:00,METOP-B,PRAINHA,PARÁ,Brasil,1506005,15,33,,,,Amazônia,
ddebd827-7f99-3497-ab21-3d1530020278,-6.1282,-47.334499,2026-10-03 00:30:00,METOP-B,CAMPESTRE DO MARANHÃO,MARANHÃO,Brasil,2102556,21,33,,,,Cerrado,
f39a91e0-8a00-32bb-8f7d-50fbf26835c3,-2.9202,-54.095402,2026-10-03 00:30:00,METOP-B,URUARÁ,PARÁ,Brasil,1508159,15,33,,,,Amazônia,
ee17c12b-9cd1-3bb5-97fc-ab978910bd70,1.9043,-55.821499,2026-10-03 00:30:00,METOP-B,ÓBIDOS,PARÁ,Brasil,1505106,15,33,,,,Amazônia,
8ddaee0f-cae0-31a4-946d-9790865900a6,-13.5295,-44.077499,2026-10-03 00:30:00,METOP-B,SÃO FÉLIX DO CORIBE,BAHIA,Brasil,2929057,29,33,,,,Cerrado,
e8f5d3cd-3628-3bf0-98cd-b6ec109f4114,-3.2255,-54.304501,2026-10-03 00:30:00,METOP-B,MOJUÍ DOS CAMPOS,PARÁ,Brasil,1504752,15,33,,,,Amazônia,
e73b40c7-0fdb-3a00-83e8-a925e0a242c1,-3.4023,-52.821301,2026-10-03 00:30:00,METOP-B,MEDICILÂNDIA,PARÁ,Brasil,1504455,15,33,,,,Amazônia,
207db8ef-b6d0-3d80-b254-bbbb840a53e2,3.6332,-60.7346,2026-10-03 00:30:00,METOP-B,PACARAIMA,RORAIMA,Brasil,1400456,14,33,,,,Amazônia,
15544f9c-d478-3911-a71c-4adb07fbe142,-2.961,-54.0938,2026-10-03 00:30:00,METOP-B,SANTARÉM,PARÁ,Brasil,1506807,15,33,,,,Amazônia,
02364722-46ac-3d37-a27e-2386fedd776b,1.9138,-55.7798,2026-10-03 00:30:00,METOP-B,ÓBIDOS,PARÁ,Brasil,1505106,15,33,,,,Amazônia,
4777aca8-1f94-3fc0-99ac-9287ddf26c12,-12.8593,-44.675301,2026-10-03 00:30:00,METOP-B,SÃO DESIDÉRIO,BAHIA,Brasil,2928901,29,33,,,,Cerrado,
e9b169a2-03ab-3024-9214-c68e3a994ab0,1.7976,-55.5634,2026-10-03 00:30:00,METOP-B,ÓBIDOS,PARÁ,Brasil,1505106,15,33,,,,Amazônia,
72a33a15-8526-364a-aecc-a83efd284924,-2.9185,-54.0882,2026-10-03 00:30:00,METOP-B,URUARÁ,PARÁ,Brasil,1508159,15,33,,,,Amazônia,
c9adcff3-3f0f-3764-90f2-b3add9021158,-2.8858,-54.125801,2026-10-03 00:30:00,METOP-B,SANTARÉM,PARÁ,Brasil,1506807,15,33,,,,Amazônia,
a275ef7c-7540-3067-93b3-ae19e8d9c031,1.809,-55.558601,2026-10-03 00:30:00,METOP-B,ÓBIDOS,PARÁ,Brasil,1505106,15,33,,,,Amazônia,
7c0e6cb7-ec3e-39d4-bc27-668e31c45c6a,-3.1768,-54.090698,2026-10-03 00:30:00,METOP-B,URUARÁ,PARÁ,Brasil,1508159,15,33,,,,Amazônia,
58ef63b2-f417-33ea-8ed5-a4d207ba4cbb,-11.6324,-43.5387,2026-10-03 00:30:00,METOP-B,BARRA,BAHIA,Brasil,2902708,29,33,,,,Cerrado,
aa8a91bf-da75-3d6d-a623-5f50975148c3,-1.2792,-55.4048,2026-10-03 00:30:00,METOP-B,ALENQUER,PARÁ,Brasil,1500404,15,33,,,,Amazônia,
3984ca2d-cd6c-3059-a7a0-cdc57143cba5,-3.0162,-53.8834,2026-10-03 00:30:00,METOP-B,URUARÁ,PARÁ,Brasil,1508159,15,33,,,,Amazônia,
a3685769-373c-31ba-abd0-fab966290906,-2.8688,-45.3731,2026-10-03 00:30:00,METOP-B,PEDRO DO ROSÁRIO,MARANHÃO,Brasil,2108256,21,33,,,,Amazônia,
948b662d-605c-3037-b52c-7ff0030d2b26,-3.2793,-53.816502,2026-10-03 00:30:00,METOP-B,URUARÁ,PARÁ,Brasil,1508159,15,33,,,,Amazônia,
151c2da2-b244-37c8-bfe3-0ce058ea072c,-1.4451,-54.635502,2026-10-03 00:30:00,METOP-B,ALENQUER,PARÁ,Brasil,1500404,15,33,,,,Amazônia,
6801c719-e1c4-37db-a2bf-3fadd015748a,-11.7065,-43.468102,2026-10-03 00:30:00,METOP-B,BARRA,BAHIA,Brasil,2902708,29,33,,,,Cerrado,
4b6b27ad-3bd0-3024-977f-c4ae6d648320,-6.1244,-47.318699,2026-10-03 00:30:00,METOP-B,CAMPESTRE DO MARANHÃO,MARANHÃO,Brasil,2102556,21,33,,,,Cerrado,
4f09ba35-6537-36b7-8d0c-98526603c0a3,1.9075,-55.807598,2026-10-03 00:30:00,METOP-B,ÓBIDOS,PARÁ,Brasil,1505106,15,33,,,,Amazônia,
6d2f98e2-29c9-30e7-9e11-96154fe6a195,-6.51,-55.380798,2026-10-03 00:30:00,METOP-B,NOVO PROGRESSO,PARÁ,Brasil,1505031,15,33,,,,Amazônia,
7ca8798d-ca54-38ac-9d02-96685802739a,-5.2589,-55.9119,2026-10-03 00:30:00,METOP-B,TRAIRÃO,PARÁ,Brasil,1508050,15,33,,,,Amazônia,
1e8f1da0-6631-3260-ae81-3981ec259a5f,-3.1284,-53.742599,2026-10-03 00:30:00,METOP-B,URUARÁ,PARÁ,Brasil,1508159,15,33,,,,Amazônia,
6ebe3c9a-8b8c-3404-b449-f12fd42fffc2,-9.6975,-57.436001,2026-10-03 00:30:00,METOP-B,APIACÁS,MATO GROSSO,Brasil,5100805,51,33,,,,Amazônia,
6895116a-4921-3493-ad31-cf9db152a80f,-12.8545,-44.656601,2026-10-03 00:30:00,METOP-B,SÃO DESIDÉRIO,BAHIA,Brasil,2928901,29,33,,,,Cerrado,
7f75a875-e05d-3c9d-90a1-382d02bfb50d,-5.3715,-56.046501,2026-10-03 00:30:00,METOP-B,TRAIRÃO,PARÁ,Brasil,1508050,15,33,,,,Amazônia,
9301fcc7-2f93-31a1-a1b1-1d629cf43cc3,-2.8924,-54.1092,2026-10-03 00:30:00,METOP-B,SANTARÉM,PARÁ,Brasil,1506807,15,33,,,,Amazônia,
318e988c-cfc7-3ff1-a9af-5bcff15d5131,-5.6022,-44.358898,2026-10-03 00:30:00,METOP-B,SÃO DOMINGOS DO MARANHÃO,MARANHÃO,Brasil,2110708,21,33,,,,Cerrado,
7e35840d-816b-3a75-9d90-0b0556ea62a0,-6.9207,-49.6064,2026-10-03 00:30:00,METOP-B,SAPUCAIA,PARÁ,Brasil,1507755,15,33,,,,Amazônia,
35443cc1-5136-3b1a-8f1d-e2960c46f1b1,-6.0078,-53.527401,2026-10-03 00:30:00,METOP-B,ALTAMIRA,PARÁ,Brasil,1500602,15,33,,,,Amazônia,
0afb5cff-6aaf-3054-82c5-5b5e64d34d29,-4.7887,-55.699299,2026-10-03 00:30:00,METOP-B,TRAIRÃO,PARÁ,Brasil,1508050,15,33,,,,Amazônia,
fdaacba8-ff13-3f4b-9b68-648783d07444,-4.4261,-55.736801,2026-10-03 00:30:00,METOP-B,ITAITUBA,PARÁ,Brasil,1503606,15,33,,,,Amazônia,
2b4d4489-3827-3a8a-b68d-ba92febf525f,-3.1169,-53.7374,2026-10-03 00:30:00,METOP-B,URUARÁ,PARÁ,Brasil,1508159,15,33,,,,Amazônia,
ae2cef51-de9e-3d98-8de4-af63dcc774ed,-2.8907,-54.102001,2026-10-03 00:30:00,METOP-B,URUARÁ,PARÁ,Brasil,1508159,15,33,,,,Amazônia,
aad11c9c-0711-3207-8aa7-d4fe863d8da6,-6.9259,-49.628101,2026-10-03 00:30:00,METOP-B,SAPUCAIA,PARÁ,Brasil,1507755,15,33,,,,Amazônia,
1fd6ce6c-5e52-3a7b-9a40-327e53fdf558,-2.8956,-54.078201,2026-10-03 00:30:00,METOP-B,URUARÁ,PARÁ,Brasil,1508159,15,33,,,,Amazônia,
ba758c22-42b9-3331-8c0b-b84b29273da4,-11.6228,-43.541302,2026-10-03 00:30:00,METOP-B,BARRA,BAHIA,Brasil,2902708,29,33,,,,Cerrado,
12084b05-d8ae-3b3e-a5ef-cc1b9d8f9b18,-1.0781,-54.108799,2026-10-03 00:30:00,METOP-B,MONTE ALEGRE,PARÁ,Brasil,1504802,15,33,,,,Amazônia,
8ddba926-6e60-3ab1-aa2f-13bf608b2ee8,-1.1982,-47.775002,2026-10-03 00:30:00,METOP-B,SÃO FRANCISCO DO PARÁ,PARÁ,Brasil,1507409,15,33,,,,Amazônia,
55c3efee-2091-3e09-9a41-e28266823605,-3.9109,-54.417,2026-10-03 00:30:00,METOP-B,PLACAS,PARÁ,Brasil,1505650,15,33,,,,Amazônia,
17a1fe0f-df11-3f9a-8807-1d5e4f7266c8,-3.6948,-50.6525,2026-10-03 00:30:00,METOP-B,PACAJÁ,PARÁ,Brasil,1505486,15,33,,,,Amazônia,
7da8a671-145f-3321-a3db-05a1a069592e,-5.8606,-53.470001,2026-10-03 00:30:00,METOP-B,ALTAMIRA,PARÁ,Brasil,1500602,15,33,,,,Amazônia,
58b68449-666d-3bf3-90d0-ecbbc030fabe,-4.7917,-55.713001,2026-10-03 00:30:00,METOP-B,TRAIRÃO,PARÁ,Brasil,1508050,15,33,,,,Amazônia,
66dac82d-f75e-378b-8a16-2f8664f68372,-3.1719,-54.069099,2026-10-03 00:30:00,METOP-B,URUARÁ,PARÁ,Brasil,1508159,15,33,,,,Amazônia,
2815e29b-5167-3805-b96b-0f3aec33942f,-2.9316,-54.145699,2026-10-03 00:30:00,METOP-B,SANTARÉM,PARÁ,Brasil,1506807,15,33,,,,Amazônia,
10693cc5-b3ae-37d1-9507-f550d44383e3,1.8059,-55.572601,2026-10-03 00:30:00,METOP-B,ÓBIDOS,PARÁ,Brasil,1505106,15,33,,,,Amazônia,
6ed1a496-3483-3eeb-8f2a-dd32c070aca8,-6.2143,-60.010799,2026-10-03 00:30:00,METOP-B,NOVO ARIPUANÃ,AMAZONAS,Brasil,1303304,13,33,,,,Amazônia,
2b47dd86-fe77-327a-b1e4-397904c520f7,-6.2403,-53.146301,2026-10-03 00:30:00,METOP-B,SÃO FÉLIX DO XINGU,PARÁ,Brasil,1507300,15,33,,,,Amazônia,
63a01233-19eb-3e99-a060-bff22044e2c2,1.7479,-50.7971,2026-10-03 00:30:00,METOP-B,PRACUÚBA,AMAPÁ,Brasil,1600550,16,33,,,,Amazônia,
cf20f070-f52a-32c7-bd9a-6ae96ceef09d,-5.728,-45.030201,2026-10-03 00:30:00,METOP-B,BARRA DO CORDA,MARANHÃO,Brasil,2101608,21,33,,,,Cerrado,
8543e69f-16c3-3957-88ae-ba47b589d5c5,-2.9054,-54.121399,2026-10-03 00:30:00,METOP-B,SANTARÉM,PARÁ,Brasil,1506807,15,33,,,,Amazônia,
7f4c78a3-d1f0-3438-a705-7fee51749570,-2.1468,-59.208199,2026-10-03 00:30:00,METOP-B,PRESIDENTE FIGUEIREDO,AMAZONAS,Brasil,1303536,13,33,,,,Amazônia,
9fd4e3bd-710b-38ab-a7a8-b81e3a0ae50e,-11.6873,-43.4734,2026-10-03 00:30:00,METOP-B,BARRA,BAHIA,Brasil,2902708,29,33,,,,Cerrado,
4a0a6f1b-76a7-3e35-a994-dcc5a4800c80,-5.2491,-55.914101,2026-10-03 00:30:00,METOP-B,TRAIRÃO,PARÁ,Brasil,1508050,15,33,,,,Amazônia,
292204fc-db9b-33a7-8b15-7f405d9a6d06,1.7799,-55.596401,2026-10-03 00:30:00,METOP-B,ÓBIDOS,PARÁ,Brasil,1505106,15,33,,,,Amazônia,
fcb976e3-0deb-30f6-aa4e-09e944d6c3ff,-3.2924,-53.828899,2026-10-03 00:30:00,METOP-B,URUARÁ,PARÁ,Brasil,1508159,15,33,,,,Amazônia,
e687c8a8-9041-37e1-aad0-40b1de06249f,-11.7387,-43.433899,2026-10-03 00:30:00,METOP-B,BARRA,BAHIA,Brasil,2902708,29,33,,,,Cerrado,
c914fb81-fbf5-3c33-ab10-671613f89d05,-3.1251,-53.727798,2026-10-03 00:30:00,METOP-B,URUARÁ,PARÁ,Brasil,1508159,15,33,,,,Amazônia,
fe8cc1d5-aab4-3501-9399-f4e2978293c9,-11.4382,-43.388699,2026-10-03 00:30:00,METOP-B,BARRA,BAHIA,Brasil,2902708,29,33,,,,Cerrado,
1aa7e914-5419-37fb-afc9-ead8bb138a58,-2.5427,-57.990799,2026-10-03 00:30:00,METOP-B,SÃO SEBASTIÃO DO UATUMÃ,AMAZONAS,Brasil,1303957,13,33,,,,Amazônia,
37324a04-4979-3bea-8d02-f9bd9554a8c7,-6.2369,-53.131599,2026-10-03 00:30:00,METOP-B,SÃO FÉLIX DO XINGU,PARÁ,Brasil,1507300,15,33,,,,Amazônia,
73faa83e-cf21-3e5d-ae9b-c49f34e298cb,-6.0192,-53.532299,2026-10-03 00:30:00,METOP-B,ALTAMIRA,PARÁ,Brasil,1500602,15,33,,,,Amazônia,
5b3438c9-3ec2-3d42-ae88-a72143b9ce5a,-6.0209,-53.539501,2026-10-03 00:30:00,METOP-B,ALTAMIRA,PARÁ,Brasil,1500602,15,33,,,,Amazônia,
ce52322c-d573-39be-a0ef-aa3f62a8a2b2,-3.1234,-53.720402,2026-10-03 00:30:00,METOP-B,URUARÁ,PARÁ,Brasil,1508159,15,33,,,,Amazônia,
a4f02886-f651-3830-aff7-fc1435070a78,-11.4734,-43.4048,2026-10-03 00:30:00,METOP-B,BARRA,BAHIA,Brasil,2902708,29,33,,,,Cerrado,
482a2d23-e3df-3d7f-84fb-203434e904c5,-4.4277,-55.743599,2026-10-03 00:30:00,METOP-B,ITAITUBA,PARÁ,Brasil,1503606,15,33,,,,Amazônia,
24273ab1-c00f-34c2-92ba-96fc7911c0d6,-1.2589,-54.542198,2026-10-03 00:30:00,METOP-B,MONTE ALEGRE,PARÁ,Brasil,1504802,15,33,,,,Amazônia,
f1caaab2-ce04-3020-80ea-d767b20a4314,-2.9661,-53.257198,2026-10-03 00:30:00,METOP-B,MEDICILÂNDIA,PARÁ,Brasil,1504455,15,33,,,,Amazônia,
bea0719a-7057-3af7-9de2-ff53edca2c16,-1.2164,-54.536701,2026-10-03 00:30:00,METOP-B,MONTE ALEGRE,PARÁ,Brasil,1504802,15,33,,,,Amazônia,
13458053-0faa-3d07-ac5f-9aab228d8286,-3.1203,-53.752102,2026-10-03 00:30:00,METOP-B,URUARÁ,PARÁ,Brasil,1508159,15,33,,,,Amazônia,
22ba49b7-b832-314d-90c8-1036fd9fc98b,-2.5442,-57.4011,2026-10-03 00:30:00,METOP-B,URUCURITUBA,AMAZONAS,Brasil,1304401,13,33,,,,Amazônia,
94886fc5-fcc5-3b70-8bc6-5b7ff463a735,-11.6969,-43.470798,2026-10-03 00:30:00,METOP-B,BARRA,BAHIA,Brasil,2902708,29,33,,,,Cerrado,
77c2bcff-7c8f-3f35-9756-bacc7a480206,-15.2913,-42.775398,2026-10-03 00:30:00,METOP-B,SANTO ANTÔNIO DO RETIRO,MINAS GERAIS,Brasil,3160454,31,33,,,,Cerrado,
ffd101b3-2179-34cd-baad-b6e90fb016d1,-2.8746,-45.397499,2026-10-03 00:30:00,METOP-B,PEDRO DO ROSÁRIO,MARANHÃO,Brasil,2108256,21,33,,,,Amazônia,
d1275647-195a-3d86-8d85-6ee4240ec724,-1.2148,-54.529499,2026-10-03 00:30:00,METOP-B,MONTE ALEGRE,PARÁ,Brasil,1504802,15,33,,,,Amazônia,
5b8d0efb-8bab-3db7-83c0-1317fc35c547,-4.4402,-47.9212,2026-10-03 00:30:00,METOP-B,DOM ELISEU,PARÁ,Brasil,1502939,15,33,,,,Amazônia,
bf1c0b33-879b-36a6-a540-82d338c14b5b,-5.9423,-43.636002,2026-10-03 00:30:00,METOP-B,LAGOA DO MATO,MARANHÃO,Brasil,2105922,21,33,,,,Cerrado,
39ec4c64-5403-3cbf-9426-71740131e0d6,-3.216,-53.9454,2026-10-03 00:30:00,METOP-B,URUARÁ,PARÁ,Brasil,1508159,15,33,,,,Amazônia,
840bfbb3-3282-352d-addd-b46887e47e6d,-3.1866,-54.088501,2026-10-03 00:30:00,METOP-B,URUARÁ,PARÁ,Brasil,1508159,15,33,,,,Amazônia,
dd97cc64-61bf-3de8-a650-440c69f598e7,-3.2143,-53.938202,2026-10-03 00:30:00,METOP-B,URUARÁ,PARÁ,Brasil,1508159,15,33,,,,Amazônia,
9fcfb820-9f2a-305b-a8a4-25ac7e8768e2,1.8027,-55.5867,2026-10-03 00:30:00,METOP-B,ÓBIDOS,PARÁ,Brasil,1505106,15,33,,,,Amazônia,
3483d055-302a-3b7a-a632-4593813e5459,-2.484,-56.082199,2026-10-03 00:30:00,METOP-B,JURUTI,PARÁ,Brasil,1503903,15,33,,,,Amazônia,
4365c8c4-deb1-3a52-96a5-ea91fdf23180,-3.0575,-54.155102,2026-10-03 00:30:00,METOP-B,SANTARÉM,PARÁ,Brasil,1506807,15,33,,,,Amazônia,
f4f6bdb7-c09b-3ed1-a8cc-88deba79b11f,-6.2386,-53.139,2026-10-03 00:30:00,METOP-B,SÃO FÉLIX DO XINGU,PARÁ,Brasil,1507300,15,33,,,,Amazônia,
c1fb7c24-f9d9-3b8a-8659-6d500d571721,-11.6351,-43.587799,2026-10-03 00:30:00,METOP-B,BARRA,BAHIA,Brasil,2902708,29,33,,,,Cerrado,
e20ba7bd-34e3-3b5e-a8da-92ee3b7a180e,-2.9087,-54.090401,2026-10-03 00:30:00,METOP-B,URUARÁ,PARÁ,Brasil,1508159,15,33,,,,Amazônia,
d64ca6b9-4249-3b7b-91a7-a3aa398c0e2a,-10.9831,-59.114601,2026-10-03 00:30:00,METOP-B,JUÍNA,MATO GROSSO,Brasil,5105150,51,33,,,,Amazônia,
baa435af-0b9e-3e41-9ce1-470e2d2013b0,-6.7215,-44.131401,2026-10-03 00:30:00,METOP-B,NOVA IORQUE,MARANHÃO,Brasil,2107308,21,33,,,,Cerrado,
e9708bf9-1708-3cd2-8951-ee6423fda609,-2.0193,-54.304699,2026-10-03 00:30:00,METOP-B,MONTE ALEGRE,PARÁ,Brasil,1504802,15,33,,,,Amazônia,
7ea07cb2-1845-3703-8b50-e08569e26dae,-5.9399,-43.667,2026-10-03 00:30:00,METOP-B,LAGOA DO MATO,MARANHÃO,Brasil,2105922,21,33,,,,Cerrado,
26ee1d4c-3323-35ae-b037-a0437e804fda,0.6291,-54.3951,2026-10-03 00:30:00,METOP-B,ALMEIRIM,PARÁ,Brasil,1500503,15,33,,,,Amazônia,
406e488a-de6d-34d6-a57c-1db82f0f6aa4,-3.2941,-53.836201,2026-10-03 00:30:00,METOP-B,URUARÁ,PARÁ,Brasil,1508159,15,33,,,,Amazônia,
07a4d0d7-443e-3f62-b3a0-a406cb3ae4a8,-3.1366,-53.733002,2026-10-03 00:30:00,METOP-B,URUARÁ,PARÁ,Brasil,1508159,15,33,,,,Amazônia,
81fc3dbf-90d9-30c6-aac6-09bc72d4ee12,-13.5252,-44.099998,2026-10-03 00:30:00,METOP-B,SÃO FÉLIX DO CORIBE,BAHIA,Brasil,2929057,29,33,,,,Cerrado,
0cfb75cc-e744-3e9c-947a-215c218439e9,-2.9333,-54.152901,2026-10-03 00:30:00,METOP-B,SANTARÉM,PARÁ,Brasil,1506807,15,33,,,,Amazônia,
10fe0564-4af3-36eb-a07f-12766168e039,-3.1135,-53.722599,2026-10-03 00:30:00,METOP-B,URUARÁ,PARÁ,Brasil,1508159,15,33,,,,Amazônia,
10ad57a5-b93d-3ace-baee-dc8e3ae515bb,-5.6087,-44.3848,2026-10-03 00:30:00,METOP-B,SÃO DOMINGOS DO MARANHÃO,MARANHÃO,Brasil,2110708,21,33,,,,Cerrado,
258c3130-c635-3911-9935-3b49270741e1,-2.0177,-54.297501,2026-10-03 00:30:00,METOP-B,MONTE ALEGRE,PARÁ,Brasil,1504802,15,33,,,,Amazônia,
bbf9cb00-b5cc-3dc9-a4b5-914397512867,-4.1176,-55.0098,2026-10-03 00:30:00,METOP-B,RURÓPOLIS,PARÁ,Brasil,1506195,15,33,,,,Amazônia,
1362d569-a086-333f-8ef7-63ff458d54ea,-11.403,-43.372501,2026-10-03 00:30:00,METOP-B,BARRA,BAHIA,Brasil,2902708,29,33,,,,Cerrado,
86d647d8-a206-3a94-bb88-2e84c43746ba,-2.9709,-54.091599,2026-10-03 00:30:00,METOP-B,SANTARÉM,PARÁ,Brasil,1506807,15,33,,,,Amazônia,
4eab04c1-683f-3ebc-900c-e32dad181f4e,-4.041,-54.218102,2026-10-03 00:30:00,METOP-B,PLACAS,PARÁ,Brasil,1505650,15,33,,,,Amazônia,
4d434a46-7313-31eb-8c2e-1de4c26f6557,-5.9327,-43.638401,2026-10-03 00:30:00,METOP-B,LAGOA DO MATO,MARANHÃO,Brasil,2105922,21,33,,,,Cerrado,
3cf84426-f463-3a78-ab60-34d200d74ba1,-11.7731,-43.525002,2026-10-03 00:30:00,METOP-B,BARRA,BAHIA,Brasil,2902708,29,33,,,,Cerrado,
7ce4c811-5195-3484-9fc5-cffd27ef69a7,-6.0239,-57.683899,2026-10-03 00:30:00,METOP-B,JACAREACANGA,PARÁ,Brasil,1503754,15,33,,,,Amazônia,
8b8660f0-2d63-3ea8-aea4-c1faf2a35cf7,-6.114,-53.089901,2026-10-03 00:30:00,METOP-B,SÃO FÉLIX DO XINGU,PARÁ,Brasil,1507300,15,33,,,,Amazônia,
3e6f571e-04d6-3797-993a-5c2cdf2d1330,-2.9692,-54.0844,2026-10-03 00:30:00,METOP-B,SANTARÉM,PARÁ,Brasil,1506807,15,33,,,,Amazônia,
2f6012e3-90e5-3905-8609-bdbf10c0424d,-3.5081,-54.595299,2026-10-03 00:30:00,METOP-B,PLACAS,PARÁ,Brasil,1505650,15,33,,,,Amazônia,
e9a10a33-a873-3823-a6dd-25a30f845d76,-11.7127,-43.491501,2026-10-03 00:30:00,METOP-B,BARRA,BAHIA,Brasil,2902708,29,33,,,,Cerrado,
35134933-5127-3c86-9d3d-ea75f76f6822,-2.8972,-54.0854,2026-10-03 00:30:00,METOP-B,URUARÁ,PARÁ,Brasil,1508159,15,33,,,,Amazônia,
914e77cf-9525-380c-ae18-bd8dee8a462c,-1.1406,-54.156898,2026-10-03 00:30:00,METOP-B,MONTE ALEGRE,PARÁ,Brasil,1504802,15,33,,,,Amazônia,
c31ea1f8-41d5-39d4-ba4f-0b891dcdab58,-5.373,-56.053398,2026-10-03 00:30:00,METOP-B,TRAIRÃO,PARÁ,Brasil,1508050,15,33,,,,Amazônia,
dbd5dd29-31d5-37ce-a93a-099b0120383f,-3.7045,-50.650299,2026-10-03 00:30:00,METOP-B,PACAJÁ,PARÁ,Brasil,1505486,15,33,,,,Amazônia,
58b99944-32e9-3aee-b106-87a8e67b5501,-4.4464,-47.9035,2026-10-03 00:30:00,METOP-B,DOM ELISEU,PARÁ,Brasil,1502939,15,33,,,,Amazônia,
a712f769-b988-37bc-8b74-e8da4fcac83f,-4.1135,-54.401001,2026-10-03 00:30:00,METOP-B,PLACAS,PARÁ,Brasil,1505650,15,33,,,,Amazônia,
580c2cd8-777e-3ec7-a6e5-aaa1b8a23151,-2.3807,-56.629299,2026-10-03 00:30:00,METOP-B,PARINTINS,AMAZONAS,Brasil,1303403,13,33,,,,Amazônia,
861f481e-33d9-36b8-a41d-ea235f80fca8,-9.6993,-57.444401,2026-10-03 00:30:00,METOP-B,APIACÁS,MATO GROSSO,Brasil,5100805,51,33,,,,Amazônia,
937dc8ca-62f4-31ae-99b2-05f09ee430bc,1.9153,-55.7729,2026-10-03 00:30:00,METOP-B,ÓBIDOS,PARÁ,Brasil,1505106,15,33,,,,Amazônia,
e98f3b6c-ba62-333a-8272-fab5d70587b5,-3.1382,-53.740398,2026-10-03 00:30:00,METOP-B,URUARÁ,PARÁ,Brasil,1508159,15,33,,,,Amazônia,
de116110-ba7a-38ef-805b-7f7e2c0f6976,-3.1349,-53.725601,2026-10-03 00:30:00,METOP-B,URUARÁ,PARÁ,Brasil,1508159,15,33,,,,Amazônia,
fb687fee-62f0-3323-afb0-b3cdcf580733,-3.1807,-57.897598,2026-10-03 00:30:00,METOP-B,BOA VISTA DO RAMOS,AMAZONAS,Brasil,1300680,13,33,,,,Amazônia,
f50263d5-bd0d-33a6-960d-9536a987aed7,-6.0792,-53.298302,2026-10-03 00:30:00,METOP-B,SÃO FÉLIX DO XINGU,PARÁ,Brasil,1507300,15,33,,,,Amazônia,
168fb00f-fe65-3e61-a82c-2920bb9a01d6,-6.2121,-60.000401,2026-10-03 00:30:00,METOP-B,NOVO ARIPUANÃ,AMAZONAS,Brasil,1303304,13,33,,,,Amazônia,
b5a6a838-b437-3ddb-820e-cfc48fdbf26c,-6.0649,-53.461498,2026-10-03 00:30:00,METOP-B,ALTAMIRA,PARÁ,Brasil,1500602,15,33,,,,Amazônia,
ecd49868-5209-3a54-ba09-f3c5cc7b77ce,-6.0176,-53.5252,2026-10-03 00:30:00,METOP-B,ALTAMIRA,PARÁ,Brasil,1500602,15,33,,,,Amazônia,
d052508c-145c-35f3-9a31-66ca2a9927c1,-9.7011,-57.452801,2026-10-03 00:30:00,METOP-B,APIACÁS,MATO GROSSO,Brasil,5100805,51,33,,,,Amazônia,
bf852a64-8473-3ce6-8a62-52410fd35439,1.7783,-55.603401,2026-10-03 00:30:00,METOP-B,ÓBIDOS,PARÁ,Brasil,1505106,15,33,,,,Amazônia,
6f8258d7-41e7-3564-bed4-aa7955098ded,-2.9071,-54.128502,2026-10-03 00:30:00,METOP-B,SANTARÉM,PARÁ,Brasil,1506807,15,33,,,,Amazônia,
b8ee8030-65e6-31b4-bb23-fba13dd863e9,-3.2826,-53.8311,2026-10-03 00:30:00,METOP-B,URUARÁ,PARÁ,Brasil,1508159,15,33,,,,Amazônia,
80fc66c7-849e-33be-bf27-d55059cc8a80,-1.0863,-54.099201,2026-10-03 00:30:00,METOP-B,MONTE ALEGRE,PARÁ,Brasil,1504802,15,33,,,,Amazônia,
fd2d9836-b740-39c0-9352-043d8f2e1ba0,-2.3261,-60.0555,2026-10-03 00:30:00,METOP-B,MANAUS,AMAZONAS,Brasil,1302603,13,33,,,,Amazônia,
00aa7472-56ad-3e6e-a522-31655a312408,-11.7037,-43.418201,2026-10-03 00:30:00,METOP-B,BARRA,BAHIA,Brasil,2902708,29,33,,,,Cerrado,
ebca0169-a324-32c5-b7a4-78b3815a8355,-5.7217,-45.129398,2026-10-03 00:30:00,METOP-B,BARRA DO CORDA,MARANHÃO,Brasil,2101608,21,33,,,,Cerrado,
9f9d2d63-52d2-3f74-be16-5f7ff05bb715,-2.8891,-54.140099,2026-10-03 00:30:00,METOP-B,SANTARÉM,PARÁ,Brasil,1506807,15,33,,,,Amazônia,
dee60119-1225-38c6-a12a-069fe5411431,-2.9054,-54.076,2026-10-03 00:30:00,METOP-B,URUARÁ,PARÁ,Brasil,1508159,15,33,,,,Amazônia,
bca690f7-97e0-3299-9c51-9f61e22201f9,-3.0178,-53.890701,2026-10-03 00:30:00,METOP-B,URUARÁ,PARÁ,Brasil,1508159,15,33,,,,Amazônia,
8bfcb636-1d99-304d-a644-1ac34db6c058,1.7768,-55.610401,2026-10-03 00:30:00,METOP-B,ÓBIDOS,PARÁ,Brasil,1505106,15,33,,,,Amazônia,
4050b4dd-62d8-3c79-9058-8e3c5747038f,-2.5715,-54.7388,2026-10-03 00:30:00,METOP-B,SANTARÉM,PARÁ,Brasil,1506807,15,33,,,,Amazônia,
1d95b23a-3878-3662-916c-26c9fdfd030b,-3.9125,-54.424,2026-10-03 00:30:00,METOP-B,PLACAS,PARÁ,Brasil,1505650,15,33,,,,Amazônia,
aa2c8c07-c64f-3969-be4d-f72aa5c9421d,-11.4637,-43.407398,2026-10-03 00:30:00,METOP-B,BARRA,BAHIA,Brasil,2902708,29,33,,,,Cerrado,
415e5867-2945-3588-8567-1832024139ea,1.8074,-55.565601,2026-10-03 00:30:00,METOP-B,ÓBIDOS,PARÁ,Brasil,1505106,15,33,,,,Amazônia,
05a9f1eb-6a9b-3c27-9228-fe644efd9146,-3.6385,-55.489601,2026-10-03 00:30:00,METOP-B,AVEIRO,PARÁ,Brasil,1501006,15,33,,,,Amazônia,
9092767d-e9f5-3dc0-9307-8117bb43a034,-3.0064,-53.885601,2026-10-03 00:30:00,METOP-B,URUARÁ,PARÁ,Brasil,1508159,15,33,,,,Amazônia,
38cbddbd-7b6f-31fe-960e-25ee932add7f,-4.7189,-43.27,2026-10-03 00:30:00,METOP-B,CAXIAS,MARANHÃO,Brasil,2103000,21,33,,,,Cerrado,
33807298-08fa-38fe-afc8-fe3246028848,-6.9233,-49.617199,2026-10-03 00:30:00,METOP-B,SAPUCAIA,PARÁ,Brasil,1507755,15,33,,,,Amazônia,
af9dada9-0fe5-3094-8817-0ea5fa0ba611,-3.6668,-60.591301,2026-10-03 00:30:00,METOP-B,MANAQUIRI,AMAZONAS,Brasil,1302553,13,33,,,,Amazônia,
9ca4b2ba-9ae6-3573-ba94-95af51a7d065,-6.2049,-53.262001,2026-10-03 00:30:00,METOP-B,SÃO FÉLIX DO XINGU,PARÁ,Brasil,1507300,15,33,,,,Amazônia,
f9d8ab78-19e2-3a34-8d45-f947f3d80d01,-1.2132,-54.522301,2026-10-03 00:30:00,METOP-B,MONTE ALEGRE,PARÁ,Brasil,1504802,15,33,,,,Amazônia,
e6fd44ad-9fac-3d57-9708-779c2b97b76a,2.3529,-50.7491,2026-10-03 00:30:00,METOP-B,CALÇOENE,AMAPÁ,Brasil,1600204,16,33,,,,Amazônia,
e6f7d71a-ab13-3295-a9b9-1b066a4caf8f,-3.9691,-55.4016,2026-10-03 00:30:00,METOP-B,AVEIRO,PARÁ,Brasil,1501006,15,33,,,,Amazônia,
6cb69d48-217d-3cb3-8908-d014654e0322,-6.0094,-53.5345,2026-10-03 00:30:00,METOP-B,ALTAMIRA,PARÁ,Brasil,1500602,15,33,,,,Amazônia,
c5e30141-a4d8-3429-ab4a-2f0906a1f1c5,-5.7314,-45.126999,2026-10-03 00:30:00,METOP-B,BARRA DO CORDA,MARANHÃO,Brasil,2101608,21,33,,,,Cerrado,
9ceacb15-e41f-3b5d-8184-2ae2bb9225fa,-4.7819,-55.715099,2026-10-03 00:30:00,METOP-B,TRAIRÃO,PARÁ,Brasil,1508050,15,33,,,,Amazônia,
d64a4846-2bef-36b1-b2ce-b4910d604423,-11.7827,-43.5224,2026-10-03 00:30:00,METOP-B,BARRA,BAHIA,Brasil,2902708,29,33,,,,Cerrado,
aea6259f-29d4-3b44-8162-22278544fcf2,-3.7069,-50.660599,2026-10-03 00:30:00,METOP-B,PACAJÁ,PARÁ,Brasil,1505486,15,33,,,,Amazônia,
3a5796bc-7319-36cb-83ab-07a44c81fe52,-5.7273,-45.152199,2026-10-03 00:30:00,METOP-B,BARRA DO CORDA,MARANHÃO,Brasil,2101608,21,33,,,,Cerrado,
27cee195-ad3d-387a-b4ad-e532985c2ab1,-4.7285,-43.267601,2026-10-03 00:30:00,METOP-B,CAXIAS,MARANHÃO,Brasil,2103000,21,33,,,,Cerrado,
c8796cf0-044e-3e35-962a-eb2c0bfa45d5,-2.8863,-56.815201,2026-10-03 00:30:00,METOP-B,PARINTINS,AMAZONAS,Brasil,1303403,13,33,,,,Amazônia,
179c7f49-1356-351d-a387-e14a61415009,-6.2131,-53.252602,2026-10-03 00:30:00,METOP-B,SÃO FÉLIX DO XINGU,PARÁ,Brasil,1507300,15,33,,,,Amazônia,
ab035faf-842b-3a90-8a39-e1f945c77ead,-12.8496,-44.677898,2026-10-03 00:30:00,METOP-B,SÃO DESIDÉRIO,BAHIA,Brasil,2928901,29,33,,,,Cerrado,
1c3e2f89-c466-3030-aad6-fefeb0c2ce50,-3.1735,-54.076302,2026-10-03 00:30:00,METOP-B,URUARÁ,PARÁ,Brasil,1508159,15,33,,,,Amazônia,
b4920d9f-9cb7-33ab-83b9-592a4d09ad9d,-3.0031,-53.870998,2026-10-03 00:30:00,METOP-B,URUARÁ,PARÁ,Brasil,1508159,15,33,,,,Amazônia,
9aaa000e-a35e-3235-9a25-7521bc78b8d4,-2.4113,-56.810799,2026-10-03 00:30:00,METOP-B,PARINTINS,AMAZONAS,Brasil,1303403,13,33,,,,Amazônia,
5903c3e8-5d18-3e50-a7f5-0e7b2d342cbb,-5.8939,-55.482101,2026-10-03 00:30:00,METOP-B,ITAITUBA,PARÁ,Brasil,1503606,15,33,,,,Amazônia,
07f3489c-071f-3df5-944c-86aca0ea75ab,-11.6386,-43.562,2026-10-03 00:30:00,METOP-B,BARRA,BAHIA,Brasil,2902708,29,33,,,,Cerrado,
d1a53912-effe-3564-b6a3-1e7f2c8cc454,-3.5837,-54.519798,2026-10-03 00:30:00,METOP-B,PLACAS,PARÁ,Brasil,1505650,15,33,,,,Amazônia,
35a78325-1fb3-354e-b19c-9a94867d7502,-3.0047,-53.8783,2026-10-03 00:30:00,METOP-B,URUARÁ,PARÁ,Brasil,1508159,15,33,,,,Amazônia,
fa8cc39a-ef8b-303e-bd4b-38d193f734ed,-0.8996,-47.899101,2026-10-03 00:30:00,METOP-B,CURUÇÁ,PARÁ,Brasil,1502905,15,33,,,,Amazônia,
12eafe8e-c3f5-319f-b08b-9c034ac08946,-3.4121,-52.819099,2026-10-03 00:30:00,METOP-B,MEDICILÂNDIA,PARÁ,Brasil,1504455,15,33,,,,Amazônia,
7253ce71-a7f6-3628-9ddd-06c48f64bc8f,-6.2033,-53.254799,2026-10-03 00:30:00,METOP-B,SÃO FÉLIX DO XINGU,PARÁ,Brasil,1507300,15,33,,,,Amazônia,
d0dbb4b9-9bf1-3550-a497-4b82fa046b01,-2.8875,-54.1329,2026-10-03 00:30:00,METOP-B,SANTARÉM,PARÁ,Brasil,1506807,15,33,,,,Amazônia,
7243c4b9-98c5-3db5-ba10-446316e0b962,-4.4366,-47.9058,2026-10-03 00:30:00,METOP-B,DOM ELISEU,PARÁ,Brasil,1502939,15,33,,,,Amazônia,
15cdfac4-6cbb-31af-aa81-febf2cdb7dac,-4.041,-51.0788,2026-10-03 00:30:00,METOP-B,PACAJÁ,PARÁ,Brasil,1505486,15,33,,,,Amazônia,
8c4faebc-0c3f-378b-8e41-51bd1abc08a8,-5.0969,-56.2458,2026-10-03 00:30:00,METOP-B,TRAIRÃO,PARÁ,Brasil,1508050,15,33,,,,Amazônia,
a5a44ebf-9319-38cc-bb85-e514356107f5,-1.2736,-54.561501,2026-10-03 00:30:00,METOP-B,MONTE ALEGRE,PARÁ,Brasil,1504802,15,33,,,,Amazônia,
42da62a1-58f6-3a72-9562-7b9e7bc4e779,-6.2288,-53.141201,2026-10-03 00:30:00,METOP-B,SÃO FÉLIX DO XINGU,PARÁ,Brasil,1507300,15,33,,,,Amazônia,
33658ce2-8912-357d-b2b8-04577894601b,-2.9071,-54.083199,2026-10-03 00:30:00,METOP-B,URUARÁ,PARÁ,Brasil,1508159,15,33,,,,Amazônia,
26de48b2-2814-356c-afc5-24405c449692,-11.7325,-43.410198,2026-10-03 00:30:00,METOP-B,BARRA,BAHIA,Brasil,2902708,29,33,,,,Cerrado,
224f5bc8-9ec0-3d7c-a7d8-5852bc46bde5,-2.8907,-54.147301,2026-10-03 00:30:00,METOP-B,SANTARÉM,PARÁ,Brasil,1506807,15,33,,,,Amazônia,
2afa6504-74a9-3006-a946-6479b04a746f,-3.1301,-53.749901,2026-10-03 00:30:00,METOP-B,URUARÁ,PARÁ,Brasil,1508159,15,33,,,,Amazônia,
a2c0dc13-1692-3de3-a2b3-15c36c5dcd9c,-3.1152,-53.73,2026-10-03 00:30:00,METOP-B,URUARÁ,PARÁ,Brasil,1508159,15,33,,,,Amazônia,
36d4e490-ed7f-3cbc-835c-250ee8ff71b9,-2.1505,-59.224899,2026-10-03 00:30:00,METOP-B,PRESIDENTE FIGUEIREDO,AMAZONAS,Brasil,1303536,13,33,,,,Amazônia,
e7bf3cf3-247f-3ba2-b597-b39612449f0d,-11.7031,-43.494202,2026-10-03 00:30:00,METOP-B,BARRA,BAHIA,Brasil,2902708,29,33,,,,Cerrado,
b93aeba3-73e3-3ec2-b379-c826a41eb0ca,-1.2704,-54.547199,2026-10-03 00:30:00,METOP-B,MONTE ALEGRE,PARÁ,Brasil,1504802,15,33,,,,Amazônia,
de6d1209-45a3-3eba-864d-e8ca9a9d8e3b,-4.45,-47.9189,2026-10-03 00:30:00,METOP-B,DOM ELISEU,PARÁ,Brasil,1502939,15,33,,,,Amazônia,
292ba6a3-b2c4-35a7-a7fe-f0f0041c5117,1.8126,-55.588902,2026-10-03 00:30:00,METOP-B,ÓBIDOS,PARÁ,Brasil,1505106,15,33,,,,Amazônia,
ed380c01-d2d9-391e-8cab-fba448deff6e,-1.2606,-54.5494,2026-10-03 00:30:00,METOP-B,MONTE ALEGRE,PARÁ,Brasil,1504802,15,33,,,,Amazônia,
fd081cac-24df-33f5-a4e7-8a3c6da7c649,-12.8545,-44.696499,2026-10-03 00:30:00,METOP-B,SÃO DESIDÉRIO,BAHIA,Brasil,2928901,29,33,,,,Cerrado,
401880bb-7cf5-30ad-a312-1b76ed24de23,-5.8524,-53.479401,2026-10-03 00:30:00,METOP-B,ALTAMIRA,PARÁ,Brasil,1500602,15,33,,,,Amazônia,
151a2891-2b93-3e58-bc41-4c02e0cfad1a,-6.7311,-44.128899,2026-10-03 00:30:00,METOP-B,NOVA IORQUE,MARANHÃO,Brasil,2107308,21,33,,,,Cerrado,
b316a2f0-3994-36f0-98f7-fb57fe642917,-5.737,-45.149799,2026-10-03 00:30:00,METOP-B,BARRA DO CORDA,MARANHÃO,Brasil,2101608,21,33,,,,Cerrado,
5accd93d-2966-37fd-9ac7-6bbffa2b3430,-6.0111,-53.541698,2026-10-03 00:30:00,METOP-B,ALTAMIRA,PARÁ,Brasil,1500602,15,33,,,,Amazônia,
9462f4f3-132d-3fa5-a188-f400dd6bc2b8,-3.6416,-55.503201,2026-10-03 00:30:00,METOP-B,AVEIRO,PARÁ,Brasil,1501006,15,33,,,,Amazônia,
0da36753-4c60-3e32-b6d2-6e41c9acccd0,0.6274,-54.402599,2026-10-03 00:30:00,METOP-B,ALMEIRIM,PARÁ,Brasil,1500503,15,33,,,,Amazônia,
661d4e1c-9ffe-3962-8e18-baba95e0e8eb,-1.1389,-54.149502,2026-10-03 00:30:00,METOP-B,MONTE ALEGRE,PARÁ,Brasil,1504802,15,33,,,,Amazônia,
9c8a975f-235e-3842-9cca-7068e2dc05a2,-11.7133,-43.415501,2026-10-03 00:30:00,METOP-B,BARRA,BAHIA,Brasil,2902708,29,33,,,,Cerrado,
1325337e-b674-318b-8b10-27cec4bf729e,-2.4612,-56.073002,2026-10-03 00:30:00,METOP-B,JURUTI,PARÁ,Brasil,1503903,15,33,,,,Amazônia,
c6b5731e-d69c-3f8c-a41d-f3d84d7786f2,-2.2481,-51.922199,2026-10-03 00:30:00,METOP-B,PORTEL,PARÁ,Brasil,1505809,15,33,,,,Amazônia,
745ac305-1ea7-3014-aea1-0b59af3b8d62,-2.5699,-54.7318,2026-10-03 00:30:00,METOP-B,SANTARÉM,PARÁ,Brasil,1506807,15,33,,,,Amazônia,
f4ff0a89-fcad-32c7-92d9-de2662bbf1de,-6.8575,-59.243401,2026-10-03 00:30:00,METOP-B,APUÍ,AMAZONAS,Brasil,1300144,13,33,,,,Amazônia,
ccb613dd-cbf0-3b14-9955-a7ddacf48417,-4.1739,-48.659801,2026-10-03 00:30:00,METOP-B,RONDON DO PARÁ,PARÁ,Brasil,1506187,15,33,,,,Amazônia,
a5a6d9dc-86a1-3159-ac03-8d3cbec71e58,-2.93,-54.093201,2026-10-03 00:30:00,METOP-B,URUARÁ,PARÁ,Brasil,1508159,15,33,,,,Amazônia,
ab5cd1d9-b8a8-3a83-8ff4-ba8b8805b8be,-3.1883,-54.095699,2026-10-03 00:30:00,METOP-B,URUARÁ,PARÁ,Brasil,1508159,15,33,,,,Amazônia,
c26bf355-7d9a-3095-815b-bea48abe4908,-11.4126,-43.3699,2026-10-03 00:30:00,METOP-B,BARRA,BAHIA,Brasil,2902708,29,33,,,,Cerrado,
8a316b3e-09e3-333e-84bd-00573dd7bda1,-1.852,-54.884701,2026-10-03 00:30:00,METOP-B,ALENQUER,PARÁ,Brasil,1500404,15,33,,,,Amazônia,
ece5b91e-4583-3e56-8080-0841fb6d29dc,-10.8773,-57.102402,2026-10-03 00:30:00,METOP-B,JUARA,MATO GROSSO,Brasil,5105101,51,33,,,,Amazônia,
3958c521-2f10-3802-9eea-5f76e95b36f6,-5.8508,-53.472198,2026-10-03 00:30:00,METOP-B,ALTAMIRA,PARÁ,Brasil,1500602,15,33,,,,Amazônia,
83356980-9e06-304b-9523-3ecb8185f71d,-4.2107,-53.560501,2026-10-03 00:30:00,METOP-B,ALTAMIRA,PARÁ,Brasil,1500602,15,33,,,,Amazônia,
ff6f3547-b4f5-38e7-962d-a338cda4798c,1.7913,-55.591499,2026-10-03 00:30:00,METOP-B,ÓBIDOS,PARÁ,Brasil,1505106,15,33,,,,Amazônia,
ed3347cf-3d45-3f1f-9dfe-3a883c594274,-2.9759,-53.255001,2026-10-03 00:30:00,METOP-B,MEDICILÂNDIA,PARÁ,Brasil,1504455,15,33,,,,Amazônia,
895616d9-a1ee-3d81-9c2b-30a8c0f2f654,-11.4478,-43.386101,2026-10-03 00:30:00,METOP-B,BARRA,BAHIA,Brasil,2902708,29,33,,,,Cerrado,
29668cb9-1135-3a3e-97a9-7c85057ed98d,-2.2502,-51.931301,2026-10-03 00:30:00,METOP-B,PORTEL,PARÁ,Brasil,1505809,15,33,,,,Amazônia,
79dff67f-6f76-3b24-9041-0ba5686efae9,-11.4318,-43.364601,2026-10-03 00:30:00,METOP-B,BARRA,BAHIA,Brasil,2902708,29,33,,,,Cerrado,
1b3d7f19-9f5d-3b2c-843e-637f7fbf5db5,-3.1752,-54.0835,2026-10-03 00:30:00,METOP-B,URUARÁ,PARÁ,Brasil,1508159,15,33,,,,Amazônia,
ae4c496e-c9df-3df7-a59f-dcb1bae1ce46,-1.0748,-54.093899,2026-10-03 00:30:00,METOP-B,MONTE ALEGRE,PARÁ,Brasil,1504802,15,33,,,,Amazônia,
0f229b4e-ff2d-3e45-8185-9eb10867df1e,-13.5348,-44.097401,2026-10-03 00:30:00,METOP-B,SÃO FÉLIX DO CORIBE,BAHIA,Brasil,2929057,29,33,,,,Cerrado,
3e1a20b5-a891-3e49-be25-f3298a89f062,-12.8448,-44.659199,2026-10-03 00:30:00,METOP-B,SÃO DESIDÉRIO,BAHIA,Brasil,2928901,29,33,,,,Cerrado,
d95136f2-79a9-30da-bb6d-d201503aa1ee,-3.9676,-55.394798,2026-10-03 00:30:00,METOP-B,AVEIRO,PARÁ,Brasil,1501006,15,33,,,,Amazônia,
75a86d4e-83b2-32a0-9284-ff77e1fa53f4,-11.4094,-43.396599,2026-10-03 00:30:00,METOP-B,BARRA,BAHIA,Brasil,2902708,29,33,,,,Cerrado,
c40a323a-6395-34a4-9897-cb0e692af57c,-3.4093,-52.8233,2026-10-03 00:40:00,GOES-19,MEDICILÂNDIA,PARÁ,Brasil,1504455,15,33,,,,Amazônia,58.0
b81dcfb8-b032-32ab-96e2-27950ec3e819,-11.7174,-43.4861,2026-10-03 00:40:00,GOES-19,BARRA,BAHIA,Brasil,2902708,29,33,,,,Cerrado,149.1
c10ba6c3-5488-32c3-a3e3-5a3d77cde7e1,-2.8855,-45.4175,2026-10-03 00:40:00,GOES-19,PEDRO DO ROSÁRIO,MARANHÃO,Brasil,2108256,21,33,,,,Amazônia,108.9
74e479ba-3f78-3cc7-8271-9fcf547510c4,-0.9147,-47.9069,2026-10-03 00:40:00,GOES-19,CURUÇÁ,PARÁ,Brasil,1502905,15,33,,,,Amazônia,25.2
8b42d45a-9f67-3d30-9a4f-bd9d564cce88,-3.1299,-53.7633,2026-10-03 00:40:00,GOES-19,URUARÁ,PARÁ,Brasil,1508159,15,33,,,,Amazônia,70.6
f0ef0148-add2-3621-a9ca-db8ddada8f42,1.7854,-55.6054,2026-10-03 00:40:00,GOES-19,ÓBIDOS,PARÁ,Brasil,1505106,15,33,,,,Amazônia,67.1
61df3f09-7863-3a22-b0b7-906670770166,-11.4315,-43.3884,2026-10-03 00:40:00,GOES-19,BARRA,BAHIA,Brasil,2902708,29,33,,,,Cerrado,109.8
dddb67cb-948e-357b-ac76-f8a416294689,-11.6977,-43.5128,2026-10-03 00:40:00,GOES-19,BARRA,BAHIA,Brasil,2902708,29,33,,,,Cerrado,106.3
3a3e98c1-8a7d-35f2-b438-d266c9e7c76c,-5.9381,-43.6714,2026-10-03 00:40:00,GOES-19,PASSAGEM FRANCA,MARANHÃO,Brasil,2107902,21,33,,,,Cerrado,72.8
29a7400e-7532-3890-b7fe-1e36c6df1409,-11.7169,-43.5098,2026-10-03 00:40:00,GOES-19,BARRA,BAHIA,Brasil,2902708,29,33,,,,Cerrado,138.4
86914f85-b70b-32b0-93f3-383d4768422b,-11.6391,-43.5692,2026-10-03 00:40:00,GOES-19,BARRA,BAHIA,Brasil,2902708,29,33,,,,Cerrado,132.9
0f25eb05-8de4-3c3a-8ef8-e3a062db612b,-11.6981,-43.4891,2026-10-03 00:40:00,GOES-19,BARRA,BAHIA,Brasil,2902708,29,33,,,,Cerrado,102.9
b3d00d27-5ed3-31c2-8790-b62732e2bf5b,-3.1116,-53.7436,2026-10-03 00:40:00,GOES-19,URUARÁ,PARÁ,Brasil,1508159,15,33,,,,Amazônia,78.9
307e762a-1248-39a4-b2df-06c235be93a6,-2.9266,-54.0903,2026-10-03 00:40:00,GOES-19,URUARÁ,PARÁ,Brasil,1508159,15,33,,,,Amazônia,52.2
25a8b62d-f4df-3701-accc-39073bd1b68d,-3.13,-53.7229,2026-10-03 00:40:00,GOES-19,URUARÁ,PARÁ,Brasil,1508159,15,33,,,,Amazônia,110.6
acd6ee14-744b-3f69-b35d-52e3aff478e6,-11.4123,-43.3913,2026-10-03 00:40:00,GOES-19,BARRA,BAHIA,Brasil,2902708,29,33,,,,Cerrado,99.5
b7a4a85c-a4d4-39d9-a537-e10f339eb6ea,-11.793,-43.5452,2026-10-03 00:40:00,GOES-19,BARRA,BAHIA,Brasil,2902708,29,33,,,,Cerrado,155.2
84846eab-a64d-38d3-8972-a9f5e9763752,-3.2768,-53.8199,2026-10-03 00:40:00,GOES-19,URUARÁ,PARÁ,Brasil,1508159,15,33,,,,Amazônia,44.6
119d0848-9ea0-3e60-bba7-fc83d0f75e97,-11.0067,-59.1381,2026-10-03 00:40:00,GOES-19,JUÍNA,MATO GROSSO,Brasil,5105150,51,33,,,,Amazônia,61.9
e2a6b3ef-c8c2-3a2b-a9e4-77ed97961bf3,-10.9879,-59.1393,2026-10-03 00:40:00,GOES-19,JUÍNA,MATO GROSSO,Brasil,5105150,51,33,,,,Amazônia,117.1
fa13fdae-b977-3d80-a7c0-615165386790,-3.7137,-50.6674,2026-10-03 00:40:00,GOES-19,PACAJÁ,PARÁ,Brasil,1505486,15,33,,,,Amazônia,65.7
67092835-13e4-38f3-89fc-d7e7a4850d03,-3.1483,-53.7426,2026-10-03 00:40:00,GOES-19,URUARÁ,PARÁ,Brasil,1508159,15,33,,,,Amazônia,66.6
fd475a11-34be-35da-aaa7-e0de4b96b3be,-11.7187,-43.4148,2026-10-03 00:40:00,GOES-19,BARRA,BAHIA,Brasil,2902708,29,33,,,,Cerrado,78.3
1ec3d13c-d2ba-3187-8277-73a1a83793ef,-11.7935,-43.5215,2026-10-03 00:40:00,GOES-19,BARRA,BAHIA,Brasil,2902708,29,33,,,,Cerrado,128.9
186dca1b-2046-3594-8d34-eb5562cdde08,-11.4507,-43.3854,2026-10-03 00:40:00,GOES-19,BARRA,BAHIA,Brasil,2902708,29,33,,,,Cerrado,97.0
21cb6b64-fb14-32fa-84eb-959e4963bb1c,-2.9042,-45.3944,2026-10-03 00:40:00,GOES-19,PEDRO DO ROSÁRIO,MARANHÃO,Brasil,2108256,21,33,,,,Amazônia,84.2
1b39a181-2180-33d5-93d5-5d3679dc0248,-2.9082,-54.0907,2026-10-03 00:40:00,GOES-19,URUARÁ,PARÁ,Brasil,1508159,15,33,,,,Amazônia,48.2
0695358e-f3cb-36be-90fd-c4449677fa6d,-3.2952,-53.8194,2026-10-03 00:40:00,GOES-19,URUARÁ,PARÁ,Brasil,1508159,15,33,,,,Amazônia,46.2
160b603b-1157-3813-9312-65dd6646b99e,-6.9295,-49.6325,2026-10-03 00:40:00,GOES-19,SAPUCAIA,PARÁ,Brasil,1507755,15,33,,,,Amazônia,55.5
f77025d1-182d-38ad-aa20-fbd4bc500c1e,-2.9041,-45.4168,2026-10-03 00:40:00,GOES-19,PEDRO DO ROSÁRIO,MARANHÃO,Brasil,2108256,21,33,,,,Amazônia,103.7
ebe96b04-b316-373e-8265-eae9b2509a0c,-11.4887,-43.4032,2026-10-03 00:40:00,GOES-19,BARRA,BAHIA,Brasil,2902708,29,33,,,,Cerrado,111.3
1fcc9170-c0c0-34ba-9a15-815afee447c7,1.8037,-55.5854,2026-10-03 00:40:00,GOES-19,ÓBIDOS,PARÁ,Brasil,1505106,15,33,,,,Amazônia,57.9
cad75d21-88bb-3c93-aade-7dada75c7fbd,-3.2951,-53.8395,2026-10-03 00:40:00,GOES-19,URUARÁ,PARÁ,Brasil,1508159,15,33,,,,Amazônia,50.7
c678ebf2-46bd-3e81-82f4-e722bf5f5c25,-1.2107,-47.7735,2026-10-03 00:40:00,GOES-19,SÃO FRANCISCO DO PARÁ,PARÁ,Brasil,1507409,15,33,,,,Amazônia,50.2
b33ec97a-405e-3459-b5e3-fbf34d9b5e23,-9.6637,-40.5819,2026-10-03 00:40:00,GOES-19,JUAZEIRO,BAHIA,Brasil,2918407,29,33,,,,Caatinga,39.9
0a751dcc-02e6-36ee-8b94-906229f391a6,-6.7401,-44.1371,2026-10-03 00:40:00,GOES-19,NOVA IORQUE,MARANHÃO,Brasil,2107308,21,33,,,,Cerrado,94.7
9374ab98-3e56-380e-822d-f2ad440768e4,-5.6134,-44.3876,2026-10-03 00:40:00,GOES-19,SÃO DOMINGOS DO MARANHÃO,MARANHÃO,Brasil,2110708,21,33,,,,Cerrado,74.3
e73ec86b-a503-3638-a0a3-2c6909e8b19e,-3.1299,-53.7431,2026-10-03 00:40:00,GOES-19,URUARÁ,PARÁ,Brasil,1508159,15,33,,,,Amazônia,207.6
d93a6f8d-d6ab-3a6f-8b0c-6f9f71f74d82,-13.5365,-44.1044,2026-10-03 00:40:00,GOES-19,SÃO FÉLIX DO CORIBE,BAHIA,Brasil,2929057,29,33,,,,Cerrado,94.5
a083e48e-b447-3a2e-b5b2-1839775307ba,1.7854,-55.5856,2026-10-03 00:40:00,GOES-19,ÓBIDOS,PARÁ,Brasil,1505106,15,33,,,,Amazônia,79.4
50954360-2794-3cbe-9b85-41e24f3bb909,-12.8676,-44.6878,2026-10-03 00:40:00,GOES-19,SÃO DESIDÉRIO,BAHIA,Brasil,2928901,29,33,,,,Cerrado,84.5
9ec77150-58aa-398e-ab87-b863cae6ace0,-2.9265,-54.1104,2026-10-03 00:40:00,GOES-19,SANTARÉM,PARÁ,Brasil,1506807,15,33,,,,Amazônia,48.8
7a09f676-9f06-3d69-a11c-0d43ca33f787,-2.8856,-45.395,2026-10-03 00:40:00,GOES-19,PEDRO DO ROSÁRIO,MARANHÃO,Brasil,2108256,21,33,,,,Amazônia,89.0
414b2cb9-fda7-3112-8947-5a1c4cdc6a98,-10.9881,-59.1197,2026-10-03 00:40:00,GOES-19,JUÍNA,MATO GROSSO,Brasil,5105150,51,33,,,,Amazônia,84.6
4a42adfc-ddc3-3386-b74e-e48c8fc435b2,-3.4093,-52.8436,2026-10-03 00:40:00,GOES-19,MEDICILÂNDIA,PARÁ,Brasil,1504455,15,33,,,,Amazônia,56.1
d97fe963-731b-3516-8464-bb5e6aa57eb8,-3.2767,-53.84,2026-10-03 00:40:00,GOES-19,URUARÁ,PARÁ,Brasil,1508159,15,33,,,,Amazônia,47.2
7fe59d18-7e13-36aa-9dfe-52b85d41af73,-11.8123,-43.5422,2026-10-03 00:40:00,GOES-19,BARRA,BAHIA,Brasil,2902708,29,33,,,,Cerrado,124.7
d90611d9-14cb-3251-9efa-62f3a6f57372,-11.4695,-43.4062,2026-10-03 00:40:00,GOES-19,BARRA,BAHIA,Brasil,2902708,29,33,,,,Cerrado,108.9
a1daf2c0-8496-32ca-ab94-50c1904cdbc7,-5.7376,-45.1533,2026-10-03 00:40:00,GOES-19,BARRA DO CORDA,MARANHÃO,Brasil,2101608,21,33,,,,Cerrado,90.9
655847d4-a7b5-3f7d-8365-30f76efb5dab,-2.8897,-54.1313,2026-10-03 00:40:00,GOES-19,SANTARÉM,PARÁ,Brasil,1506807,15,33,,,,Amazônia,51.9
136db095-5c07-3001-8075-ade3fdaa6b58,-5.9569,-43.67,2026-10-03 00:40:00,GOES-19,LAGOA DO MATO,MARANHÃO,Brasil,2105922,21,33,,,,Cerrado,94.9
5d0314e5-8c3c-3662-bb6c-56474cef3985,-5.7563,-45.152,2026-10-03 00:40:00,GOES-19,BARRA DO CORDA,MARANHÃO,Brasil,2101608,21,33,,,,Cerrado,73.3
5cd42037-9cb5-3b70-a10f-d72036afb3e0,-5.9384,-43.6482,2026-10-03 00:40:00,GOES-19,LAGOA DO MATO,MARANHÃO,Brasil,2105922,21,33,,,,Cerrado,115.0
0c6ba417-e3d2-376f-8327-34cdeae68759,-11.8127,-43.5184,2026-10-03 00:40:00,GOES-19,BARRA,BAHIA,Brasil,2902708,29,33,,,,Cerrado,98.6
71866f48-7118-36f0-ba41-bcae09d1a599,-5.9571,-43.6467,2026-10-03 00:40:00,GOES-19,LAGOA DO MATO,MARANHÃO,Brasil,2105922,21,33,,,,Cerrado,161.4
3bdde6f5-b4ae-3cc3-963d-dade44b2b45d,-4.4507,-47.9112,2026-10-03 00:50:00,GOES-19,DOM ELISEU,PARÁ,Brasil,1502939,15,33,,,,Amazônia,52.7
9f988281-7e58-3d9b-9f8e-fd2ebcf10285,-11.7169,-43.5098,2026-10-03 00:50:00,GOES-19,BARRA,BAHIA,Brasil,2902708,29,33,,,,Cerrado,117.8
9fcbb761-57da-3ffe-b140-ed0c2ddb4578,-11.7174,-43.4861,2026-10-03 00:50:00,GOES-19,BARRA,BAHIA,Brasil,2902708,29,33,,,,Cerrado,139.5
d124277e-682c-3307-83a9-98b98c62db2a,-11.6391,-43.5692,2026-10-03 00:50:00,GOES-19,BARRA,BAHIA,Brasil,2902708,29,33,,,,Cerrado,103.9
02fe888f-6bd1-3f26-8b87-a7c496002dbd,-2.8898,-54.1112,2026-10-03 00:50:00,GOES-19,SANTARÉM,PARÁ,Brasil,1506807,15,33,,,,Amazônia,43.5
622915cd-34ad-3ca8-a0ec-244f5f5b6d03,-3.2952,-53.8194,2026-10-03 00:50:00,GOES-19,URUARÁ,PARÁ,Brasil,1508159,15,33,,,,Amazônia,48.3
68f650ca-90fd-3e8c-86eb-da95cfee15ba,-5.6134,-44.3876,2026-10-03 00:50:00,GOES-19,SÃO DOMINGOS DO MARANHÃO,MARANHÃO,Brasil,2110708,21,33,,,,Cerrado,62.8
fa03be26-2c9c-3235-bfa9-752a42e0f4bc,-2.8856,-45.395,2026-10-03 00:50:00,GOES-19,PEDRO DO ROSÁRIO,MARANHÃO,Brasil,2108256,21,33,,,,Amazônia,82.0
f1a35a35-0988-3894-b653-34540f7f2861,-2.8897,-54.1313,2026-10-03 00:50:00,GOES-19,SANTARÉM,PARÁ,Brasil,1506807,15,33,,,,Amazônia,49.0
35094910-d612-3176-8605-eabef1f29f6b,-11.4315,-43.3884,2026-10-03 00:50:00,GOES-19,BARRA,BAHIA,Brasil,2902708,29,33,,,,Cerrado,119.4
07c8fdfe-aee6-3fc4-911b-016ec217dfb4,-11.4695,-43.4062,2026-10-03 00:50:00,GOES-19,BARRA,BAHIA,Brasil,2902708,29,33,,,,Cerrado,103.8
fb276dd6-f690-34ab-b498-56c3fbcba29c,1.7854,-55.6054,2026-10-03 00:50:00,GOES-19,ÓBIDOS,PARÁ,Brasil,1505106,15,33,,,,Amazônia,57.6
2c59b0ec-b679-3910-b0dd-8f4a78f0ca2f,-4.7434,-43.2679,2026-10-03 00:50:00,GOES-19,CAXIAS,MARANHÃO,Brasil,2103000,21,33,,,,Cerrado,64.7
7f1b3fb1-3891-3290-ba39-c55bd406a0df,-2.8897,-54.1514,2026-10-03 00:50:00,GOES-19,SANTARÉM,PARÁ,Brasil,1506807,15,33,,,,Amazônia,36.8
ee2d5db7-6828-3c3d-8010-11fb4107c124,-9.6637,-40.5819,2026-10-03 00:50:00,GOES-19,JUAZEIRO,BAHIA,Brasil,2918407,29,33,,,,Caatinga,48.6
06934e4a-4cd7-30d4-b706-908af9c74906,-4.4506,-47.9329,2026-10-03 00:50:00,GOES-19,DOM ELISEU,PARÁ,Brasil,1502939,15,33,,,,Amazônia,66.7
6d7fb4cd-a530-3b7c-ae37-f92fe6d53878,-11.8123,-43.5422,2026-10-03 00:50:00,GOES-19,BARRA,BAHIA,Brasil,2902708,29,33,,,,Cerrado,101.2
ad7667e1-38e2-3e6e-80b2-09958a5c01a2,-11.793,-43.5452,2026-10-03 00:50:00,GOES-19,BARRA,BAHIA,Brasil,2902708,29,33,,,,Cerrado,152.1
004d7262-d926-3df5-8caf-875e51e87c3d,-3.1839,-54.0839,2026-10-03 00:50:00,GOES-19,URUARÁ,PARÁ,Brasil,1508159,15,33,,,,Amazônia,48.6
6acd8730-04ae-3c8e-84c1-e5cb42849a0d,-5.7355,-43.2916,2026-10-03 00:50:00,GOES-19,PARNARAMA,MARANHÃO,Brasil,2107803,21,33,,,,Cerrado,58.6
d6e15565-5e7a-3dff-8404-abf33aa303f4,1.8037,-55.5854,2026-10-03 00:50:00,GOES-19,ÓBIDOS,PARÁ,Brasil,1505106,15,33,,,,Amazônia,67.3
c956a6e0-fe4a-3ec0-90ea-8ce31f4f8379,-5.9569,-43.67,2026-10-03 00:50:00,GOES-19,LAGOA DO MATO,MARANHÃO,Brasil,2105922,21,33,,,,Cerrado,76.5
928ff4a0-f8f2-3d49-960b-0c0b8330923e,-4.5706,-46.5907,2026-10-03 00:50:00,GOES-19,BOM JESUS DAS SELVAS,MARANHÃO,Brasil,2102036,21,33,,,,Amazônia,43.2
c56e2138-abd9-38fa-ae51-616aa6d2c8c6,-2.9266,-54.0903,2026-10-03 00:50:00,GOES-19,URUARÁ,PARÁ,Brasil,1508159,15,33,,,,Amazônia,37.8
7db171ce-2009-3bb2-9388-6df9dbf6dc4d,-2.9042,-45.3944,2026-10-03 00:50:00,GOES-19,PEDRO DO ROSÁRIO,MARANHÃO,Brasil,2108256,21,33,,,,Amazônia,53.3
dc7d4a02-db7b-37a8-82be-1cdcd09482fa,-11.7187,-43.4148,2026-10-03 00:50:00,GOES-19,BARRA,BAHIA,Brasil,2902708,29,33,,,,Cerrado,67.3
5f902360-dd16-3e1d-8cb1-2a8a0a3f435c,-3.0192,-53.887,2026-10-03 00:50:00,GOES-19,URUARÁ,PARÁ,Brasil,1508159,15,33,,,,Amazônia,38.5
6c12ba1d-161b-3006-b63a-1c7306cd398d,-2.9265,-54.1104,2026-10-03 00:50:00,GOES-19,SANTARÉM,PARÁ,Brasil,1506807,15,33,,,,Amazônia,37.2
36b1d785-4602-33dc-a0b4-ac44ebcc1c05,-5.7357,-43.2682,2026-10-03 00:50:00,GOES-19,PARNARAMA,MARANHÃO,Brasil,2107803,21,33,,,,Cerrado,52.2
05bc873a-a081-3552-8af4-29df2e9f1329,-6.7401,-44.1371,2026-10-03 00:50:00,GOES-19,NOVA IORQUE,MARANHÃO,Brasil,2107308,21,33,,,,Cerrado,74.5
9803d65f-0ce8-38bd-8e51-fe17bd6800ec,-3.2768,-53.8199,2026-10-03 00:50:00,GOES-19,URUARÁ,PARÁ,Brasil,1508159,15,33,,,,Amazônia,62.2
8507371d-1d35-36ba-a7fe-cc1d8982a07c,-3.4093,-52.8233,2026-10-03 00:50:00,GOES-19,MEDICILÂNDIA,PARÁ,Brasil,1504455,15,33,,,,Amazônia,46.8
8d1c856f-a053-339d-ae42-1cade4bc4292,-2.9082,-54.0907,2026-10-03 00:50:00,GOES-19,URUARÁ,PARÁ,Brasil,1508159,15,33,,,,Amazônia,37.2
1188c222-e17b-33c7-b362-485d8f284afc,-5.7376,-45.1533,2026-10-03 00:50:00,GOES-19,BARRA DO CORDA,MARANHÃO,Brasil,2101608,21,33,,,,Cerrado,103.3
d11d0f98-bf8f-3f59-bc14-ab10bd57d06d,-2.8855,-45.4175,2026-10-03 00:50:00,GOES-19,PEDRO DO ROSÁRIO,MARANHÃO,Brasil,2108256,21,33,,,,Amazônia,107.4
0f67f121-1745-3328-a5d7-1a31fcd5a0ab,-6.8394,-59.2836,2026-10-03 00:50:00,GOES-19,APUÍ,AMAZONAS,Brasil,1300144,13,33,,,,Amazônia,55.9
17ed09e0-20cf-3e96-9180-94b5ef920816,-5.9571,-43.6467,2026-10-03 00:50:00,GOES-19,LAGOA DO MATO,MARANHÃO,Brasil,2105922,21,33,,,,Cerrado,122.8
85300550-4c9e-3658-9a31-77369c41ad78,1.7854,-55.5856,2026-10-03 00:50:00,GOES-19,ÓBIDOS,PARÁ,Brasil,1505106,15,33,,,,Amazônia,73.6
3fbcb28a-b775-3939-9f7c-dfefbc8efd0c,-5.6136,-44.3647,2026-10-03 00:50:00,GOES-19,SÃO DOMINGOS DO MARANHÃO,MARANHÃO,Brasil,2110708,21,33,,,,Cerrado,53.3
185f6fc5-8708-340e-83ed-58ae94a95a58,-6.8579,-59.2829,2026-10-03 00:50:00,GOES-19,APUÍ,AMAZONAS,Brasil,1300144,13,33,,,,Amazônia,60.8
38d92316-a6ba-3f0c-8079-104b7a03077d,-11.4887,-43.4032,2026-10-03 00:50:00,GOES-19,BARRA,BAHIA,Brasil,2902708,29,33,,,,Cerrado,95.9
f123e044-4b38-369c-9b47-88308f4f111c,-5.9384,-43.6482,2026-10-03 00:50:00,GOES-19,LAGOA DO MATO,MARANHÃO,Brasil,2105922,21,33,,,,Cerrado,127.7
42d9b277-8f5f-3854-b80e-ff8f07fd5314,-3.2767,-53.84,2026-10-03 00:50:00,GOES-19,URUARÁ,PARÁ,Brasil,1508159,15,33,,,,Amazônia,70.7
e6bba843-f8b7-365f-b357-8a8e3564fef3,-11.4507,-43.3854,2026-10-03 00:50:00,GOES-19,BARRA,BAHIA,Brasil,2902708,29,33,,,,Cerrado,97.1
007363a3-038e-335b-8818-353da4f65838,-11.4123,-43.3913,2026-10-03 00:50:00,GOES-19,BARRA,BAHIA,Brasil,2902708,29,33,,,,Cerrado,98.4
64de7b03-fde8-318d-93b2-7349a18bdbcd,-12.9592,-41.1904,2026-10-03 00:50:00,GOES-19,ITAETÉ,BAHIA,Brasil,2915007,29,33,,,,Caatinga,72.1
cdd8e42a-db85-3594-ae1d-278110348706,-5.9381,-43.6714,2026-10-03 00:50:00,GOES-19,PASSAGEM FRANCA,MARANHÃO,Brasil,2107902,21,33,,,,Cerrado,80.2
85733541-2ba2-361a-bdae-3064974960b3,-2.9041,-45.4168,2026-10-03 00:50:00,GOES-19,PEDRO DO ROSÁRIO,MARANHÃO,Brasil,2108256,21,33,,,,Amazônia,67.9
f7519472-27dc-3aaf-9910-16d2d4057e4d,-10.9881,-59.1197,2026-10-03 00:50:00,GOES-19,JUÍNA,MATO GROSSO,Brasil,5105150,51,33,,,,Amazônia,74.2
9a263022-7e61-339a-a6b0-1d03618bbce0,-3.2951,-53.8395,2026-10-03 00:50:00,GOES-19,URUARÁ,PARÁ,Brasil,1508159,15,33,,,,Amazônia,59.9
6553c1e6-4582-34d6-a442-4e8b4c5d59c4,-6.8393,-59.3029,2026-10-03 00:50:00,GOES-19,APUÍ,AMAZONAS,Brasil,1300144,13,33,,,,Amazônia,49.0
fe01710f-7a5c-3149-ae38-11c377d47a49,-13.5365,-44.1044,2026-10-03 00:50:00,GOES-19,SÃO FÉLIX DO CORIBE,BAHIA,Brasil,2929057,29,33,,,,Cerrado,94.3
15155320-04c0-3c28-84d5-37a64ccf3243,-11.7935,-43.5215,2026-10-03 00:50:00,GOES-19,BARRA,BAHIA,Brasil,2902708,29,33,,,,Cerrado,112.6
c53d8b01-e23d-38c9-9a14-960ef86d9255,-11.8127,-43.5184,2026-10-03 00:50:00,GOES-19,BARRA,BAHIA,Brasil,2902708,29,33,,,,Cerrado,79.2
ffd7d29a-d450-3670-82f1-8b6c9023ef5a,-10.9879,-59.1393,2026-10-03 00:50:00,GOES-19,JUÍNA,MATO GROSSO,Brasil,5105150,51,33,,,,Amazônia,135.6
b1874717-b860-3387-88cc-d2d77aa9feaf,-6.8578,-59.3022,2026-10-03 00:50:00,GOES-19,APUÍ,AMAZONAS,Brasil,1300144,13,33,,,,Amazônia,56.8
41908a39-814d-3a10-b0b1-037ba5ccce16,-0.9123,-47.901001,2026-10-03 00:52:00,METOP-C,CURUÇÁ,PARÁ,Brasil,1502905,15,33,,,,Amazônia,
15f6e60a-493b-3603-afc7-a4c2c57875b1,-3.1138,-50.2766,2026-10-03 00:52:00,METOP-C,PORTEL,PARÁ,Brasil,1505809,15,33,,,,Amazônia,
1c519802-dbae-34f8-812b-b755e2f4308b,-6.0784,-53.300999,2026-10-03 00:52:00,METOP-C,SÃO FÉLIX DO XINGU,PARÁ,Brasil,1507300,15,33,,,,Amazônia,
728e34aa-b00d-38d0-a99a-b5f0858100e2,-3.1897,-54.099998,2026-10-03 00:52:00,METOP-C,URUARÁ,PARÁ,Brasil,1508159,15,33,,,,Amazônia,
553d0f1c-7f07-3156-b354-8d0fa1d61eb0,-6.74,-44.1437,2026-10-03 00:52:00,METOP-C,NOVA IORQUE,MARANHÃO,Brasil,2107308,21,33,,,,Cerrado,
235615a3-2a66-3f38-b5f5-00a4e99bae90,-5.7338,-43.2784,2026-10-03 00:52:00,METOP-C,PARNARAMA,MARANHÃO,Brasil,2107803,21,33,,,,Cerrado,
c833adf1-5802-35f3-9ec7-d32298853653,-5.3696,-56.0509,2026-10-03 00:52:00,METOP-C,TRAIRÃO,PARÁ,Brasil,1508050,15,33,,,,Amazônia,
8f9bce3b-93e8-3b7b-b739-57868f1a4467,-4.37,-43.8255,2026-10-03 00:52:00,METOP-C,CODÓ,MARANHÃO,Brasil,2103307,21,33,,,,Cerrado,
df777d55-5b23-32d0-a420-ffdf9352daef,1.7867,-55.595699,2026-10-03 00:52:00,METOP-C,ÓBIDOS,PARÁ,Brasil,1505106,15,33,,,,Amazônia,
74759e30-31fe-3485-84fe-2c9f38922933,-11.4869,-43.411701,2026-10-03 00:52:00,METOP-C,BARRA,BAHIA,Brasil,2902708,29,33,,,,Cerrado,
4fbaebdc-7d2c-3b04-8531-dee2d7b81b7a,-3.2146,-53.938202,2026-10-03 00:52:00,METOP-C,URUARÁ,PARÁ,Brasil,1508159,15,33,,,,Amazônia,
2deeeb29-994b-35f1-9c2b-1c8080d574a4,-1.1411,-54.157501,2026-10-03 00:52:00,METOP-C,MONTE ALEGRE,PARÁ,Brasil,1504802,15,33,,,,Amazônia,
5840f437-64b5-3623-b7cd-2763d98dd10f,-3.1799,-54.1022,2026-10-03 00:52:00,METOP-C,URUARÁ,PARÁ,Brasil,1508159,15,33,,,,Amazônia,
73c9c6fe-23b3-3f36-99dc-227605fb8d45,-3.2804,-53.820202,2026-10-03 00:52:00,METOP-C,URUARÁ,PARÁ,Brasil,1508159,15,33,,,,Amazônia,
a37d0c02-a6f8-3e0d-a01f-4bd3eeb78940,-6.0075,-53.533699,2026-10-03 00:52:00,METOP-C,ALTAMIRA,PARÁ,Brasil,1500602,15,33,,,,Amazônia,
c1043421-b1e2-384c-b0dc-f9079f49d6b6,-6.4346,-55.622501,2026-10-03 00:52:00,METOP-C,NOVO PROGRESSO,PARÁ,Brasil,1505031,15,33,,,,Amazônia,
86885370-a1f5-35de-9bb4-49dc570d1881,-3.0605,-54.166,2026-10-03 00:52:00,METOP-C,SANTARÉM,PARÁ,Brasil,1506807,15,33,,,,Amazônia,
08e738e7-9f95-3bea-91d7-e233b66b37cc,-6.8471,-59.293201,2026-10-03 00:52:00,METOP-C,APUÍ,AMAZONAS,Brasil,1300144,13,33,,,,Amazônia,
1ce0a393-c96b-352a-a913-389ba7008d05,-12.9792,-41.164001,2026-10-03 00:52:00,METOP-C,ITAETÉ,BAHIA,Brasil,2915007,29,33,,,,Caatinga,
89306a77-5139-3e52-9e4e-cf1ac2788271,-3.295,-53.839001,2026-10-03 00:52:00,METOP-C,URUARÁ,PARÁ,Brasil,1508159,15,33,,,,Amazônia,
91c164f7-74eb-33da-8e64-4a3788102af8,-11.8237,-43.556999,2026-10-03 00:52:00,METOP-C,BARRA,BAHIA,Brasil,2902708,29,33,,,,Cerrado,
9ebd980a-fb21-3aa5-bebb-f950dc61393e,-1.2024,-47.777699,2026-10-03 00:52:00,METOP-C,SÃO FRANCISCO DO PARÁ,PARÁ,Brasil,1507409,15,33,,,,Amazônia,
86d043c8-8419-35d0-804c-551026c496e2,-11.7145,-43.493301,2026-10-03 00:52:00,METOP-C,BARRA,BAHIA,Brasil,2902708,29,33,,,,Cerrado,
9ba540fa-8023-3c4d-996e-8e163efd9237,-5.2476,-55.9184,2026-10-03 00:52:00,METOP-C,TRAIRÃO,PARÁ,Brasil,1508050,15,33,,,,Amazônia,
ca346bd4-7ed0-36e0-8d25-acea6995b648,-10.9754,-59.125099,2026-10-03 00:52:00,METOP-C,JUÍNA,MATO GROSSO,Brasil,5105150,51,33,,,,Amazônia,
83522049-29a0-3263-a543-48210217c93f,-3.0589,-54.158901,2026-10-03 00:52:00,METOP-C,SANTARÉM,PARÁ,Brasil,1506807,15,33,,,,Amazônia,
3463871a-f6a7-31ca-a22a-ed7fec5a36ef,-4.1828,-48.672401,2026-10-03 00:52:00,METOP-C,RONDON DO PARÁ,PARÁ,Brasil,1506187,15,33,,,,Amazônia,
855beadc-d6f1-3447-8f28-dca8cf2c39e8,-1.2166,-54.5317,2026-10-03 00:52:00,METOP-C,MONTE ALEGRE,PARÁ,Brasil,1504802,15,33,,,,Amazônia,
28ed9ae6-bd2a-34ee-8c35-55ae97eda142,-2.9774,-53.262001,2026-10-03 00:52:00,METOP-C,MEDICILÂNDIA,PARÁ,Brasil,1504455,15,33,,,,Amazônia,
c4032d2f-6e40-3ae7-86d3-e54b0e2f00e3,-1.7628,-55.026299,2026-10-03 00:52:00,METOP-C,ALENQUER,PARÁ,Brasil,1500404,15,33,,,,Amazônia,
2bb724fe-4a9e-3d0b-9ffc-53153f10d1c2,-11.7048,-43.4958,2026-10-03 00:52:00,METOP-C,BARRA,BAHIA,Brasil,2902708,29,33,,,,Cerrado,
347b1743-6e98-32fc-9809-5cb9ef9cf16f,-3.1159,-53.731899,2026-10-03 00:52:00,METOP-C,URUARÁ,PARÁ,Brasil,1508159,15,33,,,,Amazônia,
b62c91c4-b4dd-31f5-866e-8d916be7bbb9,-11.4443,-43.407001,2026-10-03 00:52:00,METOP-C,BARRA,BAHIA,Brasil,2902708,29,33,,,,Cerrado,
0b120414-84ed-3910-a7dc-d332cda2fb69,-3.1205,-48.670799,2026-10-03 00:52:00,METOP-C,TAILÂNDIA,PARÁ,Brasil,1507953,15,33,,,,Amazônia,
b63a8136-453a-3cb8-9512-43ab4ed081b1,-3.6403,-55.492802,2026-10-03 00:52:00,METOP-C,AVEIRO,PARÁ,Brasil,1501006,15,33,,,,Amazônia,
da7c330a-22b3-36a5-8436-e70a4ec782c7,1.7949,-55.605202,2026-10-03 00:52:00,METOP-C,ÓBIDOS,PARÁ,Brasil,1505106,15,33,,,,Amazônia,
f4635883-a700-3033-9007-7c3723f9cd93,-5.7432,-45.156601,2026-10-03 00:52:00,METOP-C,BARRA DO CORDA,MARANHÃO,Brasil,2101608,21,33,,,,Cerrado,
ed6e2a11-2bf3-349d-9d86-74fad51fc589,-3.1403,-53.748402,2026-10-03 00:52:00,METOP-C,URUARÁ,PARÁ,Brasil,1508159,15,33,,,,Amazônia,
5cb145e2-6ad8-3dbc-8816-63024e83c774,-9.6947,-57.445499,2026-10-03 00:52:00,METOP-C,APIACÁS,MATO GROSSO,Brasil,5100805,51,33,,,,Amazônia,
1169d0ee-d4b3-35ee-a8db-49ae7645b076,-3.1321,-53.757599,2026-10-03 00:52:00,METOP-C,URUARÁ,PARÁ,Brasil,1508159,15,33,,,,Amazônia,
a49fe285-e4cf-36c4-b967-ff80b24e68e8,-3.2934,-53.832001,2026-10-03 00:52:00,METOP-C,URUARÁ,PARÁ,Brasil,1508159,15,33,,,,Amazônia,
d876ea04-7e8c-30db-9ec2-cecc5beaecfb,2.3526,-50.748699,2026-10-03 00:52:00,METOP-C,CALÇOENE,AMAPÁ,Brasil,1600204,16,33,,,,Amazônia,
20100002-cf1d-36f0-aa1b-93262509c726,0.627,-54.4067,2026-10-03 00:52:00,METOP-C,ALMEIRIM,PARÁ,Brasil,1500503,15,33,,,,Amazônia,
4d15a9b5-7673-30b5-bcaa-d1fe39c7d909,-3.282,-53.827202,2026-10-03 00:52:00,METOP-C,URUARÁ,PARÁ,Brasil,1508159,15,33,,,,Amazônia,
e88bc84d-ff24-36fd-a25f-af3e12f03801,-3.0172,-53.8862,2026-10-03 00:52:00,METOP-C,URUARÁ,PARÁ,Brasil,1508159,15,33,,,,Amazônia,
21b13dc7-7e70-3ce3-9187-9ec6de8b0d6d,-6.0092,-53.540901,2026-10-03 00:52:00,METOP-C,ALTAMIRA,PARÁ,Brasil,1500602,15,33,,,,Amazônia,
3dc1144c-18ca-3821-8756-515267fd29f1,-11.7152,-43.4151,2026-10-03 00:52:00,METOP-C,BARRA,BAHIA,Brasil,2902708,29,33,,,,Cerrado,
1bb566ff-5a0b-3856-957b-8eb0e64f9d78,-2.5727,-54.7379,2026-10-03 00:52:00,METOP-C,SANTARÉM,PARÁ,Brasil,1506807,15,33,,,,Amazônia,
68c13d68-6455-335a-b53a-afd0598fd05f,1.9261,-55.796398,2026-10-03 00:52:00,METOP-C,ÓBIDOS,PARÁ,Brasil,1505106,15,33,,,,Amazônia,
02d9447c-f213-3c21-a04e-c315193d90d9,-12.9652,-41.189098,2026-10-03 00:52:00,METOP-C,ITAETÉ,BAHIA,Brasil,2915007,29,33,,,,Caatinga,
ee87db07-f432-37ad-bec9-8f188535d72a,-3.4138,-52.826698,2026-10-03 00:52:00,METOP-C,MEDICILÂNDIA,PARÁ,Brasil,1504455,15,33,,,,Amazônia,
77f8191a-53f1-354f-a52f-19788152a940,-3.1751,-54.080898,2026-10-03 00:52:00,METOP-C,URUARÁ,PARÁ,Brasil,1508159,15,33,,,,Amazônia,
a54e720e-7f8c-3171-bb61-780a1c0a5415,-11.701,-43.481201,2026-10-03 00:52:00,METOP-C,BARRA,BAHIA,Brasil,2902708,29,33,,,,Cerrado,
da062f7d-8d95-3e5a-b2ab-799a87b85fd7,-11.6419,-43.573898,2026-10-03 00:52:00,METOP-C,BARRA,BAHIA,Brasil,2902708,29,33,,,,Cerrado,
5961284f-1a7d-3320-bbed-156477096b55,-15.3131,-42.790199,2026-10-03 00:52:00,METOP-C,MONTE AZUL,MINAS GERAIS,Brasil,3142908,31,33,,,,Cerrado,
26cb05ad-e152-395c-8106-f22c9195b871,-11.4772,-43.414299,2026-10-03 00:52:00,METOP-C,BARRA,BAHIA,Brasil,2902708,29,33,,,,Cerrado,
2985810e-cf59-35a1-b476-3bd888f44ba9,-11.8334,-43.554501,2026-10-03 00:52:00,METOP-C,BARRA,BAHIA,Brasil,2902708,29,33,,,,Cerrado,
3003f0e0-15b2-3488-a457-7143982e6a05,-3.71,-50.667198,2026-10-03 00:52:00,METOP-C,PACAJÁ,PARÁ,Brasil,1505486,15,33,,,,Amazônia,
ba3e35c8-b447-3bb0-9700-975a7283adb2,-4.813,-49.865101,2026-10-03 00:52:00,METOP-C,NOVO REPARTIMENTO,PARÁ,Brasil,1505064,15,33,,,,Amazônia,
e6520b54-c56f-3262-82c0-a58e81af60f1,-6.0173,-53.531502,2026-10-03 00:52:00,METOP-C,ALTAMIRA,PARÁ,Brasil,1500602,15,33,,,,Amazônia,
4239920b-5bdf-30aa-810b-d268cb0b9842,-2.1421,-59.2202,2026-10-03 00:52:00,METOP-C,PRESIDENTE FIGUEIREDO,AMAZONAS,Brasil,1303536,13,33,,,,Amazônia,
7441b9e2-f61f-31fc-bd58-7ba6e3821dd1,-4.4114,-49.956902,2026-10-03 00:52:00,METOP-C,NOVO REPARTIMENTO,PARÁ,Brasil,1505064,15,33,,,,Amazônia,
0c700bcd-e255-34b2-af51-8e4cd7e1b883,-11.7874,-43.5359,2026-10-03 00:52:00,METOP-C,BARRA,BAHIA,Brasil,2902708,29,33,,,,Cerrado,
17551c33-9dcd-3990-a724-6fba3b434444,-5.9544,-43.629601,2026-10-03 00:52:00,METOP-C,LAGOA DO MATO,MARANHÃO,Brasil,2105922,21,33,,,,Cerrado,
4c27be9f-8439-35d7-9dbf-b0cc3a337c9e,1.8033,-55.568802,2026-10-03 00:52:00,METOP-C,ÓBIDOS,PARÁ,Brasil,1505106,15,33,,,,Amazônia,
797239d7-7d3d-3b5b-bc0a-441dda8974f4,-1.2737,-54.556301,2026-10-03 00:52:00,METOP-C,MONTE ALEGRE,PARÁ,Brasil,1504802,15,33,,,,Amazônia,
76450c9a-9dd8-33ed-b441-66325f6a6045,-2.021,-54.3078,2026-10-03 00:52:00,METOP-C,MONTE ALEGRE,PARÁ,Brasil,1504802,15,33,,,,Amazônia,
505b7288-4c4f-3588-8979-b54eafe0b453,-15.2998,-42.778702,2026-10-03 00:52:00,METOP-C,MONTE AZUL,MINAS GERAIS,Brasil,3142908,31,33,,,,Cerrado,
e13d8284-f3eb-3287-9dd0-c0428589c54e,-4.8539,-43.0397,2026-10-03 00:52:00,METOP-C,CAXIAS,MARANHÃO,Brasil,2103000,21,33,,,,Cerrado,
601ff4a8-4e86-376a-be0d-504d0ca6e30d,-4.4293,-55.752701,2026-10-03 00:52:00,METOP-C,ITAITUBA,PARÁ,Brasil,1503606,15,33,,,,Amazônia,
670ae044-c081-3584-8eb4-d68825a63d9f,-5.7387,-45.053398,2026-10-03 00:52:00,METOP-C,BARRA DO CORDA,MARANHÃO,Brasil,2101608,21,33,,,,Cerrado,
144a9dc6-b817-3605-ae61-cc8ce403618a,-11.8008,-43.547699,2026-10-03 00:52:00,METOP-C,BARRA,BAHIA,Brasil,2902708,29,33,,,,Cerrado,
6b40e583-5194-3427-8290-1091ae24a7a2,-6.8341,-59.279999,2026-10-03 00:52:00,METOP-C,APUÍ,AMAZONAS,Brasil,1300144,13,33,,,,Amazônia,
d22799b5-f895-3f01-9283-689f05cac44d,-4.5704,-46.569,2026-10-03 00:52:00,METOP-C,BOM JESUS DAS SELVAS,MARANHÃO,Brasil,2102036,21,33,,,,Amazônia,
f88a4592-42ee-38a0-8abe-61830902bda1,-11.7279,-43.505299,2026-10-03 00:52:00,METOP-C,BARRA,BAHIA,Brasil,2902708,29,33,,,,Cerrado,
56f84cbd-ed5d-3b77-af8b-8cd1df2eb6cf,-11.6382,-43.559502,2026-10-03 00:52:00,METOP-C,BARRA,BAHIA,Brasil,2902708,29,33,,,,Cerrado,
5ed6e02a-41f8-3740-9427-eed1713eb2a7,-3.0042,-53.874298,2026-10-03 00:52:00,METOP-C,URUARÁ,PARÁ,Brasil,1508159,15,33,,,,Amazônia,
f860228b-35d4-30f2-9e90-15e067eabbea,-6.7113,-45.959599,2026-10-03 00:52:00,METOP-C,FORTALEZA DOS NOGUEIRAS,MARANHÃO,Brasil,2104107,21,33,,,,Cerrado,
b7030f5f-a4b0-3581-9e50-c8b7975f29f2,-11.7383,-43.424599,2026-10-03 00:52:00,METOP-C,BARRA,BAHIA,Brasil,2902708,29,33,,,,Cerrado,
779e6906-d925-32d0-81c4-2b862655bfbd,-14.319,-43.802399,2026-10-03 00:52:00,METOP-C,CARINHANHA,BAHIA,Brasil,2907103,29,33,,,,Cerrado,
c284ce1f-0aaf-3cbd-b3fc-6a4dae8cd084,1.7851,-55.603001,2026-10-03 00:52:00,METOP-C,ÓBIDOS,PARÁ,Brasil,1505106,15,33,,,,Amazônia,
b2c7964a-1151-3b70-b89f-3d3c5c416e7c,-3.1273,-53.736698,2026-10-03 00:52:00,METOP-C,URUARÁ,PARÁ,Brasil,1508159,15,33,,,,Amazônia,
594968b3-2d07-39ba-9b7a-5f0968126fac,-5.9588,-43.647202,2026-10-03 00:52:00,METOP-C,LAGOA DO MATO,MARANHÃO,Brasil,2105922,21,33,,,,Cerrado,
41fc317e-804f-3559-b2fb-85f59dd4fe81,-11.4734,-43.399399,2026-10-03 00:52:00,METOP-C,BARRA,BAHIA,Brasil,2902708,29,33,,,,Cerrado,
aec51edb-3255-3e3a-b670-af8d7c7f34e7,-3.2852,-53.841202,2026-10-03 00:52:00,METOP-C,URUARÁ,PARÁ,Brasil,1508159,15,33,,,,Amazônia,
0a091cff-dd68-38a1-b039-54f5c1f82c30,-2.8873,-54.129902,2026-10-03 00:52:00,METOP-C,SANTARÉM,PARÁ,Brasil,1506807,15,33,,,,Amazônia,
c00156aa-17a8-3636-9a49-61635b78f680,-3.2673,-49.5186,2026-10-03 00:52:00,METOP-C,MOJU,PARÁ,Brasil,1504703,15,33,,,,Amazônia,
d8b5d796-2670-3cb0-8cbe-81dc6ac8ca75,-11.6553,-43.585701,2026-10-03 00:52:00,METOP-C,BARRA,BAHIA,Brasil,2902708,29,33,,,,Cerrado,
4040c2d4-bf44-3fe0-b85f-b14818dd2b3d,-5.7495,-45.140202,2026-10-03 00:52:00,METOP-C,BARRA DO CORDA,MARANHÃO,Brasil,2101608,21,33,,,,Cerrado,
78a1f0ef-fcc1-3c5c-90db-8a67cb1ba1b3,-3.7049,-50.645302,2026-10-03 00:52:00,METOP-C,PACAJÁ,PARÁ,Brasil,1505486,15,33,,,,Amazônia,
569700c7-17f0-3a90-9f79-9b6fd657113f,-2.9626,-54.098301,2026-10-03 00:52:00,METOP-C,SANTARÉM,PARÁ,Brasil,1506807,15,33,,,,Amazônia,
12524f74-75d3-35ae-ba36-98b195149788,-11.4599,-43.387001,2026-10-03 00:52:00,METOP-C,BARRA,BAHIA,Brasil,2902708,29,33,,,,Cerrado,
0d15d8f8-faab-33d0-bb3c-637f649d034e,-3.7525,-45.946499,2026-10-03 00:52:00,METOP-C,ALTO ALEGRE DO PINDARÉ,MARANHÃO,Brasil,2100477,21,33,,,,Amazônia,
b103c311-19e1-3501-b3fd-53b06b209327,-1.1052,-54.1362,2026-10-03 00:52:00,METOP-C,MONTE ALEGRE,PARÁ,Brasil,1504802,15,33,,,,Amazônia,
f9567ab4-9728-36f8-8ac0-70ab4430b65d,1.7966,-55.5979,2026-10-03 00:52:00,METOP-C,ÓBIDOS,PARÁ,Brasil,1505106,15,33,,,,Amazônia,
31de9781-6ba5-390b-a22f-51c80d1f8d49,-0.4057,-51.991299,2026-10-03 00:52:00,METOP-C,MAZAGÃO,AMAPÁ,Brasil,1600402,16,33,,,,Amazônia,
41fc3876-1a03-352f-a316-6516517615e1,-3.1881,-54.092899,2026-10-03 00:52:00,METOP-C,URUARÁ,PARÁ,Brasil,1508159,15,33,,,,Amazônia,
91d96b0c-949b-3d12-92be-2f8607b39aaa,-1.1068,-54.1432,2026-10-03 00:52:00,METOP-C,MONTE ALEGRE,PARÁ,Brasil,1504802,15,33,,,,Amazônia,
3fd9d197-71cc-309c-a010-59892c7a6232,-5.859,-53.4692,2026-10-03 00:52:00,METOP-C,ALTAMIRA,PARÁ,Brasil,1500602,15,33,,,,Amazônia,
0e7b5d1f-d0d0-3ad0-a33c-deb7823e93b9,-2.8841,-54.1157,2026-10-03 00:52:00,METOP-C,SANTARÉM,PARÁ,Brasil,1506807,15,33,,,,Amazônia,
5477ae17-2158-3038-80ea-14ed8db21e63,-3.5861,-54.5285,2026-10-03 00:52:00,METOP-C,PLACAS,PARÁ,Brasil,1505650,15,33,,,,Amazônia,
f76cc268-1209-30f0-b4ce-8f5ca84a41e6,-3.5097,-54.599701,2026-10-03 00:52:00,METOP-C,PLACAS,PARÁ,Brasil,1505650,15,33,,,,Amazônia,
b00f6588-3d04-3b9b-ac7d-e131cc02ef88,3.6947,-51.592201,2026-10-03 00:52:00,METOP-C,OIAPOQUE,AMAPÁ,Brasil,1600501,16,33,,,,Amazônia,
02872f50-6ce1-33de-b754-dfe5202c6233,-6.0059,-53.526501,2026-10-03 00:52:00,METOP-C,ALTAMIRA,PARÁ,Brasil,1500602,15,33,,,,Amazônia,
1aef433b-cf79-3439-ad8b-e7f2bbf12401,-3.8736,-49.686001,2026-10-03 00:52:00,METOP-C,TUCURUÍ,PARÁ,Brasil,1508100,15,33,,,,Amazônia,
2e49bca9-a173-3f85-a5f7-3a3ee888364e,-3.1257,-53.729698,2026-10-03 00:52:00,METOP-C,URUARÁ,PARÁ,Brasil,1508159,15,33,,,,Amazônia,
ea38aebc-56b3-34f9-a826-a5ca046c3c4c,-3.1223,-53.7598,2026-10-03 00:52:00,METOP-C,URUARÁ,PARÁ,Brasil,1508159,15,33,,,,Amazônia,
a0138169-43e1-30dc-83c3-3f982beef460,-11.6987,-43.512901,2026-10-03 00:52:00,METOP-C,BARRA,BAHIA,Brasil,2902708,29,33,,,,Cerrado,
b11f47fd-ed48-3447-ad0f-23b9f072d762,1.7983,-55.590599,2026-10-03 00:52:00,METOP-C,ÓBIDOS,PARÁ,Brasil,1505106,15,33,,,,Amazônia,
eeda0805-b69f-39d1-9c17-74d050229e19,-2.8842,-45.4091,2026-10-03 00:52:00,METOP-C,PEDRO DO ROSÁRIO,MARANHÃO,Brasil,2108256,21,33,,,,Amazônia,
c84ca2e4-3561-32b1-b50f-f41323435506,-1.2623,-54.551399,2026-10-03 00:52:00,METOP-C,MONTE ALEGRE,PARÁ,Brasil,1504802,15,33,,,,Amazônia,
31fd3397-a9e0-3c13-b96d-6e874a8ae8eb,-6.0648,-53.468399,2026-10-03 00:52:00,METOP-C,ALTAMIRA,PARÁ,Brasil,1500602,15,33,,,,Amazônia,
0f7fc258-8f26-33b9-8502-c70b9d40b50e,0.6254,-54.413601,2026-10-03 00:52:00,METOP-C,ALMEIRIM,PARÁ,Brasil,1500503,15,33,,,,Amazônia,
a9814264-56e1-3965-b250-26e23205a6d4,-11.6442,-43.5424,2026-10-03 00:52:00,METOP-C,BARRA,BAHIA,Brasil,2902708,29,33,,,,Cerrado,
235005c2-39ba-3e30-a3d1-fe538c2cb768,-11.4464,-43.374699,2026-10-03 00:52:00,METOP-C,BARRA,BAHIA,Brasil,2902708,29,33,,,,Cerrado,
8fcb02d3-85fe-3802-97d6-9d85afa1d3a3,-11.7085,-43.5103,2026-10-03 00:52:00,METOP-C,BARRA,BAHIA,Brasil,2902708,29,33,,,,Cerrado,
7e6ac0eb-7842-364a-897b-536a2f1b3e10,-3.7181,-50.6577,2026-10-03 00:52:00,METOP-C,PACAJÁ,PARÁ,Brasil,1505486,15,33,,,,Amazônia,
20b74819-c43b-3d97-a009-3bf2fde33089,-2.8975,-45.4217,2026-10-03 00:52:00,METOP-C,PEDRO DO ROSÁRIO,MARANHÃO,Brasil,2108256,21,33,,,,Amazônia,
c6581c6c-98eb-38a5-a5fe-a9cb9ed77bc5,-6.7497,-44.1413,2026-10-03 00:52:00,METOP-C,NOVA IORQUE,MARANHÃO,Brasil,2107308,21,33,,,,Cerrado,
05c0f7c7-9048-338d-8ea0-0c02e5e38ff2,-11.7286,-43.4272,2026-10-03 00:52:00,METOP-C,BARRA,BAHIA,Brasil,2902708,29,33,,,,Cerrado,
21a5bc41-1a3f-3b5f-bf59-52a253f110c2,-12.9599,-41.1693,2026-10-03 00:52:00,METOP-C,ITAETÉ,BAHIA,Brasil,2915007,29,33,,,,Caatinga,
9d77e021-c04b-3bce-a6cd-6ec11595f04e,-12.8649,-44.688499,2026-10-03 00:52:00,METOP-C,SÃO DESIDÉRIO,BAHIA,Brasil,2928901,29,33,,,,Cerrado,
488c8af8-11cd-32c7-9084-e9db1287a54e,-5.9447,-43.631901,2026-10-03 00:52:00,METOP-C,LAGOA DO MATO,MARANHÃO,Brasil,2105922,21,33,,,,Cerrado,
a27fdf9c-aac8-3679-a93b-b08c70e280e3,-4.4132,-49.9646,2026-10-03 00:52:00,METOP-C,NOVO REPARTIMENTO,PARÁ,Brasil,1505064,15,33,,,,Amazônia,
9d3c2c8a-8aff-32bc-989a-87f52897fbca,-3.6986,-50.974201,2026-10-03 00:52:00,METOP-C,PACAJÁ,PARÁ,Brasil,1505486,15,33,,,,Amazônia,
11532f57-4040-3a70-bb34-2f4e1683844a,-3.1227,-48.679901,2026-10-03 00:52:00,METOP-C,TAILÂNDIA,PARÁ,Brasil,1507953,15,33,,,,Amazônia,
e5d59009-ad4d-322b-b0ef-feb3fe8d6514,-15.3095,-42.776001,2026-10-03 00:52:00,METOP-C,MONTE AZUL,MINAS GERAIS,Brasil,3142908,31,33,,,,Cerrado,
8ae3dc45-4b4d-3136-9cf8-e8d5139eebbe,-9.6661,-40.574299,2026-10-03 00:52:00,METOP-C,JUAZEIRO,BAHIA,Brasil,2918407,29,33,,,,Caatinga,
3722d340-8ee9-3669-ad0b-1ee4b2c96be5,-2.8922,-54.151199,2026-10-03 00:52:00,METOP-C,SANTARÉM,PARÁ,Brasil,1506807,15,33,,,,Amazônia,
14aa84c3-95c3-3eb8-92ae-0431310ed009,-4.4176,-55.7463,2026-10-03 00:52:00,METOP-C,ITAITUBA,PARÁ,Brasil,1503606,15,33,,,,Amazônia,
65360596-5a17-33f5-bfb6-4049706d2f1a,-5.6221,-44.366699,2026-10-03 00:52:00,METOP-C,SÃO DOMINGOS DO MARANHÃO,MARANHÃO,Brasil,2110708,21,33,,,,Cerrado,
3657437a-a792-325c-9c72-161563cebbdc,-4.3558,-43.809799,2026-10-03 00:52:00,METOP-C,CODÓ,MARANHÃO,Brasil,2103307,21,33,,,,Cerrado,
07bf2181-b3d0-3b47-83aa-c696a02ba2cb,-4.8442,-43.042,2026-10-03 00:52:00,METOP-C,CAXIAS,MARANHÃO,Brasil,2103000,21,33,,,,Cerrado,
2b8d42b0-f620-37d4-a6ba-ec6c69b72a02,-3.4154,-52.833599,2026-10-03 00:52:00,METOP-C,MEDICILÂNDIA,PARÁ,Brasil,1504455,15,33,,,,Amazônia,
59ec5fbd-9382-3d6d-a468-8f66d135f429,-0.9026,-47.903198,2026-10-03 00:52:00,METOP-C,CURUÇÁ,PARÁ,Brasil,1502905,15,33,,,,Amazônia,
80f3241a-91d0-3c9c-a1d8-4ac687f38bae,-3.9128,-54.425098,2026-10-03 00:52:00,METOP-C,PLACAS,PARÁ,Brasil,1505650,15,33,,,,Amazônia,
fccab1e8-ecfa-3e0b-8b46-33cb2ef28824,-11.7421,-43.439301,2026-10-03 00:52:00,METOP-C,BARRA,BAHIA,Brasil,2902708,29,33,,,,Cerrado,
02e76b72-be1b-37ef-be82-bcea9ed09337,-10.9817,-59.105801,2026-10-03 00:52:00,METOP-C,JUÍNA,MATO GROSSO,Brasil,5105150,51,33,,,,Amazônia,
5e6e104a-0f62-3ef1-a354-d77f22f4ffb8,-11.803,-43.516399,2026-10-03 00:52:00,METOP-C,BARRA,BAHIA,Brasil,2902708,29,33,,,,Cerrado,
a50841fa-65ac-349f-a9e3-8c8444b4438f,-5.9491,-43.649502,2026-10-03 00:52:00,METOP-C,LAGOA DO MATO,MARANHÃO,Brasil,2105922,21,33,,,,Cerrado,
46a4e494-ea29-3b1b-b6f6-7d29a18c1212,-3.1191,-53.745899,2026-10-03 00:52:00,METOP-C,URUARÁ,PARÁ,Brasil,1508159,15,33,,,,Amazônia,
c50a0d86-ee83-383a-bccf-c41ce44fa472,-0.9148,-47.9118,2026-10-03 00:52:00,METOP-C,CURUÇÁ,PARÁ,Brasil,1502905,15,33,,,,Amazônia,
2773b5de-176d-339f-a0bf-386a856907d7,-2.8889,-54.137001,2026-10-03 00:52:00,METOP-C,SANTARÉM,PARÁ,Brasil,1506807,15,33,,,,Amazônia,
38db27a0-731d-3e29-a224-bbe23a8025f3,-10.9949,-59.121201,2026-10-03 00:52:00,METOP-C,JUÍNA,MATO GROSSO,Brasil,5105150,51,33,,,,Amazônia,
078a6f2a-3ea3-329b-b240-2b57c2cb7efb,-11.6479,-43.5569,2026-10-03 00:52:00,METOP-C,BARRA,BAHIA,Brasil,2902708,29,33,,,,Cerrado,
2cc03332-d6ac-3f9b-ab5c-52c9c328789e,-4.7915,-55.7178,2026-10-03 00:52:00,METOP-C,TRAIRÃO,PARÁ,Brasil,1508050,15,33,,,,Amazônia,
f9d674bd-400b-3ccd-b8b1-4da90a9a8ccf,-4.3603,-43.8279,2026-10-03 00:52:00,METOP-C,CODÓ,MARANHÃO,Brasil,2103307,21,33,,,,Cerrado,
4d417586-da89-372c-9ec7-872e4da6c445,-3.2441,-54.519501,2026-10-03 00:52:00,METOP-C,MOJUÍ DOS CAMPOS,PARÁ,Brasil,1504752,15,33,,,,Amazônia,
95141389-7020-3f61-a827-e674a403c4bf,-5.8492,-53.471298,2026-10-03 00:52:00,METOP-C,ALTAMIRA,PARÁ,Brasil,1500602,15,33,,,,Amazônia,
68c43468-ab0a-330e-9d3d-fbc6bdc5f0bc,-4.7481,-43.275799,2026-10-03 00:52:00,METOP-C,CAXIAS,MARANHÃO,Brasil,2103000,21,33,,,,Cerrado,
b8e4a848-8782-3391-b8cb-c9acdb92f293,-4.5607,-46.571301,2026-10-03 00:52:00,METOP-C,BOM JESUS DAS SELVAS,MARANHÃO,Brasil,2102036,21,33,,,,Amazônia,
3bcafed5-d25b-3043-8b00-4ec3336693c7,-2.966,-53.257301,2026-10-03 00:52:00,METOP-C,MEDICILÂNDIA,PARÁ,Brasil,1504455,15,33,,,,Amazônia,
e35e08a1-8b95-33fc-b7f6-33b23837ce10,-6.019,-53.5387,2026-10-03 00:52:00,METOP-C,ALTAMIRA,PARÁ,Brasil,1500602,15,33,,,,Amazônia,
b74af4ba-2023-36c0-9a6e-f0d1f47aad3e,-6.2026,-53.2584,2026-10-03 00:52:00,METOP-C,SÃO FÉLIX DO XINGU,PARÁ,Brasil,1507300,15,33,,,,Amazônia,
323d9873-0116-3d55-91a2-6ae7ee2e7d6e,-10.9096,-43.824699,2026-10-03 00:52:00,METOP-C,BARRA,BAHIA,Brasil,2902708,29,33,,,,Cerrado,
4557799c-55aa-33e9-ae98-f9d14abb5803,-2.4074,-56.814602,2026-10-03 00:52:00,METOP-C,NHAMUNDÁ,AMAZONAS,Brasil,1303007,13,33,,,,Amazônia,
57abdbbd-3d46-3184-9d27-f0f49b7620a7,-6.0632,-53.4613,2026-10-03 00:52:00,METOP-C,ALTAMIRA,PARÁ,Brasil,1500602,15,33,,,,Amazônia,
2e1d35f7-5394-391f-9c79-5efda1b8dbe3,1.7834,-55.610298,2026-10-03 00:52:00,METOP-C,ÓBIDOS,PARÁ,Brasil,1505106,15,33,,,,Amazônia,
e4853f7b-c6c4-38ff-8fa1-70b293095de2,-3.1734,-54.0737,2026-10-03 00:52:00,METOP-C,URUARÁ,PARÁ,Brasil,1508159,15,33,,,,Amazônia,
60efee96-6c16-37c7-80c2-96197d76f99b,-1.0417,-49.210899,2026-10-03 00:52:00,METOP-C,MUANÁ,PARÁ,Brasil,1504901,15,33,,,,Amazônia,
6da218cf-debf-30ea-9ac4-da24cea02237,-1.0874,-54.103699,2026-10-03 00:52:00,METOP-C,MONTE ALEGRE,PARÁ,Brasil,1504802,15,33,,,,Amazônia,
ab43a1a3-5605-3c8e-bc39-4bad2fbb12ae,-4.4274,-55.744202,2026-10-03 00:52:00,METOP-C,ITAITUBA,PARÁ,Brasil,1503606,15,33,,,,Amazônia,
1e53006e-a4f7-30fa-af4d-b8ff28c73069,-5.9534,-43.667099,2026-10-03 00:52:00,METOP-C,LAGOA DO MATO,MARANHÃO,Brasil,2105922,21,33,,,,Cerrado,
14bad1d0-5ffd-3e08-b91d-c4ad3548c9be,-4.4508,-47.928799,2026-10-03 00:52:00,METOP-C,DOM ELISEU,PARÁ,Brasil,1502939,15,33,,,,Amazônia,
e9c6862c-dbb5-3d92-ac6c-e4132069c137,-6.7142,-45.9715,2026-10-03 00:52:00,METOP-C,FORTALEZA DOS NOGUEIRAS,MARANHÃO,Brasil,2104107,21,33,,,,Cerrado,
07c4d7c5-8830-32d3-81a2-d59afd771856,-11.8201,-43.542702,2026-10-03 00:52:00,METOP-C,BARRA,BAHIA,Brasil,2902708,29,33,,,,Cerrado,
9123f0c8-b266-3906-84b1-f7a7352cd726,-5.8508,-53.478401,2026-10-03 00:52:00,METOP-C,ALTAMIRA,PARÁ,Brasil,1500602,15,33,,,,Amazônia,
95533961-0d30-30ee-a1af-cac30e74f5d0,-2.541,-57.403099,2026-10-03 00:52:00,METOP-C,URUCURITUBA,AMAZONAS,Brasil,1304401,13,33,,,,Amazônia,
f2a52f2c-164b-3c41-9f41-f3ae9e4d90a9,1.8,-55.583401,2026-10-03 00:52:00,METOP-C,ÓBIDOS,PARÁ,Brasil,1505106,15,33,,,,Amazônia,
930f8fa0-79e8-38be-ac93-cba6c1d12a08,-5.626,-44.382599,2026-10-03 00:52:00,METOP-C,SÃO DOMINGOS DO MARANHÃO,MARANHÃO,Brasil,2110708,21,33,,,,Cerrado,
4edc5c15-755f-3319-a996-943c4fc54cc1,-4.7335,-43.258598,2026-10-03 00:52:00,METOP-C,CAXIAS,MARANHÃO,Brasil,2103000,21,33,,,,Cerrado,
a40f3ec1-4c3d-3902-b3d4-4adad9b6829e,-1.0792,-54.1129,2026-10-03 00:52:00,METOP-C,MONTE ALEGRE,PARÁ,Brasil,1504802,15,33,,,,Amazônia,
e05174f8-267f-36ea-95ca-ba468469ae14,-4.1185,-55.013699,2026-10-03 00:52:00,METOP-C,RURÓPOLIS,PARÁ,Brasil,1506195,15,33,,,,Amazônia,
88b8f112-995a-3819-86c3-862244c71c8e,-11.7971,-43.533298,2026-10-03 00:52:00,METOP-C,BARRA,BAHIA,Brasil,2902708,29,33,,,,Cerrado,
18d251e8-3bd3-37c4-9b94-e74d0852b1d9,-10.9291,-43.819698,2026-10-03 00:52:00,METOP-C,BARRA,BAHIA,Brasil,2902708,29,33,,,,Cerrado,
c71a265c-bd23-35ff-b28f-b657c7225dc7,-5.7398,-45.142601,2026-10-03 00:52:00,METOP-C,BARRA DO CORDA,MARANHÃO,Brasil,2101608,21,33,,,,Cerrado,
9ad9363f-3f3f-34f1-8f15-971203257364,-4.2634,-50.7402,2026-10-03 00:52:00,METOP-C,NOVO REPARTIMENTO,PARÁ,Brasil,1505064,15,33,,,,Amazônia,
e80cc1d2-5f71-3976-abba-6e9bfb9717be,-1.1427,-54.164501,2026-10-03 00:52:00,METOP-C,MONTE ALEGRE,PARÁ,Brasil,1504802,15,33,,,,Amazônia,
031b65e9-984d-3115-b3e7-fd45e9940e0c,-11.4966,-43.409199,2026-10-03 00:52:00,METOP-C,BARRA,BAHIA,Brasil,2902708,29,33,,,,Cerrado,
124f843d-378d-3a0c-8db6-6d0c7e4a646e,-3.6421,-55.5009,2026-10-03 00:52:00,METOP-C,AVEIRO,PARÁ,Brasil,1501006,15,33,,,,Amazônia,
2c9e21dd-4bdb-308e-bae1-0055fd84174a,1.7918,-55.573898,2026-10-03 00:52:00,METOP-C,ÓBIDOS,PARÁ,Brasil,1505106,15,33,,,,Amazônia,
7868e34b-e3d7-3966-877c-03373129c23d,-10.9852,-59.1231,2026-10-03 00:52:00,METOP-C,JUÍNA,MATO GROSSO,Brasil,5105150,51,33,,,,Amazônia,
ce5f6f3f-e52b-3fb2-8755-d59f801d4935,-12.9555,-41.191799,2026-10-03 00:52:00,METOP-C,ITAETÉ,BAHIA,Brasil,2915007,29,33,,,,Caatinga,
61857210-e098-31f9-8b75-22e964cdef84,-11.427,-43.3797,2026-10-03 00:52:00,METOP-C,BARRA,BAHIA,Brasil,2902708,29,33,,,,Cerrado,
e0508486-89cc-3623-9201-2025e9a7decb,-11.4696,-43.384499,2026-10-03 00:52:00,METOP-C,BARRA,BAHIA,Brasil,2902708,29,33,,,,Cerrado,
7e30b45f-73f6-307f-9aff-3fd536985f96,-4.8148,-49.872799,2026-10-03 00:52:00,METOP-C,NOVO REPARTIMENTO,PARÁ,Brasil,1505064,15,33,,,,Amazônia,
93b5857a-0fc2-3774-a915-315273570dc4,-5.7529,-45.154202,2026-10-03 00:52:00,METOP-C,BARRA DO CORDA,MARANHÃO,Brasil,2101608,21,33,,,,Cerrado,
b196cfc8-82b1-3332-9bc3-4751d9dbb100,-1.2754,-54.5634,2026-10-03 00:52:00,METOP-C,MONTE ALEGRE,PARÁ,Brasil,1504802,15,33,,,,Amazônia,
03ff0f12-935c-3404-ad52-6384ab54e04d,-3.0074,-53.888302,2026-10-03 00:52:00,METOP-C,URUARÁ,PARÁ,Brasil,1508159,15,33,,,,Amazônia,
bbff6d43-5826-3acc-b4d2-76e3adb1dfc8,-3.2273,-54.3097,2026-10-03 00:52:00,METOP-C,MOJUÍ DOS CAMPOS,PARÁ,Brasil,1504752,15,33,,,,Amazônia,
96d3a659-4479-3561-a0da-b5e232746b41,-2.8598,-49.6287,2026-10-03 00:52:00,METOP-C,BAIÃO,PARÁ,Brasil,1501204,15,33,,,,Amazônia,
31b284fc-5d8d-3852-8909-19da6ee9076c,-4.1807,-48.663502,2026-10-03 00:52:00,METOP-C,RONDON DO PARÁ,PARÁ,Brasil,1506187,15,33,,,,Amazônia,
7cb550aa-2e2d-3268-9bfb-715caf504e6c,-6.08,-53.307999,2026-10-03 00:52:00,METOP-C,SÃO FÉLIX DO XINGU,PARÁ,Brasil,1507300,15,33,,,,Amazônia,
3560117e-70e8-3f7a-9d6f-18dc2656be05,-11.8521,-44.734798,2026-10-03 00:52:00,METOP-C,ANGICAL,BAHIA,Brasil,2901403,29,33,,,,Cerrado,
0fb38531-fa2a-3fbd-ba8d-dc01378316fc,-5.7241,-43.2808,2026-10-03 00:52:00,METOP-C,PARNARAMA,MARANHÃO,Brasil,2107803,21,33,,,,Cerrado,
ce0264c0-3695-36ee-aa06-ee0b3bf839c3,-6.7439,-44.1595,2026-10-03 00:52:00,METOP-C,NOVA IORQUE,MARANHÃO,Brasil,2107308,21,33,,,,Cerrado,
914626bd-8393-3c7d-a9fc-8ed68740af59,-2.7477,-51.546501,2026-10-03 00:52:00,METOP-C,PORTEL,PARÁ,Brasil,1505809,15,33,,,,Amazônia,
a2840755-951e-3689-b30d-6571090654e5,1.9197,-55.7794,2026-10-03 00:52:00,METOP-C,ÓBIDOS,PARÁ,Brasil,1505106,15,33,,,,Amazônia,
09496023-3e0c-3f0e-8527-389371219bf8,-11.7242,-43.490799,2026-10-03 00:52:00,METOP-C,BARRA,BAHIA,Brasil,2902708,29,33,,,,Cerrado,
abf3abea-7b9c-3a52-848d-5e89d9776415,-4.2748,-50.745201,2026-10-03 00:52:00,METOP-C,NOVO REPARTIMENTO,PARÁ,Brasil,1505064,15,33,,,,Amazônia,
24ddfcd9-3160-33b7-917b-d7ae69357ef8,-2.9201,-54.0928,2026-10-03 00:52:00,METOP-C,URUARÁ,PARÁ,Brasil,1508159,15,33,,,,Amazônia,
24fe463e-cd72-35a9-8612-69b4a8a45ccf,-2.8857,-54.122799,2026-10-03 00:52:00,METOP-C,SANTARÉM,PARÁ,Brasil,1506807,15,33,,,,Amazônia,
c7aaa862-2299-3e60-9cbf-cb9b9ac77cb7,-3.0188,-53.8932,2026-10-03 00:52:00,METOP-C,URUARÁ,PARÁ,Brasil,1508159,15,33,,,,Amazônia,
27044959-80f5-3bf2-9626-bc0dc579a3b1,-4.4034,-49.9669,2026-10-03 00:52:00,METOP-C,NOVO REPARTIMENTO,PARÁ,Brasil,1505064,15,33,,,,Amazônia,
69797027-bfc7-3b12-a9c3-865bd09ff4dd,-3.1355,-53.727501,2026-10-03 00:52:00,METOP-C,URUARÁ,PARÁ,Brasil,1508159,15,33,,,,Amazônia,
b249282c-3861-3573-a037-6be33c13cf83,-11.7204,-43.4762,2026-10-03 00:52:00,METOP-C,BARRA,BAHIA,Brasil,2902708,29,33,,,,Cerrado,
15bfa7aa-a6b6-3700-a6c3-f2249cb8dc88,-4.5732,-46.5807,2026-10-03 00:52:00,METOP-C,BOM JESUS DAS SELVAS,MARANHÃO,Brasil,2102036,21,33,,,,Amazônia,
17ba207a-f2ed-34ff-b899-a504aa013da9,-3.0058,-53.881302,2026-10-03 00:52:00,METOP-C,URUARÁ,PARÁ,Brasil,1508159,15,33,,,,Amazônia,
59a58cfa-84c7-3d5a-a4b7-9f225832437f,-6.158,-49.4828,2026-10-03 00:52:00,METOP-C,ELDORADO DO CARAJÁS,PARÁ,Brasil,1502954,15,33,,,,Amazônia,
2654d981-d9f1-31ec-a1f8-f32f0faa031b,-11.7182,-43.507801,2026-10-03 00:52:00,METOP-C,BARRA,BAHIA,Brasil,2902708,29,33,,,,Cerrado,
082f14cd-f586-3871-8187-1f450f3909d2,-15.3034,-42.7929,2026-10-03 00:52:00,METOP-C,MONTE AZUL,MINAS GERAIS,Brasil,3142908,31,33,,,,Cerrado,
3400d63a-bb74-31f4-bea1-d206fe3dce25,-4.8392,-43.021801,2026-10-03 00:52:00,METOP-C,CAXIAS,MARANHÃO,Brasil,2103000,21,33,,,,Cerrado,
2ffb6b20-9ac7-3054-8705-c813c02b94cf,1.8081,-55.5928,2026-10-03 00:52:00,METOP-C,ÓBIDOS,PARÁ,Brasil,1505106,15,33,,,,Amazônia,
82e33e1b-785a-3cfe-ba91-e20dfc0194dd,-2.894,-45.406799,2026-10-03 00:52:00,METOP-C,PEDRO DO ROSÁRIO,MARANHÃO,Brasil,2108256,21,33,,,,Amazônia,
c38bbf09-76c8-3ccc-8c82-dd62396e2eb8,-1.2656,-54.565601,2026-10-03 00:52:00,METOP-C,MONTE ALEGRE,PARÁ,Brasil,1504802,15,33,,,,Amazônia,
335acc35-6e2a-3a1a-92ce-7092712218a9,-4.1926,-48.6702,2026-10-03 00:52:00,METOP-C,RONDON DO PARÁ,PARÁ,Brasil,1506187,15,33,,,,Amazônia,
dbd7c09e-4f64-36a7-ae76-1fc3ead74b6e,-3.6439,-55.508999,2026-10-03 00:52:00,METOP-C,AVEIRO,PARÁ,Brasil,1501006,15,33,,,,Amazônia,
32cb70bc-ca50-3a0f-8b58-7fd86e10297a,-5.6124,-44.368999,2026-10-03 00:52:00,METOP-C,SÃO DOMINGOS DO MARANHÃO,MARANHÃO,Brasil,2110708,21,33,,,,Cerrado,
9e596810-e73c-32f6-8488-00eb9a6c25fd,-5.5993,-44.904099,2026-10-03 00:52:00,METOP-C,TUNTUM,MARANHÃO,Brasil,2112308,21,33,,,,Cerrado,
f0a744b1-837c-38aa-9c2e-5746abc6ce73,-2.5629,-54.740101,2026-10-03 00:52:00,METOP-C,SANTARÉM,PARÁ,Brasil,1506807,15,33,,,,Amazônia,
881c26e6-a0d9-317c-a81b-4004b91c7225,1.918,-55.7868,2026-10-03 00:52:00,METOP-C,ÓBIDOS,PARÁ,Brasil,1505106,15,33,,,,Amazônia,
7bbe8e9b-64e6-3cb4-8ea3-48975a74f074,1.9244,-55.803699,2026-10-03 00:52:00,METOP-C,ÓBIDOS,PARÁ,Brasil,1505106,15,33,,,,Amazônia,
4658ac8b-d3cd-3115-80d9-3db68cc2902b,-4.4583,-47.916901,2026-10-03 00:52:00,METOP-C,DOM ELISEU,PARÁ,Brasil,1502939,15,33,,,,Amazônia,
7b5b6fac-3edb-37a7-8d06-811f6d07c865,-2.8906,-54.1441,2026-10-03 00:52:00,METOP-C,SANTARÉM,PARÁ,Brasil,1506807,15,33,,,,Amazônia,
cc358239-4ed8-3ef5-af27-68940ff701ba,-6.1562,-49.475101,2026-10-03 00:52:00,METOP-C,ELDORADO DO CARAJÁS,PARÁ,Brasil,1502954,15,33,,,,Amazônia,
22647bee-f6d4-39f4-8df5-6fcb28b64e72,-4.4485,-47.919102,2026-10-03 00:52:00,METOP-C,DOM ELISEU,PARÁ,Brasil,1502939,15,33,,,,Amazônia,
9a823cc9-c652-3aba-bc1f-31ef653561e8,-11.4211,-43.397099,2026-10-03 00:52:00,METOP-C,BARRA,BAHIA,Brasil,2902708,29,33,,,,Cerrado,
b45403c2-1e03-3f9b-990d-8d4587dd0550,-3.1289,-53.743698,2026-10-03 00:52:00,METOP-C,URUARÁ,PARÁ,Brasil,1508159,15,33,,,,Amazônia,
5a04b75e-14a9-3f42-bee1-c43219f59c07,-5.7364,-45.128601,2026-10-03 00:52:00,METOP-C,BARRA DO CORDA,MARANHÃO,Brasil,2101608,21,33,,,,Cerrado,
05058354-2559-39b4-8575-a43e18d6cf9f,-11.4502,-43.389599,2026-10-03 00:52:00,METOP-C,BARRA,BAHIA,Brasil,2902708,29,33,,,,Cerrado,
f9ce75c4-7761-325e-b045-572e61dcfc8c,-11.8491,-44.722801,2026-10-03 00:52:00,METOP-C,ANGICAL,BAHIA,Brasil,2901403,29,33,,,,Cerrado,
f0a51778-b4c5-3410-a465-af641ae8f98a,-5.6163,-44.384899,2026-10-03 00:52:00,METOP-C,SÃO DOMINGOS DO MARANHÃO,MARANHÃO,Brasil,2110708,21,33,,,,Cerrado,
43832297-1d94-3608-8261-970a7d948984,1.7901,-55.5812,2026-10-03 00:52:00,METOP-C,ÓBIDOS,PARÁ,Brasil,1505106,15,33,,,,Amazônia,
86c69e7f-9abb-38b2-b2e5-3b486250bd63,1.805,-55.5616,2026-10-03 00:52:00,METOP-C,ÓBIDOS,PARÁ,Brasil,1505106,15,33,,,,Amazônia,
61987fc6-2116-31e9-8ee1-e0561e969660,-3.2162,-53.945301,2026-10-03 00:52:00,METOP-C,URUARÁ,PARÁ,Brasil,1508159,15,33,,,,Amazônia,
808bbf28-2edb-3973-b03f-5d78bb0e33a2,-5.7385,-43.297199,2026-10-03 00:52:00,METOP-C,PARNARAMA,MARANHÃO,Brasil,2107803,21,33,,,,Cerrado,
c673ca89-19ea-37ca-8fc7-601288d30d81,-6.8373,-59.247299,2026-10-03 00:52:00,METOP-C,APUÍ,AMAZONAS,Brasil,1300144,13,33,,,,Amazônia,
f0a7a1f5-d46d-3315-8a7d-6a7aa736d41a,-1.0776,-54.1059,2026-10-03 00:52:00,METOP-C,MONTE ALEGRE,PARÁ,Brasil,1504802,15,33,,,,Amazônia,
c11fb460-a7ff-3236-b178-47547d6c7027,-2.9758,-53.2551,2026-10-03 00:52:00,METOP-C,MEDICILÂNDIA,PARÁ,Brasil,1504455,15,33,,,,Amazônia,
4728909d-8cda-308c-aec4-815267e765da,-5.7484,-45.050999,2026-10-03 00:52:00,METOP-C,BARRA DO CORDA,MARANHÃO,Brasil,2101608,21,33,,,,Cerrado,
3b516279-98f8-3f39-bef3-6160894419fa,-3.1685,-54.097301,2026-10-03 00:52:00,METOP-C,URUARÁ,PARÁ,Brasil,1508159,15,33,,,,Amazônia,
635c6f36-6f10-3801-a188-cda1d380bc65,-4.5635,-46.583,2026-10-03 00:52:00,METOP-C,BOM JESUS DAS SELVAS,MARANHÃO,Brasil,2102036,21,33,,,,Amazônia,
781265a9-80e4-3400-add0-a248753554e9,-1.8552,-54.889599,2026-10-03 00:52:00,METOP-C,ALENQUER,PARÁ,Brasil,1500404,15,33,,,,Amazônia,
7b0cc032-0b6a-36ba-bde2-24120e233eeb,1.7434,-50.801201,2026-10-03 00:52:00,METOP-C,PRACUÚBA,AMAPÁ,Brasil,1600550,16,33,,,,Amazônia,
bb9f99f7-5be4-3e38-9ffe-39c4b6ba6806,-3.0156,-53.8792,2026-10-03 00:52:00,METOP-C,URUARÁ,PARÁ,Brasil,1508159,15,33,,,,Amazônia,
ccd522db-a59f-3784-9605-8645c90ec50b,-2.9217,-54.099899,2026-10-03 00:52:00,METOP-C,URUARÁ,PARÁ,Brasil,1508159,15,33,,,,Amazônia,
0705e936-4e0f-3654-baf9-05e3bc62232e,1.8016,-55.576099,2026-10-03 00:52:00,METOP-C,ÓBIDOS,PARÁ,Brasil,1505106,15,33,,,,Amazônia,
ac94ec52-ed8e-3ee3-8e45-950713348af9,-2.979,-53.268799,2026-10-03 00:52:00,METOP-C,MEDICILÂNDIA,PARÁ,Brasil,1504455,15,33,,,,Amazônia,
e74a896a-db8c-3189-b0f3-2b3b928d76fd,-2.9676,-53.264198,2026-10-03 00:52:00,METOP-C,MEDICILÂNDIA,PARÁ,Brasil,1504455,15,33,,,,Amazônia,
812bf48b-c91b-3f93-9449-373377c59ad4,-11.4367,-43.377201,2026-10-03 00:52:00,METOP-C,BARRA,BAHIA,Brasil,2902708,29,33,,,,Cerrado,
02021e74-9528-314d-80ff-55e6cb5ad0a6,-4.7432,-43.256302,2026-10-03 00:52:00,METOP-C,CAXIAS,MARANHÃO,Brasil,2103000,21,33,,,,Cerrado,
3976f8db-852e-340c-a1cc-a8fc44d677b7,-1.089,-54.110699,2026-10-03 00:52:00,METOP-C,MONTE ALEGRE,PARÁ,Brasil,1504802,15,33,,,,Amazônia,
aa2ac6d4-ce1a-3cc5-af31-b301de409613,-6.8308,-59.264702,2026-10-03 00:52:00,METOP-C,APUÍ,AMAZONAS,Brasil,1300144,13,33,,,,Amazônia,
c049c05d-f5fc-33e1-b745-afdefbda04ff,-11.4173,-43.382198,2026-10-03 00:52:00,METOP-C,BARRA,BAHIA,Brasil,2902708,29,33,,,,Cerrado,
cd7461da-4bba-35d3-a0c4-b89104f5d159,-5.3716,-56.060001,2026-10-03 00:52:00,METOP-C,TRAIRÃO,PARÁ,Brasil,1508050,15,33,,,,Amazônia,
efba49d0-5cb9-3190-9f40-354518452096,-3.1305,-53.750599,2026-10-03 00:52:00,METOP-C,URUARÁ,PARÁ,Brasil,1508159,15,33,,,,Amazônia,
4bef713b-7003-3018-a8b3-36e3f65b11e2,-3.7494,-45.933201,2026-10-03 00:52:00,METOP-C,ALTO ALEGRE DO PINDARÉ,MARANHÃO,Brasil,2100477,21,33,,,,Amazônia,
0a643986-aec1-3d4c-b4fe-c6f920a81d4c,-11.6345,-43.544998,2026-10-03 00:52:00,METOP-C,BARRA,BAHIA,Brasil,2902708,29,33,,,,Cerrado,
46ba6811-f1a4-3501-be51-7b4564aed683,-4.7384,-43.278099,2026-10-03 00:52:00,METOP-C,CAXIAS,MARANHÃO,Brasil,2103000,21,33,,,,Cerrado,
b1836e50-ef36-390a-bd9a-b490e173054d,-3.2836,-53.834202,2026-10-03 00:52:00,METOP-C,URUARÁ,PARÁ,Brasil,1508159,15,33,,,,Amazônia,
e504754a-b834-3f48-9746-7768827a9cbe,-4.8489,-43.019501,2026-10-03 00:52:00,METOP-C,CAXIAS,MARANHÃO,Brasil,2103000,21,33,,,,Cerrado,
b0c53057-76a6-3755-b48d-642897570ddb,-2.8631,-51.019402,2026-10-03 00:52:00,METOP-C,PORTEL,PARÁ,Brasil,1505809,15,33,,,,Amazônia,
e2e478eb-7bf6-3da1-8f6f-9953282bc478,-11.4308,-43.3946,2026-10-03 00:52:00,METOP-C,BARRA,BAHIA,Brasil,2902708,29,33,,,,Cerrado,
ac79b96f-ea77-3df8-9eda-12a3e16390b8,-11.7107,-43.478699,2026-10-03 00:52:00,METOP-C,BARRA,BAHIA,Brasil,2902708,29,33,,,,Cerrado,
c34bbee9-5aeb-3e50-a689-acd7ff26233b,-11.8067,-43.5308,2026-10-03 00:52:00,METOP-C,BARRA,BAHIA,Brasil,2902708,29,33,,,,Cerrado,
868e7d99-ade3-3f52-ba9c-c4470ab1b970,1.7932,-55.612499,2026-10-03 00:52:00,METOP-C,ÓBIDOS,PARÁ,Brasil,1505106,15,33,,,,Amazônia,
28700475-4262-34f0-bf13-90f467dd146e,-3.7164,-50.650398,2026-10-03 00:52:00,METOP-C,PACAJÁ,PARÁ,Brasil,1505486,15,33,,,,Amazônia,
343506ec-2dbd-39e3-b396-1913a49d9443,-3.1241,-53.722698,2026-10-03 00:52:00,METOP-C,URUARÁ,PARÁ,Brasil,1508159,15,33,,,,Amazônia,
4f697cde-e883-35c8-b120-2bd74cdf6b3e,-10.9887,-59.140499,2026-10-03 00:52:00,METOP-C,JUÍNA,MATO GROSSO,Brasil,5105150,51,33,,,,Amazônia,
6dd7060c-9d70-32dd-802e-d9e804921ddd,-0.9051,-47.914001,2026-10-03 00:52:00,METOP-C,CURUÇÁ,PARÁ,Brasil,1502905,15,33,,,,Amazônia,
f663a74a-9102-39a3-8bb9-14930424b4b7,-11.4637,-43.401901,2026-10-03 00:52:00,METOP-C,BARRA,BAHIA,Brasil,2902708,29,33,,,,Cerrado,
7dec177a-92bf-377a-b6f3-f85e1b1aaa33,-4.4606,-47.926601,2026-10-03 00:52:00,METOP-C,DOM ELISEU,PARÁ,Brasil,1502939,15,33,,,,Amazônia,
87965dc0-e757-3674-90f8-b59cf39e3123,-6.7361,-44.127899,2026-10-03 00:52:00,METOP-C,NOVA IORQUE,MARANHÃO,Brasil,2107308,21,33,,,,Cerrado,
54fc2ccb-660c-3de9-81db-56f6a3c03d5d,1.7884,-55.588402,2026-10-03 00:52:00,METOP-C,ÓBIDOS,PARÁ,Brasil,1505106,15,33,,,,Amazônia,
83362f23-d67c-362b-94e2-515f09afb0b0,-9.6974,-57.458199,2026-10-03 00:52:00,METOP-C,APIACÁS,MATO GROSSO,Brasil,5100805,51,33,,,,Amazônia,
7a105f2a-b79d-30c6-ac2e-ff514d947591,-4.7798,-55.711399,2026-10-03 00:52:00,METOP-C,TRAIRÃO,PARÁ,Brasil,1508050,15,33,,,,Amazônia,
65f0e4d0-d029-388b-9544-33903305e0d4,-2.0193,-54.300701,2026-10-03 00:52:00,METOP-C,MONTE ALEGRE,PARÁ,Brasil,1504802,15,33,,,,Amazônia,
11359f34-264b-3553-bc24-a3c92b86788c,-2.8904,-45.391899,2026-10-03 00:52:00,METOP-C,PEDRO DO ROSÁRIO,MARANHÃO,Brasil,2108256,21,33,,,,Amazônia,
57b59be8-bfb8-3183-9fcf-1625bcd6bc23,-1.2639,-54.558498,2026-10-03 00:52:00,METOP-C,MONTE ALEGRE,PARÁ,Brasil,1504802,15,33,,,,Amazônia,
b7a81a3e-4ec6-3536-bb5a-a8b8f7373ce2,-6.2043,-53.265499,2026-10-03 00:52:00,METOP-C,SÃO FÉLIX DO XINGU,PARÁ,Brasil,1507300,15,33,,,,Amazônia,
cc6413ac-2b12-3212-a593-4b5905d084b0,-3.7066,-50.652599,2026-10-03 00:52:00,METOP-C,PACAJÁ,PARÁ,Brasil,1505486,15,33,,,,Amazônia,
1b829870-005b-30a1-b24d-7432da2b8565,-4.2732,-50.737999,2026-10-03 00:52:00,METOP-C,NOVO REPARTIMENTO,PARÁ,Brasil,1505064,15,33,,,,Amazônia,
c57951fd-f8f0-35eb-8b13-57c416656141,-11.6456,-43.5882,2026-10-03 00:52:00,METOP-C,BARRA,BAHIA,Brasil,2902708,29,33,,,,Cerrado,
f076a02a-53b7-38ec-8f6d-662adc5b58c1,-4.3647,-43.846001,2026-10-03 00:52:00,METOP-C,CODÓ,MARANHÃO,Brasil,2103307,21,33,,,,Cerrado,
42555e6c-e4b0-388e-abf4-6fc2d8cd4465,-6.8406,-59.2626,2026-10-03 00:52:00,METOP-C,APUÍ,AMAZONAS,Brasil,1300144,13,33,,,,Amazônia,
654a43e7-b26e-3ed5-8211-df26bb22619b,-3.1767,-54.088001,2026-10-03 00:52:00,METOP-C,URUARÁ,PARÁ,Brasil,1508159,15,33,,,,Amazônia,
5bd97963-4ff7-3858-b7f3-49dc28c614e3,-5.2574,-55.916199,2026-10-03 00:52:00,METOP-C,TRAIRÃO,PARÁ,Brasil,1508050,15,33,,,,Amazônia,
c9c701f2-cb15-3688-af70-70a98b4dc60b,-11.4831,-43.3969,2026-10-03 00:52:00,METOP-C,BARRA,BAHIA,Brasil,2902708,29,33,,,,Cerrado,
1b71b8d9-4d2d-39a5-a3c6-40cfc911f00d,-11.7934,-43.518902,2026-10-03 00:52:00,METOP-C,BARRA,BAHIA,Brasil,2902708,29,33,,,,Cerrado,
55e35db7-1504-31ca-bb58-5a466cfce7a9,-3.1387,-53.741501,2026-10-03 00:52:00,METOP-C,URUARÁ,PARÁ,Brasil,1508159,15,33,,,,Amazônia,
1d14b1ab-c7f3-3849-93cb-574c957c55ab,-5.8606,-53.476299,2026-10-03 00:52:00,METOP-C,ALTAMIRA,PARÁ,Brasil,1500602,15,33,,,,Amazônia,
d2738fd0-5bfe-3e7f-a051-31f2037bad4e,-11.4405,-43.392101,2026-10-03 00:52:00,METOP-C,BARRA,BAHIA,Brasil,2902708,29,33,,,,Cerrado,
4b8204eb-50f2-34ff-a137-03f35985939f,-4.576,-46.5924,2026-10-03 00:52:00,METOP-C,BOM JESUS DAS SELVAS,MARANHÃO,Brasil,2102036,21,33,,,,Amazônia,
f3da102a-1120-31f7-8db3-a3276ba3a1e8,1.9227,-55.8111,2026-10-03 00:52:00,METOP-C,ÓBIDOS,PARÁ,Brasil,1505106,15,33,,,,Amazônia,
d90ca357-72a6-34a7-990f-30c0c57564a4,-11.8104,-43.5452,2026-10-03 00:52:00,METOP-C,BARRA,BAHIA,Brasil,2902708,29,33,,,,Cerrado,
7594b274-80d5-3be8-82d2-e6579fa8c514,-4.7896,-55.709202,2026-10-03 00:52:00,METOP-C,TRAIRÃO,PARÁ,Brasil,1508050,15,33,,,,Amazônia,
dd37ac5a-7932-31ee-b97e-9543704e5115,2.3507,-50.756901,2026-10-03 00:52:00,METOP-C,CALÇOENE,AMAPÁ,Brasil,1600204,16,33,,,,Amazônia,
10fd1dbf-2c70-3114-84ba-f9f80aebf19b,-1.2182,-54.538799,2026-10-03 00:52:00,METOP-C,MONTE ALEGRE,PARÁ,Brasil,1504802,15,33,,,,Amazônia,
a5492bfb-04f7-3cdc-919c-457cb78def2a,-11.6516,-43.571301,2026-10-03 00:52:00,METOP-C,BARRA,BAHIA,Brasil,2902708,29,33,,,,Cerrado,
a118782b-e829-371d-9a8a-9c400878425b,-3.2425,-54.512199,2026-10-03 00:52:00,METOP-C,MOJUÍ DOS CAMPOS,PARÁ,Brasil,1504752,15,33,,,,Amazônia,
2c5ce0d1-9272-31ba-976f-32cea56ac3e7,-12.862,-44.6768,2026-10-03 00:52:00,METOP-C,SÃO DESIDÉRIO,BAHIA,Brasil,2928901,29,33,,,,Cerrado,
ce86992a-f5d9-37df-aeb5-2b78a0649e0d,-3.2997,-50.3223,2026-10-03 00:52:00,METOP-C,PORTEL,PARÁ,Brasil,1505809,15,33,,,,Amazônia,
3e60a8bc-7ffd-305d-9e94-ccf8e706f1e1,-6.0206,-53.545898,2026-10-03 00:52:00,METOP-C,ALTAMIRA,PARÁ,Brasil,1500602,15,33,,,,Amazônia,
125b31fc-f548-3d58-bdc3-8071db564214,-11.4135,-43.367298,2026-10-03 00:52:00,METOP-C,BARRA,BAHIA,Brasil,2902708,29,33,,,,Cerrado,
b14e605f-158e-3614-a9dc-fc094ed1ec64,-11.7189,-43.429699,2026-10-03 00:52:00,METOP-C,BARRA,BAHIA,Brasil,2902708,29,33,,,,Cerrado,
3502b6d5-6e4a-3de3-95da-5154dcc3afcc,-3.1783,-54.0951,2026-10-03 00:52:00,METOP-C,URUARÁ,PARÁ,Brasil,1508159,15,33,,,,Amazônia,
c011592d-d205-3b2a-b54e-93f8c57be4ff,-5.9437,-43.669399,2026-10-03 00:52:00,METOP-C,LAGOA DO MATO,MARANHÃO,Brasil,2105922,21,33,,,,Cerrado,
374380d2-f1e5-36b5-836f-16790ccdeba3,-3.1175,-53.738899,2026-10-03 00:52:00,METOP-C,URUARÁ,PARÁ,Brasil,1508159,15,33,,,,Amazônia,
d9f27576-f485-3c92-8242-5223dfd09dc8,-6.8438,-59.277901,2026-10-03 00:52:00,METOP-C,APUÍ,AMAZONAS,Brasil,1300144,13,33,,,,Amazônia,
73929b69-038e-398f-9273-a03b8e77269d,-3.1371,-53.734501,2026-10-03 00:52:00,METOP-C,URUARÁ,PARÁ,Brasil,1508159,15,33,,,,Amazônia,
5605c5cb-5912-30a6-bcd9-dfc3794e3746,-6.8374,-59.2953,2026-10-03 00:52:00,METOP-C,APUÍ,AMAZONAS,Brasil,1300144,13,33,,,,Amazônia,
39299833-873b-3332-bc5d-f9d948d6a092,-3.7083,-50.659901,2026-10-03 00:52:00,METOP-C,PACAJÁ,PARÁ,Brasil,1505486,15,33,,,,Amazônia,
bb47ecf7-661a-3c56-8d3f-d976f7b94c7b,-3.1207,-53.7528,2026-10-03 00:52:00,METOP-C,URUARÁ,PARÁ,Brasil,1508159,15,33,,,,Amazônia,
f33348c3-5c79-396a-b7ba-871f862d506e,-5.9394,-43.651901,2026-10-03 00:52:00,METOP-C,LAGOA DO MATO,MARANHÃO,Brasil,2105922,21,33,,,,Cerrado,
4d7490a6-b4d5-3f40-b837-7f270fb67255,-11.454,-43.404499,2026-10-03 00:52:00,METOP-C,BARRA,BAHIA,Brasil,2902708,29,33,,,,Cerrado,
914e1ca4-ed8f-3a33-bfcc-d7dca0242caa,-4.265,-50.747398,2026-10-03 00:52:00,METOP-C,NOVO REPARTIMENTO,PARÁ,Brasil,1505064,15,33,,,,Amazônia,
57b25e26-6d96-32a0-b64c-aa325c783cc2,-4.7817,-55.719898,2026-10-03 00:52:00,METOP-C,TRAIRÃO,PARÁ,Brasil,1508050,15,33,,,,Amazônia,
b7a2c24c-5b12-397c-8019-1efcbf51542d,-2.9692,-53.271,2026-10-03 00:52:00,METOP-C,MEDICILÂNDIA,PARÁ,Brasil,1504455,15,33,,,,Amazônia,
2885105d-4dd2-37a0-b7d5-a12cc78db97e,-11.4793,-43.382,2026-10-03 00:52:00,METOP-C,BARRA,BAHIA,Brasil,2902708,29,33,,,,Cerrado,
76a2ec6c-04f3-33ca-9a10-b163ff713db3,-3.3238,-51.6735,2026-10-03 00:52:00,METOP-C,ANAPU,PARÁ,Brasil,1500859,15,33,,,,Amazônia,
21a38bef-68a5-323e-a3a8-2957956f344d,-6.7401,-44.1371,2026-10-03 01:00:00,GOES-19,NOVA IORQUE,MARANHÃO,Brasil,2107308,21,33,,,,Cerrado,85.3
5c2c3686-8005-37ec-871e-cdf4fb1f15f0,-6.8579,-59.2829,2026-10-03 01:00:00,GOES-19,APUÍ,AMAZONAS,Brasil,1300144,13,33,,,,Amazônia,68.9
5ec7fe35-f1a5-30c9-a2f6-2f56e1f6eb22,-5.7376,-45.1533,2026-10-03 01:00:00,GOES-19,BARRA DO CORDA,MARANHÃO,Brasil,2101608,21,33,,,,Cerrado,94.6
fe7fc2cd-001c-3d1c-894f-8cdf4e5c85af,-4.4507,-47.9112,2026-10-03 01:00:00,GOES-19,DOM ELISEU,PARÁ,Brasil,1502939,15,33,,,,Amazônia,65.1
471ad7e3-f1a0-3cb5-9429-3ca7d73cfef4,-3.2952,-53.8194,2026-10-03 01:00:00,GOES-19,URUARÁ,PARÁ,Brasil,1508159,15,33,,,,Amazônia,60.2
a9d6d019-fca4-32f2-814b-ae7377bf8bac,-6.8578,-59.3022,2026-10-03 01:00:00,GOES-19,APUÍ,AMAZONAS,Brasil,1300144,13,33,,,,Amazônia,58.3
fbee7dc4-b9b9-3b41-8740-f9dbe9aa4f90,-3.2768,-53.8199,2026-10-03 01:00:00,GOES-19,URUARÁ,PARÁ,Brasil,1508159,15,33,,,,Amazônia,72.9
27443bf1-b816-3294-831c-34124f892613,-4.5706,-46.5907,2026-10-03 01:00:00,GOES-19,BOM JESUS DAS SELVAS,MARANHÃO,Brasil,2102036,21,33,,,,Amazônia,61.4
f4c9740c-1359-35f3-ab0d-f2849a27ae48,-5.9384,-43.6482,2026-10-03 01:00:00,GOES-19,LAGOA DO MATO,MARANHÃO,Brasil,2105922,21,33,,,,Cerrado,122.7
2d8e9312-df7c-398b-9aac-6ffad51c67fa,-11.7187,-43.4148,2026-10-03 01:00:00,GOES-19,BARRA,BAHIA,Brasil,2902708,29,33,,,,Cerrado,67.8
c60959b7-9a4c-3aaf-ba57-1316dbac3ea0,-2.8855,-45.4175,2026-10-03 01:00:00,GOES-19,PEDRO DO ROSÁRIO,MARANHÃO,Brasil,2108256,21,33,,,,Amazônia,85.2
5867a90c-ef78-3a5b-a62b-ba0a0e53e4e6,-11.8127,-43.5184,2026-10-03 01:00:00,GOES-19,BARRA,BAHIA,Brasil,2902708,29,33,,,,Cerrado,62.9
b3b667d5-2056-35d1-9a41-e94ca75a359a,1.8037,-55.5854,2026-10-03 01:00:00,GOES-19,ÓBIDOS,PARÁ,Brasil,1505106,15,33,,,,Amazônia,49.5
049853eb-efe2-36f4-932d-201d6f267252,-3.1116,-53.7436,2026-10-03 01:00:00,GOES-19,URUARÁ,PARÁ,Brasil,1508159,15,33,,,,Amazônia,69.1
b6914469-f0f3-3cd1-b3fd-3f49dbf817de,1.7854,-55.6054,2026-10-03 01:00:00,GOES-19,ÓBIDOS,PARÁ,Brasil,1505106,15,33,,,,Amazônia,54.2
9aa45f54-703f-3485-893a-d43d459614f6,-3.1299,-53.7431,2026-10-03 01:00:00,GOES-19,URUARÁ,PARÁ,Brasil,1508159,15,33,,,,Amazônia,183.0
03d517b4-059b-3e43-b9f3-be4878b3fe7b,-11.4507,-43.3854,2026-10-03 01:00:00,GOES-19,BARRA,BAHIA,Brasil,2902708,29,33,,,,Cerrado,113.3
d0e85725-bf9b-3930-bcee-9b6ee5f2fff0,-5.7357,-43.2682,2026-10-03 01:00:00,GOES-19,PARNARAMA,MARANHÃO,Brasil,2107803,21,33,,,,Cerrado,55.1
9973506c-a988-3719-a56c-0406076f5994,-3.13,-53.7229,2026-10-03 01:00:00,GOES-19,URUARÁ,PARÁ,Brasil,1508159,15,33,,,,Amazônia,107.9
3918eda4-b81c-3b7c-ba52-cd382e5fdc12,-4.3657,-43.8242,2026-10-03 01:00:00,GOES-19,CODÓ,MARANHÃO,Brasil,2103307,21,33,,,,Cerrado,69.3
a49e0930-5f18-3c85-8752-b41fcc40d089,-10.9879,-59.1393,2026-10-03 01:00:00,GOES-19,JUÍNA,MATO GROSSO,Brasil,5105150,51,33,,,,Amazônia,99.7
898b50b8-4872-3c0b-b4dd-f62a821759b4,-10.9881,-59.1197,2026-10-03 01:00:00,GOES-19,JUÍNA,MATO GROSSO,Brasil,5105150,51,33,,,,Amazônia,72.5
4a0f88f3-0ffb-32ba-b866-db33d5f74d04,-5.9571,-43.6467,2026-10-03 01:00:00,GOES-19,LAGOA DO MATO,MARANHÃO,Brasil,2105922,21,33,,,,Cerrado,138.7
08b0293a-d5d2-34e0-96e7-dbdc8eb22234,-6.8395,-59.2643,2026-10-03 01:00:00,GOES-19,APUÍ,AMAZONAS,Brasil,1300144,13,33,,,,Amazônia,52.6
f1b190a1-6669-3fc4-aedd-d438a0385f53,-5.7355,-43.2916,2026-10-03 01:00:00,GOES-19,PARNARAMA,MARANHÃO,Brasil,2107803,21,33,,,,Cerrado,54.1
ba1599dd-6d9a-37b6-a8b4-ea605638b7db,-2.8897,-54.1313,2026-10-03 01:00:00,GOES-19,SANTARÉM,PARÁ,Brasil,1506807,15,33,,,,Amazônia,36.4
19c108eb-1721-30ae-bed6-270dab0f8a75,-4.7434,-43.2679,2026-10-03 01:00:00,GOES-19,CAXIAS,MARANHÃO,Brasil,2103000,21,33,,,,Cerrado,62.6
79e9eb4a-7d4b-3ac3-b312-a4ad2b953725,-12.9592,-41.1904,2026-10-03 01:00:00,GOES-19,ITAETÉ,BAHIA,Brasil,2915007,29,33,,,,Caatinga,74.3
508ef997-e82b-3b74-89a6-6588a289ffca,-12.8676,-44.6878,2026-10-03 01:00:00,GOES-19,SÃO DESIDÉRIO,BAHIA,Brasil,2928901,29,33,,,,Cerrado,101.9
1e618826-bb1f-3356-ac22-542861136873,-3.2951,-53.8395,2026-10-03 01:00:00,GOES-19,URUARÁ,PARÁ,Brasil,1508159,15,33,,,,Amazônia,68.0
604be8b0-852f-303a-9336-43dd6e80be1a,-6.8394,-59.2836,2026-10-03 01:00:00,GOES-19,APUÍ,AMAZONAS,Brasil,1300144,13,33,,,,Amazônia,64.1
94c7440b-8568-3cd4-9512-3ab40a14c9d0,1.7854,-55.5856,2026-10-03 01:00:00,GOES-19,ÓBIDOS,PARÁ,Brasil,1505106,15,33,,,,Amazônia,58.4
768ea583-f879-3c7d-b26a-53504840f81b,-2.9041,-45.4168,2026-10-03 01:00:00,GOES-19,PEDRO DO ROSÁRIO,MARANHÃO,Brasil,2108256,21,33,,,,Amazônia,72.9
6664e4ba-e045-3d3d-b81f-72ba6bdd23fb,-11.7169,-43.5098,2026-10-03 01:00:00,GOES-19,BARRA,BAHIA,Brasil,2902708,29,33,,,,Cerrado,104.0
b13e132f-054f-3dfb-82f3-75157bcae613,-3.1299,-53.7633,2026-10-03 01:00:00,GOES-19,URUARÁ,PARÁ,Brasil,1508159,15,33,,,,Amazônia,60.4
3bd5fda8-c23b-3d3a-949c-50f93aab2d24,-11.7935,-43.5215,2026-10-03 01:00:00,GOES-19,BARRA,BAHIA,Brasil,2902708,29,33,,,,Cerrado,87.2
e5267319-813e-3338-91be-1374e8c23ab3,-11.4315,-43.3884,2026-10-03 01:00:00,GOES-19,BARRA,BAHIA,Brasil,2902708,29,33,,,,Cerrado,110.5
c8230edd-c993-31fa-b60a-430f221e1803,-2.9042,-45.3944,2026-10-03 01:00:00,GOES-19,PEDRO DO ROSÁRIO,MARANHÃO,Brasil,2108256,21,33,,,,Amazônia,53.8
db91ca04-de6c-3c96-956a-4a3ee8125fb2,-5.6321,-44.3862,2026-10-03 01:00:00,GOES-19,SÃO DOMINGOS DO MARANHÃO,MARANHÃO,Brasil,2110708,21,33,,,,Cerrado,55.4
6cf4fe88-c378-3df2-92b6-4e70f919eacd,-5.9381,-43.6714,2026-10-03 01:00:00,GOES-19,PASSAGEM FRANCA,MARANHÃO,Brasil,2107902,21,33,,,,Cerrado,78.0
9cee54d3-af01-3eff-b6cf-2b989ceb6216,-4.4691,-47.932,2026-10-03 01:00:00,GOES-19,DOM ELISEU,PARÁ,Brasil,1502939,15,33,,,,Amazônia,83.3
521d6fc5-cb80-32f0-9e60-1bb31af23eb9,-3.2767,-53.84,2026-10-03 01:00:00,GOES-19,URUARÁ,PARÁ,Brasil,1508159,15,33,,,,Amazônia,70.8
3366637f-e3a1-3d43-9e9a-f4442579b2a4,-5.9569,-43.67,2026-10-03 01:00:00,GOES-19,LAGOA DO MATO,MARANHÃO,Brasil,2105922,21,33,,,,Cerrado,84.5
1c1d2a6c-9b6b-3f1d-9a61-4681ca78e6d0,-2.8856,-45.395,2026-10-03 01:00:00,GOES-19,PEDRO DO ROSÁRIO,MARANHÃO,Brasil,2108256,21,33,,,,Amazônia,62.8
66c8b6cc-cfd7-3f56-9443-c06c693e8339,-4.4693,-47.9103,2026-10-03 01:00:00,GOES-19,DOM ELISEU,PARÁ,Brasil,1502939,15,33,,,,Amazônia,54.6
e9c16b09-a2b7-3090-bf7f-a90aa1be5884,-3.1483,-53.7426,2026-10-03 01:00:00,GOES-19,URUARÁ,PARÁ,Brasil,1508159,15,33,,,,Amazônia,49.3
539311c8-a08d-3d48-bce9-513f1320e385,-11.8123,-43.5422,2026-10-03 01:00:00,GOES-19,BARRA,BAHIA,Brasil,2902708,29,33,,,,Cerrado,85.7
3218f6d0-400c-3318-8f96-7ff30041721e,-3.1116,-53.7234,2026-10-03 01:00:00,GOES-19,URUARÁ,PARÁ,Brasil,1508159,15,33,,,,Amazônia,44.0
10415447-a685-3335-b98f-c0beb5ef2261,-4.5708,-46.5686,2026-10-03 01:00:00,GOES-19,BOM JESUS DAS SELVAS,MARANHÃO,Brasil,2102036,21,33,,,,Amazônia,44.6
1696a1b5-8150-30ce-9ce0-93960a95aece,-5.6134,-44.3876,2026-10-03 01:00:00,GOES-19,SÃO DOMINGOS DO MARANHÃO,MARANHÃO,Brasil,2110708,21,33,,,,Cerrado,62.1
eed818b4-a6f9-3620-b41b-0c63e1a1378a,-4.4506,-47.9329,2026-10-03 01:00:00,GOES-19,DOM ELISEU,PARÁ,Brasil,1502939,15,33,,,,Amazônia,107.4
7efa5fc3-871a-34d4-94d6-b705292f6793,-11.7174,-43.4861,2026-10-03 01:00:00,GOES-19,BARRA,BAHIA,Brasil,2902708,29,33,,,,Cerrado,117.8
5ac9036e-00e0-3b8a-ae35-107a716e01f6,-11.793,-43.5452,2026-10-03 01:00:00,GOES-19,BARRA,BAHIA,Brasil,2902708,29,33,,,,Cerrado,105.7
a1dde7e1-c870-39a1-93df-17931c58be4b,-5.7376,-45.1533,2026-10-03 01:10:00,GOES-19,BARRA DO CORDA,MARANHÃO,Brasil,2101608,21,33,,,,Cerrado,105.8
6019006a-f84b-38f0-ac28-11529cfee6cb,-10.9881,-59.1197,2026-10-03 01:10:00,GOES-19,JUÍNA,MATO GROSSO,Brasil,5105150,51,33,,,,Amazônia,67.8
40783ac7-83a5-363b-b5ff-54b4fcd4e29a,-5.7355,-43.2916,2026-10-03 01:10:00,GOES-19,PARNARAMA,MARANHÃO,Brasil,2107803,21,33,,,,Cerrado,48.0
2b31477d-aa09-3f7e-a1d3-ea14796b7b10,-11.4315,-43.3884,2026-10-03 01:10:00,GOES-19,BARRA,BAHIA,Brasil,2902708,29,33,,,,Cerrado,96.6
9dde4d3f-28bb-35d3-8892-0163f016b3b7,-8.8519,-66.8012,2026-10-03 01:10:00,GOES-19,LÁBREA,AMAZONAS,Brasil,1302405,13,33,,,,Amazônia,47.7
e305dd4d-79cf-3bad-a06c-16b07b25cb6f,-11.7169,-43.5098,2026-10-03 01:10:00,GOES-19,BARRA,BAHIA,Brasil,2902708,29,33,,,,Cerrado,96.0
3be77330-e2ee-30e8-ae92-57fe1eaf7e69,-3.2952,-53.8194,2026-10-03 01:10:00,GOES-19,URUARÁ,PARÁ,Brasil,1508159,15,33,,,,Amazônia,55.2
54ea2114-340e-39ba-b826-36cea313d204,-11.793,-43.5452,2026-10-03 01:10:00,GOES-19,BARRA,BAHIA,Brasil,2902708,29,33,,,,Cerrado,167.9
9a124490-7b2d-320d-b4e2-23ce730dcc20,-4.5708,-46.5686,2026-10-03 01:10:00,GOES-19,BOM JESUS DAS SELVAS,MARANHÃO,Brasil,2102036,21,33,,,,Amazônia,50.2
ba19d682-bcaa-332e-8961-b12b7075f785,-3.2767,-53.84,2026-10-03 01:10:00,GOES-19,URUARÁ,PARÁ,Brasil,1508159,15,33,,,,Amazônia,66.6
05998edb-d808-3d36-869b-6068f8c7ba41,-4.7434,-43.2679,2026-10-03 01:10:00,GOES-19,CAXIAS,MARANHÃO,Brasil,2103000,21,33,,,,Cerrado,61.5
3f3a00ba-c46d-35d3-8585-9bffd4c9b538,-5.9384,-43.6482,2026-10-03 01:10:00,GOES-19,LAGOA DO MATO,MARANHÃO,Brasil,2105922,21,33,,,,Cerrado,119.3
2b4709a9-0649-3963-b5a9-a0d9461ba18c,-5.9571,-43.6467,2026-10-03 01:10:00,GOES-19,LAGOA DO MATO,MARANHÃO,Brasil,2105922,21,33,,,,Cerrado,116.3
9f51e409-56cb-3423-b37b-fd508f0d579e,-11.7935,-43.5215,2026-10-03 01:10:00,GOES-19,BARRA,BAHIA,Brasil,2902708,29,33,,,,Cerrado,159.2
17fb6c0d-4d72-3023-b4f0-d5e4db16c1d7,-3.2951,-53.8395,2026-10-03 01:10:00,GOES-19,URUARÁ,PARÁ,Brasil,1508159,15,33,,,,Amazônia,58.4
15455075-d29e-37dc-9b46-2c9d0365d44f,-2.8856,-45.395,2026-10-03 01:10:00,GOES-19,PEDRO DO ROSÁRIO,MARANHÃO,Brasil,2108256,21,33,,,,Amazônia,67.7
33c7bd19-09e1-3738-83d5-44b96ee0ff9b,-11.7174,-43.4861,2026-10-03 01:10:00,GOES-19,BARRA,BAHIA,Brasil,2902708,29,33,,,,Cerrado,105.8
3b856975-ecd3-32c9-b633-95cd6f1b1bab,-11.8123,-43.5422,2026-10-03 01:10:00,GOES-19,BARRA,BAHIA,Brasil,2902708,29,33,,,,Cerrado,101.0
c058fcee-6854-3e10-9ddc-ecee863df688,-3.1839,-54.0839,2026-10-03 01:10:00,GOES-19,URUARÁ,PARÁ,Brasil,1508159,15,33,,,,Amazônia,47.9
94bb7fab-4c2e-3fc6-b0c1-cd2c7cf953b5,-3.1838,-54.104,2026-10-03 01:10:00,GOES-19,URUARÁ,PARÁ,Brasil,1508159,15,33,,,,Amazônia,49.2
d24b20d9-f3d8-35de-a623-7e6428681ef9,-3.2768,-53.8199,2026-10-03 01:10:00,GOES-19,URUARÁ,PARÁ,Brasil,1508159,15,33,,,,Amazônia,69.0
f81245c6-9d7d-38f6-93ae-04634bdc0aa1,-5.6134,-44.3876,2026-10-03 01:10:00,GOES-19,SÃO DOMINGOS DO MARANHÃO,MARANHÃO,Brasil,2110708,21,33,,,,Cerrado,78.5
d79c7173-c140-3e15-9efb-dff308961882,-8.852,-66.7827,2026-10-03 01:10:00,GOES-19,LÁBREA,AMAZONAS,Brasil,1302405,13,33,,,,Amazônia,66.0
0f292e02-b3b0-3a71-8d83-1e7c53a4d642,-6.0508,-62.5294,2026-10-03 01:10:00,GOES-19,MANICORÉ,AMAZONAS,Brasil,1302702,13,33,,,,Amazônia,57.0
a065ca64-0993-3230-8c9e-1f71d952f87f,-11.8127,-43.5184,2026-10-03 01:10:00,GOES-19,BARRA,BAHIA,Brasil,2902708,29,33,,,,Cerrado,91.3
2ac1c081-67a1-3e1c-b025-9c88b5e9e9db,1.8037,-55.5854,2026-10-03 01:10:00,GOES-19,ÓBIDOS,PARÁ,Brasil,1505106,15,33,,,,Amazônia,48.7
386089f9-190d-375c-8ba4-b24e212b8af6,-2.8855,-45.4175,2026-10-03 01:10:00,GOES-19,PEDRO DO ROSÁRIO,MARANHÃO,Brasil,2108256,21,33,,,,Amazônia,91.4
eabaeec3-869a-3c91-b4d2-1e04ddd99f05,-10.9879,-59.1393,2026-10-03 01:10:00,GOES-19,JUÍNA,MATO GROSSO,Brasil,5105150,51,33,,,,Amazônia,92.1
869147f2-80f0-3f18-b087-7c98134baf78,-6.8394,-59.2836,2026-10-03 01:10:00,GOES-19,APUÍ,AMAZONAS,Brasil,1300144,13,33,,,,Amazônia,65.6
0a8c3499-c074-34f5-b1d6-a92fcf280282,-6.0507,-62.5482,2026-10-03 01:10:00,GOES-19,TAPAUÁ,AMAZONAS,Brasil,1304104,13,33,,,,Amazônia,54.0
3c30c418-4f64-3b82-ad0c-21ff848c154e,-5.9569,-43.67,2026-10-03 01:10:00,GOES-19,LAGOA DO MATO,MARANHÃO,Brasil,2105922,21,33,,,,Cerrado,74.6
81a7128e-5bf4-3ad6-ab09-2d157d411c7b,-5.9381,-43.6714,2026-10-03 01:10:00,GOES-19,PASSAGEM FRANCA,MARANHÃO,Brasil,2107902,21,33,,,,Cerrado,81.8
b3fef20d-f6c4-3ffa-905c-01a6d3c77c38,-8.8705,-66.7822,2026-10-03 01:10:00,GOES-19,LÁBREA,AMAZONAS,Brasil,1302405,13,33,,,,Amazônia,48.2
b1291078-cc9b-3361-b26e-ee440c0f6edb,-4.5706,-46.5907,2026-10-03 01:10:00,GOES-19,BOM JESUS DAS SELVAS,MARANHÃO,Brasil,2102036,21,33,,,,Amazônia,64.9
dff14689-6f9b-3bd3-b57a-3046a37f110c,-6.4933,-58.5242,2026-10-03 01:10:00,GOES-19,MAUÉS,AMAZONAS,Brasil,1302900,13,33,,,,Amazônia,73.9
50d422f5-a499-39e0-b9bf-8ec8ebbe7675,-3.1299,-53.7431,2026-10-03 01:20:00,GOES-19,URUARÁ,PARÁ,Brasil,1508159,15,33,,,,Amazônia,198.6
196193e2-75e6-3b17-80dc-ccfc4fec5e44,-10.9881,-59.1197,2026-10-03 01:20:00,GOES-19,JUÍNA,MATO GROSSO,Brasil,5105150,51,33,,,,Amazônia,55.4
ef949d9b-a31b-3034-9c2d-1270cf145ef0,-5.9569,-43.67,2026-10-03 01:20:00,GOES-19,LAGOA DO MATO,MARANHÃO,Brasil,2105922,21,33,,,,Cerrado,70.6
d48815ae-d47d-3223-9b8e-f0cac0198181,-11.793,-43.5452,2026-10-03 01:20:00,GOES-19,BARRA,BAHIA,Brasil,2902708,29,33,,,,Cerrado,99.4
3a6698dd-b514-3abd-be6e-e434928580af,-3.13,-53.7229,2026-10-03 01:20:00,GOES-19,URUARÁ,PARÁ,Brasil,1508159,15,33,,,,Amazônia,96.7
e7a89901-86a9-3ecf-bd0e-20d3d5973710,1.8037,-55.5854,2026-10-03 01:20:00,GOES-19,ÓBIDOS,PARÁ,Brasil,1505106,15,33,,,,Amazônia,42.6
5cc6aa61-561d-3ac5-93bc-a7410b46d4cd,-2.8897,-54.1313,2026-10-03 01:20:00,GOES-19,SANTARÉM,PARÁ,Brasil,1506807,15,33,,,,Amazônia,48.1
9cfc8fcd-cd52-318d-b645-53b03018b0b5,-2.9082,-54.0907,2026-10-03 01:20:00,GOES-19,URUARÁ,PARÁ,Brasil,1508159,15,33,,,,Amazônia,37.1
d1cb8533-b64d-391d-91c0-fea52c8b9070,-3.1116,-53.7234,2026-10-03 01:20:00,GOES-19,URUARÁ,PARÁ,Brasil,1508159,15,33,,,,Amazônia,43.4
48f79c25-a620-3fa7-a96d-328b03d2d59e,-2.9266,-54.0903,2026-10-03 01:20:00,GOES-19,URUARÁ,PARÁ,Brasil,1508159,15,33,,,,Amazônia,45.3
1500e4af-4a4b-39b3-9ae6-982db879a3e1,-5.9384,-43.6482,2026-10-03 01:20:00,GOES-19,LAGOA DO MATO,MARANHÃO,Brasil,2105922,21,33,,,,Cerrado,122.6
6caad554-1d28-3bd9-bff2-ce3ea00bcf45,-4.7434,-43.2679,2026-10-03 01:20:00,GOES-19,CAXIAS,MARANHÃO,Brasil,2103000,21,33,,,,Cerrado,58.5
afc3e256-4391-3ca5-9a31-b9d86937ddce,-5.7376,-45.1533,2026-10-03 01:20:00,GOES-19,BARRA DO CORDA,MARANHÃO,Brasil,2101608,21,33,,,,Cerrado,105.8
bca90e48-bc3a-3492-8be7-871b2fb15f52,-3.1839,-54.0839,2026-10-03 01:20:00,GOES-19,URUARÁ,PARÁ,Brasil,1508159,15,33,,,,Amazônia,52.0
91e339f8-9a1e-3d76-9f0c-ecc0f527346f,-6.0508,-62.5294,2026-10-03 01:20:00,GOES-19,MANICORÉ,AMAZONAS,Brasil,1302702,13,33,,,,Amazônia,55.4
666091e3-1955-3521-8a88-223f0f4c01a4,-3.1299,-53.7633,2026-10-03 01:20:00,GOES-19,URUARÁ,PARÁ,Brasil,1508159,15,33,,,,Amazônia,65.8
d9d00746-d3a6-3d43-b1da-7db2db96627f,-11.8123,-43.5422,2026-10-03 01:20:00,GOES-19,BARRA,BAHIA,Brasil,2902708,29,33,,,,Cerrado,82.6
ecee61cf-8e0d-30f6-b94e-ee790bfb3a1f,-4.5706,-46.5907,2026-10-03 01:20:00,GOES-19,BOM JESUS DAS SELVAS,MARANHÃO,Brasil,2102036,21,33,,,,Amazônia,65.7
5a52a8cd-2520-3be5-ab0a-b56574920905,-11.7935,-43.5215,2026-10-03 01:20:00,GOES-19,BARRA,BAHIA,Brasil,2902708,29,33,,,,Cerrado,109.3
14d9d903-6f51-3761-b045-1baa5f02b43e,-6.4933,-58.5242,2026-10-03 01:20:00,GOES-19,MAUÉS,AMAZONAS,Brasil,1302900,13,33,,,,Amazônia,87.3
0357cab7-0d75-3c52-a6c8-3952d638578c,-3.1483,-53.7426,2026-10-03 01:20:00,GOES-19,URUARÁ,PARÁ,Brasil,1508159,15,33,,,,Amazônia,55.2
15ef6257-a119-3459-8d56-8ad1b9cd7ba0,-2.8898,-54.1112,2026-10-03 01:20:00,GOES-19,SANTARÉM,PARÁ,Brasil,1506807,15,33,,,,Amazônia,37.3
39bace1c-86e3-3935-abae-0b067cb9efc8,-3.1655,-54.0844,2026-10-03 01:20:00,GOES-19,URUARÁ,PARÁ,Brasil,1508159,15,33,,,,Amazônia,44.1
2c792c34-52d8-396f-ba07-5cafea3597e6,-3.1838,-54.104,2026-10-03 01:20:00,GOES-19,URUARÁ,PARÁ,Brasil,1508159,15,33,,,,Amazônia,49.6
7f1b7801-123c-3959-95ba-c5753e22cd06,-2.8856,-45.395,2026-10-03 01:20:00,GOES-19,PEDRO DO ROSÁRIO,MARANHÃO,Brasil,2108256,21,33,,,,Amazônia,44.5
7161ed27-d39f-3fdd-beee-174597306d0b,-5.6134,-44.3876,2026-10-03 01:20:00,GOES-19,SÃO DOMINGOS DO MARANHÃO,MARANHÃO,Brasil,2110708,21,33,,,,Cerrado,66.0
d452876c-dff7-3bb4-84cf-86f504e3968f,-4.4506,-47.9329,2026-10-03 01:20:00,GOES-19,DOM ELISEU,PARÁ,Brasil,1502939,15,33,,,,Amazônia,72.5
89f41b25-7b6c-3d5c-93c0-c713d937f447,-5.7355,-43.2916,2026-10-03 01:20:00,GOES-19,PARNARAMA,MARANHÃO,Brasil,2107803,21,33,,,,Cerrado,54.1
13e9a15b-f964-38d3-b595-a928a7b8d1ec,-2.9265,-54.1104,2026-10-03 01:20:00,GOES-19,SANTARÉM,PARÁ,Brasil,1506807,15,33,,,,Amazônia,37.9
c1f73d02-aaf0-36b3-bb95-e06439f137c8,-5.9571,-43.6467,2026-10-03 01:20:00,GOES-19,LAGOA DO MATO,MARANHÃO,Brasil,2105922,21,33,,,,Cerrado,121.7
17923aa1-5370-3502-98e7-d93ca2a4a6a8,-5.9381,-43.6714,2026-10-03 01:20:00,GOES-19,PASSAGEM FRANCA,MARANHÃO,Brasil,2107902,21,33,,,,Cerrado,74.2
a7ab2b1a-b28b-3a1b-8846-cdc429e93dd2,-11.7174,-43.4861,2026-10-03 01:20:00,GOES-19,BARRA,BAHIA,Brasil,2902708,29,33,,,,Cerrado,103.8
a178bde7-1aaa-3649-9a58-856b7da73e56,1.7854,-55.5856,2026-10-03 01:20:00,GOES-19,ÓBIDOS,PARÁ,Brasil,1505106,15,33,,,,Amazônia,49.9
87464147-3ad7-37c6-9b72-0ed4b8b98f26,-3.1116,-53.7436,2026-10-03 01:20:00,GOES-19,URUARÁ,PARÁ,Brasil,1508159,15,33,,,,Amazônia,77.0
34f53d32-638c-3e56-babb-5c8660f096f8,-2.8855,-45.4175,2026-10-03 01:20:00,GOES-19,PEDRO DO ROSÁRIO,MARANHÃO,Brasil,2108256,21,33,,,,Amazônia,47.4
04e3f8cc-d8e4-33cc-9929-3889ef51f32f,-10.9879,-59.1393,2026-10-03 01:20:00,GOES-19,JUÍNA,MATO GROSSO,Brasil,5105150,51,33,,,,Amazônia,72.4
2e0d90af-caf5-35c6-b9f7-585ba003efc9,-2.8855,-45.4175,2026-10-03 01:30:00,GOES-19,PEDRO DO ROSÁRIO,MARANHÃO,Brasil,2108256,21,33,,,,Amazônia,44.3
b32ec024-49ff-3612-8c75-d408ad8796a2,-3.2767,-53.84,2026-10-03 01:30:00,GOES-19,URUARÁ,PARÁ,Brasil,1508159,15,33,,,,Amazônia,58.6
22a168f9-d28d-3940-8b6d-293f91e3f3dd,-5.9571,-43.6467,2026-10-03 01:30:00,GOES-19,LAGOA DO MATO,MARANHÃO,Brasil,2105922,21,33,,,,Cerrado,114.2
eece8a6a-e536-3314-9e03-ba3d170030ca,-3.1839,-54.0839,2026-10-03 01:30:00,GOES-19,URUARÁ,PARÁ,Brasil,1508159,15,33,,,,Amazônia,53.2
4d1572be-9bac-3ac2-be58-5241f31b1c24,-4.4507,-47.9112,2026-10-03 01:30:00,GOES-19,DOM ELISEU,PARÁ,Brasil,1502939,15,33,,,,Amazônia,77.4
7c590b77-6863-3984-9459-e0785d5c2433,-5.9569,-43.67,2026-10-03 01:30:00,GOES-19,LAGOA DO MATO,MARANHÃO,Brasil,2105922,21,33,,,,Cerrado,68.1
323cdc30-9bdd-3a87-8990-d479ef45332c,-2.9082,-54.0907,2026-10-03 01:30:00,GOES-19,URUARÁ,PARÁ,Brasil,1508159,15,33,,,,Amazônia,41.6
28ffa36f-9560-3fdf-a556-1293ccfbf5c4,-6.4933,-58.5242,2026-10-03 01:30:00,GOES-19,MAUÉS,AMAZONAS,Brasil,1302900,13,33,,,,Amazônia,84.6
43aa48db-99ba-311c-96fb-a018a9084578,-2.9266,-54.0903,2026-10-03 01:30:00,GOES-19,URUARÁ,PARÁ,Brasil,1508159,15,33,,,,Amazônia,44.0
9ce66a20-7179-3839-b3a8-bb06d38717aa,-2.8897,-54.1313,2026-10-03 01:30:00,GOES-19,SANTARÉM,PARÁ,Brasil,1506807,15,33,,,,Amazônia,51.5
59df92b5-7daf-3a1b-a6bb-cbee056ba525,-5.9384,-43.6482,2026-10-03 01:30:00,GOES-19,LAGOA DO MATO,MARANHÃO,Brasil,2105922,21,33,,,,Cerrado,119.5
f669385c-18c0-3816-8404-41162702093b,1.7854,-55.5856,2026-10-03 01:30:00,GOES-19,ÓBIDOS,PARÁ,Brasil,1505106,15,33,,,,Amazônia,21.7
467052d1-b704-3686-ba4f-8f89119fc2f0,-4.7434,-43.2679,2026-10-03 01:30:00,GOES-19,CAXIAS,MARANHÃO,Brasil,2103000,21,33,,,,Cerrado,56.6
b6805a66-9a91-38a0-894d-b28b868e0e66,-5.7376,-45.1533,2026-10-03 01:30:00,GOES-19,BARRA DO CORDA,MARANHÃO,Brasil,2101608,21,33,,,,Cerrado,105.2
799e555d-cd5b-39f0-b264-8381dbbb726c,-5.9381,-43.6714,2026-10-03 01:30:00,GOES-19,PASSAGEM FRANCA,MARANHÃO,Brasil,2107902,21,33,,,,Cerrado,75.8
58960bfa-f4df-3f95-b912-c195f5f0592f,-3.1838,-54.104,2026-10-03 01:30:00,GOES-19,URUARÁ,PARÁ,Brasil,1508159,15,33,,,,Amazônia,48.7
2db7c79b-f0e1-365f-be87-0ebb31e0495d,-6.0508,-62.5294,2026-10-03 01:30:00,GOES-19,MANICORÉ,AMAZONAS,Brasil,1302702,13,33,,,,Amazônia,46.8
ac984440-e06d-38ea-bd6d-2825b2733fba,-5.6134,-44.3876,2026-10-03 01:30:00,GOES-19,SÃO DOMINGOS DO MARANHÃO,MARANHÃO,Brasil,2110708,21,33,,,,Cerrado,69.5
1bce8f3e-f07b-341b-a56f-e34dbf861b03,-4.4506,-47.9329,2026-10-03 01:30:00,GOES-19,DOM ELISEU,PARÁ,Brasil,1502939,15,33,,,,Amazônia,93.4
afb538c9-457e-3195-aecb-5056c2963253,-11.7174,-43.4861,2026-10-03 01:30:00,GOES-19,BARRA,BAHIA,Brasil,2902708,29,33,,,,Cerrado,93.4
f6941531-521b-38ec-8b63-30384ee475c8,-3.2951,-53.8395,2026-10-03 01:30:00,GOES-19,URUARÁ,PARÁ,Brasil,1508159,15,33,,,,Amazônia,62.3
3c96fba5-da80-3086-92f8-251bbb7b2942,-10.9879,-59.1393,2026-10-03 01:30:00,GOES-19,JUÍNA,MATO GROSSO,Brasil,5105150,51,33,,,,Amazônia,86.0
75450f4b-8108-31de-8fde-1b2eba9f0e2a,-9.711,-57.4548,2026-10-03 01:30:00,GOES-19,APIACÁS,MATO GROSSO,Brasil,5100805,51,33,,,,Amazônia,54.6
4b9ca206-4a06-3341-a2a6-2da1110942e7,-4.5706,-46.5907,2026-10-03 01:30:00,GOES-19,BOM JESUS DAS SELVAS,MARANHÃO,Brasil,2102036,21,33,,,,Amazônia,73.4
585e71f0-3c09-3d94-9288-a88bdd9e1783,-8.86812,-66.79253,2026-10-03 01:34:00,TERRA_M-M,LÁBREA,AMAZONAS,Brasil,1302405,13,33,,,,Amazônia,7.7
656e93e4-9a9a-3323-b22b-3533f24f096e,-12.14094,-63.17658,2026-10-03 01:34:00,TERRA_M-M,SERINGUEIRAS,RONDÔNIA,Brasil,1101500,11,33,,,,Amazônia,22.2
16bd89bc-0369-3b3b-b80e-66624ab7e89e,-8.70212,-66.74308,2026-10-03 01:34:00,TERRA_M-M,LÁBREA,AMAZONAS,Brasil,1302405,13,33,,,,Amazônia,16.8
2f697094-105e-3ccf-b2d3-275a2355dd01,-9.016,-65.70738,2026-10-03 01:34:00,TERRA_M-M,LÁBREA,AMAZONAS,Brasil,1302405,13,33,,,,Amazônia,15.1
03b5a769-576e-3a69-92df-3a6f3f5a592d,-9.54814,-68.52388,2026-10-03 01:34:00,TERRA_M-M,SENA MADUREIRA,ACRE,Brasil,1200500,12,33,,,,Amazônia,12.4
46da5dac-7f39-3aa8-a6d1-74a7d35e5e18,-12.13285,-63.18333,2026-10-03 01:34:00,TERRA_M-M,SERINGUEIRAS,RONDÔNIA,Brasil,1101500,11,33,,,,Amazônia,23.0
f12c9ac9-1e8b-3bc5-9850-a32d432e740e,-9.62038,-65.73507,2026-10-03 01:34:00,TERRA_M-M,PORTO VELHO,RONDÔNIA,Brasil,1100205,11,33,,,,Amazônia,14.1
31174c56-3c68-39fc-a86b-de64f908fe11,-9.0068,-65.70223,2026-10-03 01:34:00,TERRA_M-M,LÁBREA,AMAZONAS,Brasil,1302405,13,33,,,,Amazônia,16.4
b7c1d506-bce7-3e0f-a8d7-70b7d2eb7680,-8.7008,-66.72799,2026-10-03 01:34:00,TERRA_M-M,LÁBREA,AMAZONAS,Brasil,1302405,13,33,,,,Amazônia,19.4
8ec27ee3-08b6-3c03-99c8-818c3f93642c,-8.85529,-66.79465,2026-10-03 01:34:00,TERRA_M-M,LÁBREA,AMAZONAS,Brasil,1302405,13,33,,,,Amazônia,44.4
f597aebf-0721-3f90-81b6-ec179fe944ab,1.8037,-55.5854,2026-10-03 01:40:00,GOES-19,ÓBIDOS,PARÁ,Brasil,1505106,15,33,,,,Amazônia,28.9
62dc9383-8de5-3781-b2ee-b51bc32b1db1,-3.2767,-53.84,2026-10-03 01:40:00,GOES-19,URUARÁ,PARÁ,Brasil,1508159,15,33,,,,Amazônia,70.5
42c9408b-f20b-3597-b260-9aa6762c6d23,-3.1299,-53.7431,2026-10-03 01:40:00,GOES-19,URUARÁ,PARÁ,Brasil,1508159,15,33,,,,Amazônia,119.7
418f65f6-483f-35f7-a444-1296bdda2993,-2.8897,-54.1313,2026-10-03 01:40:00,GOES-19,SANTARÉM,PARÁ,Brasil,1506807,15,33,,,,Amazônia,50.5
ce48a119-7528-3abc-a04a-b8bf825ce783,-5.7376,-45.1533,2026-10-03 01:40:00,GOES-19,BARRA DO CORDA,MARANHÃO,Brasil,2101608,21,33,,,,Cerrado,97.1
46114f24-5d70-35fc-bd2d-a96f8083fee5,-6.4933,-58.5242,2026-10-03 01:40:00,GOES-19,MAUÉS,AMAZONAS,Brasil,1302900,13,33,,,,Amazônia,82.1
0946c919-8363-36b8-a385-a60f054c6a6c,-3.2952,-53.8194,2026-10-03 01:40:00,GOES-19,URUARÁ,PARÁ,Brasil,1508159,15,33,,,,Amazônia,54.5
a186d960-7c37-371f-85da-37c551cd237a,-3.1839,-54.0839,2026-10-03 01:40:00,GOES-19,URUARÁ,PARÁ,Brasil,1508159,15,33,,,,Amazônia,54.7
1e1d73d8-b983-3212-9428-ce04584ab36d,-5.9571,-43.6467,2026-10-03 01:40:00,GOES-19,LAGOA DO MATO,MARANHÃO,Brasil,2105922,21,33,,,,Cerrado,103.7
a36d62e8-7ca2-3fb9-9e19-6d21c91cc38c,-3.13,-53.7229,2026-10-03 01:40:00,GOES-19,URUARÁ,PARÁ,Brasil,1508159,15,33,,,,Amazônia,65.7
ccc3bc64-a501-3bca-8ec5-323960174f47,-3.1116,-53.7436,2026-10-03 01:40:00,GOES-19,URUARÁ,PARÁ,Brasil,1508159,15,33,,,,Amazônia,49.2
e7324338-e9f5-3c35-a7e0-42ebaf79a742,-5.9384,-43.6482,2026-10-03 01:40:00,GOES-19,LAGOA DO MATO,MARANHÃO,Brasil,2105922,21,33,,,,Cerrado,96.7
ce656ab8-5e45-3a09-9da2-6cb7faba77a9,-5.9381,-43.6714,2026-10-03 01:40:00,GOES-19,PASSAGEM FRANCA,MARANHÃO,Brasil,2107902,21,33,,,,Cerrado,56.7
989d53b5-04d6-316c-a98f-ff9b47fa48dc,-2.9266,-54.0903,2026-10-03 01:40:00,GOES-19,URUARÁ,PARÁ,Brasil,1508159,15,33,,,,Amazônia,50.1
6894f669-e238-35ab-a23d-4f3d81624f08,-3.1483,-53.7426,2026-10-03 01:40:00,GOES-19,URUARÁ,PARÁ,Brasil,1508159,15,33,,,,Amazônia,55.9
e4c7d0e5-745c-33e7-9577-f7eedfda6f5c,1.7854,-55.5856,2026-10-03 01:40:00,GOES-19,ÓBIDOS,PARÁ,Brasil,1505106,15,33,,,,Amazônia,31.7
adac81eb-211e-3ec7-ac92-60f1dede46c7,-3.2768,-53.8199,2026-10-03 01:40:00,GOES-19,URUARÁ,PARÁ,Brasil,1508159,15,33,,,,Amazônia,64.0
db806106-ad8a-3b59-aa85-4f9f7250a49e,-6.4932,-58.5436,2026-10-03 01:40:00,GOES-19,MAUÉS,AMAZONAS,Brasil,1302900,13,33,,,,Amazônia,51.3
db8bcdb7-f0e2-3717-83e1-59cbd1e64d99,-5.6134,-44.3876,2026-10-03 01:40:00,GOES-19,SÃO DOMINGOS DO MARANHÃO,MARANHÃO,Brasil,2110708,21,33,,,,Cerrado,62.5
0c6c7127-e645-3afb-a9af-780927910989,-3.1838,-54.104,2026-10-03 01:40:00,GOES-19,URUARÁ,PARÁ,Brasil,1508159,15,33,,,,Amazônia,53.2
84444bf6-e877-3717-bed8-e53a6e14c071,-5.9569,-43.67,2026-10-03 01:40:00,GOES-19,LAGOA DO MATO,MARANHÃO,Brasil,2105922,21,33,,,,Cerrado,61.6
ace438f7-af65-37c1-be09-6128984e4694,-10.9879,-59.1393,2026-10-03 01:40:00,GOES-19,JUÍNA,MATO GROSSO,Brasil,5105150,51,33,,,,Amazônia,48.5
9c0b1a3b-0628-383e-8768-83162ab66e1c,-6.9295,-49.6325,2026-10-03 01:40:00,GOES-19,SAPUCAIA,PARÁ,Brasil,1507755,15,33,,,,Amazônia,51.8
51725061-453b-3732-904a-c6772928eff7,-3.2951,-53.8395,2026-10-03 01:40:00,GOES-19,URUARÁ,PARÁ,Brasil,1508159,15,33,,,,Amazônia,66.6
a33ca873-9448-3ae4-be63-0f9359139818,-3.1299,-53.7633,2026-10-03 01:40:00,GOES-19,URUARÁ,PARÁ,Brasil,1508159,15,33,,,,Amazônia,43.6
8a376bcc-5fcd-3f7f-ae2c-01b7fd14d203,-2.8897,-54.1313,2026-10-03 01:50:00,GOES-19,SANTARÉM,PARÁ,Brasil,1506807,15,33,,,,Amazônia,51.6
d314b805-ee02-332c-905d-9c1b0b67d609,-2.9266,-54.0903,2026-10-03 01:50:00,GOES-19,URUARÁ,PARÁ,Brasil,1508159,15,33,,,,Amazônia,45.9
b398aef5-6966-3df3-b173-8380b69a0f15,-10.9879,-59.1393,2026-10-03 01:50:00,GOES-19,JUÍNA,MATO GROSSO,Brasil,5105150,51,33,,,,Amazônia,81.1
37961125-6ae1-37ab-ba09-09b8ab8a5898,-5.9571,-43.6467,2026-10-03 01:50:00,GOES-19,LAGOA DO MATO,MARANHÃO,Brasil,2105922,21,33,,,,Cerrado,101.6
d1769c0d-925b-3e35-8852-17d65cafba00,-5.7376,-45.1533,2026-10-03 01:50:00,GOES-19,BARRA DO CORDA,MARANHÃO,Brasil,2101608,21,33,,,,Cerrado,96.9
5c4ea858-6729-31b9-895a-f398ac7dd130,-3.1299,-53.7633,2026-10-03 01:50:00,GOES-19,URUARÁ,PARÁ,Brasil,1508159,15,33,,,,Amazônia,62.2
b128cc54-a849-3271-9ab4-9e686ac550e9,-3.2951,-53.8395,2026-10-03 01:50:00,GOES-19,URUARÁ,PARÁ,Brasil,1508159,15,33,,,,Amazônia,63.5
6546d48e-d8aa-385d-9dda-8cfa5a2d5fdb,-3.1838,-54.104,2026-10-03 01:50:00,GOES-19,URUARÁ,PARÁ,Brasil,1508159,15,33,,,,Amazônia,49.6
4fd75e2c-bac5-34cc-b8cf-b4f9143a4a2b,-3.2767,-53.84,2026-10-03 01:50:00,GOES-19,URUARÁ,PARÁ,Brasil,1508159,15,33,,,,Amazônia,72.5
659d2cc1-d7df-305a-ac72-d816910852a4,-5.6134,-44.3876,2026-10-03 01:50:00,GOES-19,SÃO DOMINGOS DO MARANHÃO,MARANHÃO,Brasil,2110708,21,33,,,,Cerrado,68.6
d916b06a-7d9f-37f3-9d8c-2430a3743759,-3.2952,-53.8194,2026-10-03 01:50:00,GOES-19,URUARÁ,PARÁ,Brasil,1508159,15,33,,,,Amazônia,50.6
d97e7d7b-8b90-31d9-9f04-f2aa4f75df0f,-3.13,-53.7229,2026-10-03 01:50:00,GOES-19,URUARÁ,PARÁ,Brasil,1508159,15,33,,,,Amazônia,83.6
fefbf13c-1a9c-3fa0-8ace-9f437a878f98,-3.1116,-53.7436,2026-10-03 01:50:00,GOES-19,URUARÁ,PARÁ,Brasil,1508159,15,33,,,,Amazônia,72.6
c5b1b3cc-be10-388d-88bd-5d351a963122,-5.9384,-43.6482,2026-10-03 01:50:00,GOES-19,LAGOA DO MATO,MARANHÃO,Brasil,2105922,21,33,,,,Cerrado,106.0
400712aa-209e-3db4-b11b-3438a2b17e59,-3.2768,-53.8199,2026-10-03 01:50:00,GOES-19,URUARÁ,PARÁ,Brasil,1508159,15,33,,,,Amazônia,62.7
94513be2-a6bd-3f94-9516-35c93cebb1b2,-10.9881,-59.1197,2026-10-03 01:50:00,GOES-19,JUÍNA,MATO GROSSO,Brasil,5105150,51,33,,,,Amazônia,55.3
d4228258-faef-3a93-ac1e-d160385092d9,-5.9381,-43.6714,2026-10-03 01:50:00,GOES-19,PASSAGEM FRANCA,MARANHÃO,Brasil,2107902,21,33,,,,Cerrado,69.8
9ed7ed6b-277e-3a12-824e-ac5d53699b89,-3.1299,-53.7431,2026-10-03 01:50:00,GOES-19,URUARÁ,PARÁ,Brasil,1508159,15,33,,,,Amazônia,168.8
6728403c-b1d1-342a-a7b1-876b6c3d26a7,-3.1655,-54.0844,2026-10-03 01:50:00,GOES-19,URUARÁ,PARÁ,Brasil,1508159,15,33,,,,Amazônia,48.2
911b866e-dff0-3d18-b7dc-3018b9481299,-5.9569,-43.67,2026-10-03 01:50:00,GOES-19,LAGOA DO MATO,MARANHÃO,Brasil,2105922,21,33,,,,Cerrado,64.8
ea0524a5-a754-3426-bff8-e5c421a51bb8,-3.1839,-54.0839,2026-10-03 01:50:00,GOES-19,URUARÁ,PARÁ,Brasil,1508159,15,33,,,,Amazônia,48.8
b5c3a8b9-959d-3563-8860-00065fe84cca,-3.1483,-53.7426,2026-10-03 01:50:00,GOES-19,URUARÁ,PARÁ,Brasil,1508159,15,33,,,,Amazônia,56.3
67b80424-e128-3e87-b2d8-87273a53046f,-5.9381,-43.6714,2026-10-03 02:00:00,GOES-19,PASSAGEM FRANCA,MARANHÃO,Brasil,2107902,21,33,,,,Cerrado,72.9
f76509ae-6de4-3f1a-9645-63fc2a320c60,-5.9384,-43.6482,2026-10-03 02:00:00,GOES-19,LAGOA DO MATO,MARANHÃO,Brasil,2105922,21,33,,,,Cerrado,105.3
75e172d3-af89-3c66-b7d5-2d3ded519159,-3.1116,-53.7234,2026-10-03 02:00:00,GOES-19,URUARÁ,PARÁ,Brasil,1508159,15,33,,,,Amazônia,45.3
b7ecba1f-e7e0-30a3-8caa-eac5fac832a2,-3.1655,-54.0844,2026-10-03 02:00:00,GOES-19,URUARÁ,PARÁ,Brasil,1508159,15,33,,,,Amazônia,47.2
e2c06807-7c43-3989-b555-72f921d1c3da,-6.9295,-49.6325,2026-10-03 02:00:00,GOES-19,SAPUCAIA,PARÁ,Brasil,1507755,15,33,,,,Amazônia,54.3
bbb4bd5b-1ac7-3e51-93d6-da1fa8950f58,-3.2767,-53.84,2026-10-03 02:00:00,GOES-19,URUARÁ,PARÁ,Brasil,1508159,15,33,,,,Amazônia,70.9
113bcb2e-c100-3844-a14e-c6cf2013fa1f,-3.1483,-53.7426,2026-10-03 02:00:00,GOES-19,URUARÁ,PARÁ,Brasil,1508159,15,33,,,,Amazônia,52.8
49d098a5-eef3-3aac-8c89-f7b6c61d1bb6,-5.9569,-43.67,2026-10-03 02:00:00,GOES-19,LAGOA DO MATO,MARANHÃO,Brasil,2105922,21,33,,,,Cerrado,81.6
4f456c8f-3b5c-3af6-84f5-4d6fd1a5d028,-3.1299,-53.7633,2026-10-03 02:00:00,GOES-19,URUARÁ,PARÁ,Brasil,1508159,15,33,,,,Amazônia,62.9
5cb5cced-1fca-3662-8781-f70fade4f389,-5.7376,-45.1533,2026-10-03 02:00:00,GOES-19,BARRA DO CORDA,MARANHÃO,Brasil,2101608,21,33,,,,Cerrado,85.2
7a744796-9bee-342f-8a50-85a82f0f749d,-4.4506,-47.9329,2026-10-03 02:00:00,GOES-19,DOM ELISEU,PARÁ,Brasil,1502939,15,33,,,,Amazônia,51.6
b3f20178-659d-3629-8319-dae4a61556d0,-5.9571,-43.6467,2026-10-03 02:00:00,GOES-19,LAGOA DO MATO,MARANHÃO,Brasil,2105922,21,33,,,,Cerrado,122.6
4aba66f1-be3e-3503-8dd3-ea5a0824b60f,-3.1839,-54.0839,2026-10-03 02:00:00,GOES-19,URUARÁ,PARÁ,Brasil,1508159,15,33,,,,Amazônia,49.0
88584794-634c-3f6f-ad2e-64289735ff20,1.7854,-55.6054,2026-10-03 02:00:00,GOES-19,ÓBIDOS,PARÁ,Brasil,1505106,15,33,,,,Amazônia,45.4
f98027ef-afb4-3817-ae28-3e9208f8a5ca,-3.2952,-53.8194,2026-10-03 02:00:00,GOES-19,URUARÁ,PARÁ,Brasil,1508159,15,33,,,,Amazônia,60.5
5760c88e-2b74-3b60-93b7-95f6e34f9ec1,-3.1299,-53.7431,2026-10-03 02:00:00,GOES-19,URUARÁ,PARÁ,Brasil,1508159,15,33,,,,Amazônia,150.3
b33f4848-952f-33fd-9113-b77a21f3339c,-3.1116,-53.7436,2026-10-03 02:00:00,GOES-19,URUARÁ,PARÁ,Brasil,1508159,15,33,,,,Amazônia,78.0
87bb1f06-65d2-36b6-93b6-d1f552c0946d,-6.4933,-58.5242,2026-10-03 02:00:00,GOES-19,MAUÉS,AMAZONAS,Brasil,1302900,13,33,,,,Amazônia,83.9
e6c3f267-b541-37f5-b414-1bbda1f88b19,-3.2951,-53.8395,2026-10-03 02:00:00,GOES-19,URUARÁ,PARÁ,Brasil,1508159,15,33,,,,Amazônia,68.1
a72c68f3-0ecc-33b7-94dc-1c0c2509a71a,1.7854,-55.5856,2026-10-03 02:00:00,GOES-19,ÓBIDOS,PARÁ,Brasil,1505106,15,33,,,,Amazônia,73.6
529a305b-cb91-367a-92b6-e30d72e5b1a5,-3.13,-53.7229,2026-10-03 02:00:00,GOES-19,URUARÁ,PARÁ,Brasil,1508159,15,33,,,,Amazônia,89.6
6b503303-73e2-35c4-8eee-c60d33a541e6,-3.2768,-53.8199,2026-10-03 02:00:00,GOES-19,URUARÁ,PARÁ,Brasil,1508159,15,33,,,,Amazônia,65.9
6f99d44d-eb95-39f9-9b58-7ffeda4b78b6,-2.8897,-54.1313,2026-10-03 02:00:00,GOES-19,SANTARÉM,PARÁ,Brasil,1506807,15,33,,,,Amazônia,47.2
52e56073-704d-335d-a04e-ed9d36a421ba,1.8037,-55.5854,2026-10-03 02:00:00,GOES-19,ÓBIDOS,PARÁ,Brasil,1505106,15,33,,,,Amazônia,55.4
1d468131-4ae9-3d98-b184-28b7bb848366,-5.6134,-44.3876,2026-10-03 02:00:00,GOES-19,SÃO DOMINGOS DO MARANHÃO,MARANHÃO,Brasil,2110708,21,33,,,,Cerrado,64.8
2433ffcf-e376-3010-9da6-00d470c65c90,-10.9879,-59.1393,2026-10-03 02:10:00,GOES-19,JUÍNA,MATO GROSSO,Brasil,5105150,51,33,,,,Amazônia,79.0
31706430-05bc-3728-b5ca-325c844da163,-3.1116,-53.7436,2026-10-03 02:10:00,GOES-19,URUARÁ,PARÁ,Brasil,1508159,15,33,,,,Amazônia,85.8
d3028cc1-822a-3f0c-8921-8d63517196fb,-3.1116,-53.7234,2026-10-03 02:10:00,GOES-19,URUARÁ,PARÁ,Brasil,1508159,15,33,,,,Amazônia,53.0
575e7d9c-b423-3704-8ba0-4bec74f5ff04,-3.1839,-54.0839,2026-10-03 02:10:00,GOES-19,URUARÁ,PARÁ,Brasil,1508159,15,33,,,,Amazônia,47.7
dbc4da00-a84c-3aa3-9a06-71b2c5a5ca0b,-3.2767,-53.84,2026-10-03 02:10:00,GOES-19,URUARÁ,PARÁ,Brasil,1508159,15,33,,,,Amazônia,67.4
0af14426-744e-382d-975a-6ee65cc989bf,-3.1299,-53.7633,2026-10-03 02:10:00,GOES-19,URUARÁ,PARÁ,Brasil,1508159,15,33,,,,Amazônia,61.5
6e1ee272-0d10-3c90-8c31-70af7e89a1b0,-3.1483,-53.7426,2026-10-03 02:10:00,GOES-19,URUARÁ,PARÁ,Brasil,1508159,15,33,,,,Amazônia,58.2
ccf6005d-2b2f-36b5-bb3a-0583f0121822,-5.9381,-43.6714,2026-10-03 02:10:00,GOES-19,PASSAGEM FRANCA,MARANHÃO,Brasil,2107902,21,33,,,,Cerrado,78.2
d939af99-c5c7-31e3-965e-b08ef99e20bd,-3.1655,-54.0844,2026-10-03 02:10:00,GOES-19,URUARÁ,PARÁ,Brasil,1508159,15,33,,,,Amazônia,45.4
4039aa6a-28e9-3d3a-ab2c-1f224a44c722,-3.2768,-53.8199,2026-10-03 02:10:00,GOES-19,URUARÁ,PARÁ,Brasil,1508159,15,33,,,,Amazônia,64.7
91dc4022-83fd-3d3c-8bd9-1a7a43960148,-3.2951,-53.8395,2026-10-03 02:10:00,GOES-19,URUARÁ,PARÁ,Brasil,1508159,15,33,,,,Amazônia,65.0
973ae140-5a39-386f-afaf-9696e6a8950d,-5.7376,-45.1533,2026-10-03 02:10:00,GOES-19,BARRA DO CORDA,MARANHÃO,Brasil,2101608,21,33,,,,Cerrado,89.4
b47df114-ea57-3d5a-8335-3c24740bbf62,-5.9569,-43.67,2026-10-03 02:10:00,GOES-19,LAGOA DO MATO,MARANHÃO,Brasil,2105922,21,33,,,,Cerrado,67.8
2aac9ff0-d620-3860-a45c-4fb600adf1d2,-5.9384,-43.6482,2026-10-03 02:10:00,GOES-19,LAGOA DO MATO,MARANHÃO,Brasil,2105922,21,33,,,,Cerrado,117.9
ed8f0ee0-c454-33c7-b644-2bef1d1e25e1,-3.1299,-53.7431,2026-10-03 02:10:00,GOES-19,URUARÁ,PARÁ,Brasil,1508159,15,33,,,,Amazônia,163.1
5d9bd516-02b0-3f5b-b86b-b1774c03a4b0,-2.8897,-54.1313,2026-10-03 02:10:00,GOES-19,SANTARÉM,PARÁ,Brasil,1506807,15,33,,,,Amazônia,45.7
8cd2c622-0978-3c20-802d-bf724ee3903b,1.7854,-55.5856,2026-10-03 02:10:00,GOES-19,ÓBIDOS,PARÁ,Brasil,1505106,15,33,,,,Amazônia,47.9
baa666a4-d001-3e97-867d-94b49bfb2cbe,-5.9571,-43.6467,2026-10-03 02:10:00,GOES-19,LAGOA DO MATO,MARANHÃO,Brasil,2105922,21,33,,,,Cerrado,103.8
37d9a0e6-068d-3bc2-b8fa-11736712d443,-3.13,-53.7229,2026-10-03 02:10:00,GOES-19,URUARÁ,PARÁ,Brasil,1508159,15,33,,,,Amazônia,95.7
f241e9db-e29b-3e21-8bcb-49a55b2eaa8f,-5.9571,-43.6467,2026-10-03 02:20:00,GOES-19,LAGOA DO MATO,MARANHÃO,Brasil,2105922,21,33,,,,Cerrado,129.3
005c5f45-bfb7-3798-8ac1-fa11936e7956,-5.9569,-43.67,2026-10-03 02:20:00,GOES-19,LAGOA DO MATO,MARANHÃO,Brasil,2105922,21,33,,,,Cerrado,78.1
c0f5d36d-18e6-3047-b4a2-7af1ab3a0b6d,-5.6134,-44.3876,2026-10-03 02:20:00,GOES-19,SÃO DOMINGOS DO MARANHÃO,MARANHÃO,Brasil,2110708,21,33,,,,Cerrado,71.6
71b0bc65-d07c-38fc-9477-76ad6d11afdc,-5.9381,-43.6714,2026-10-03 02:20:00,GOES-19,PASSAGEM FRANCA,MARANHÃO,Brasil,2107902,21,33,,,,Cerrado,75.8
0412899c-bdd2-3a2d-9d80-c789aa39c9e7,-17.3989,-40.0451,2026-10-03 02:20:00,GOES-19,MEDEIROS NETO,BAHIA,Brasil,2921104,29,33,,,,Mata Atlântica,79.7
0b2ffd88-a9a1-3fbc-ab92-0dbb1a37eead,-3.1299,-53.7633,2026-10-03 02:20:00,GOES-19,URUARÁ,PARÁ,Brasil,1508159,15,33,,,,Amazônia,62.2
780efec3-d7de-3ac3-8c67-3806fb6dae1c,-3.2767,-53.84,2026-10-03 02:20:00,GOES-19,URUARÁ,PARÁ,Brasil,1508159,15,33,,,,Amazônia,63.1
14a7d929-b615-3db6-a015-49e9fd12e599,-3.1483,-53.7426,2026-10-03 02:20:00,GOES-19,URUARÁ,PARÁ,Brasil,1508159,15,33,,,,Amazônia,56.7
fa107a53-42f5-3852-b77d-d0afbb59288f,-3.1299,-53.7431,2026-10-03 02:20:00,GOES-19,URUARÁ,PARÁ,Brasil,1508159,15,33,,,,Amazônia,165.3
0d9d3937-8de5-332c-9bda-31986836b2d5,-17.3996,-40.019,2026-10-03 02:20:00,GOES-19,MEDEIROS NETO,BAHIA,Brasil,2921104,29,33,,,,Mata Atlântica,120.1
2d3e0201-79dc-3f5e-a84e-2a4315ab3f8d,-10.9879,-59.1393,2026-10-03 02:20:00,GOES-19,JUÍNA,MATO GROSSO,Brasil,5105150,51,33,,,,Amazônia,62.2
fec7f60d-91f6-38c7-a790-0d8f7fc23fa4,-3.2768,-53.8199,2026-10-03 02:20:00,GOES-19,URUARÁ,PARÁ,Brasil,1508159,15,33,,,,Amazônia,59.5
974f5221-59e4-3a91-adfa-073765880c73,-3.13,-53.7229,2026-10-03 02:20:00,GOES-19,URUARÁ,PARÁ,Brasil,1508159,15,33,,,,Amazônia,84.3
e652ff87-a8ec-39e9-8c7d-453ac2b7057c,-5.7376,-45.1533,2026-10-03 02:20:00,GOES-19,BARRA DO CORDA,MARANHÃO,Brasil,2101608,21,33,,,,Cerrado,90.9
10ca5db8-a940-3f04-860f-c3dd4975f0e4,-3.1116,-53.7436,2026-10-03 02:20:00,GOES-19,URUARÁ,PARÁ,Brasil,1508159,15,33,,,,Amazônia,75.2
bfea15db-9600-3a74-8c38-6f3261608b7b,-3.2951,-53.8395,2026-10-03 02:20:00,GOES-19,URUARÁ,PARÁ,Brasil,1508159,15,33,,,,Amazônia,56.4
63b25d5f-089c-3d64-84a4-7ca654a75f11,-6.4933,-58.5242,2026-10-03 02:20:00,GOES-19,MAUÉS,AMAZONAS,Brasil,1302900,13,33,,,,Amazônia,69.4
827df2a6-16e1-3986-8006-bf503596894f,-2.8897,-54.1313,2026-10-03 02:20:00,GOES-19,SANTARÉM,PARÁ,Brasil,1506807,15,33,,,,Amazônia,43.1
5926207b-e5a0-3b8d-ac4d-b9fddc76e2d8,-5.9384,-43.6482,2026-10-03 02:20:00,GOES-19,LAGOA DO MATO,MARANHÃO,Brasil,2105922,21,33,,,,Cerrado,117.3
bcc2f31d-6758-303a-ab0d-e7b5d1962e9c,-3.2767,-53.84,2026-10-03 02:30:00,GOES-19,URUARÁ,PARÁ,Brasil,1508159,15,33,,,,Amazônia,55.7
2b9d4a86-dfbc-310e-9bd6-65a58c322d58,-5.9571,-43.6467,2026-10-03 02:30:00,GOES-19,LAGOA DO MATO,MARANHÃO,Brasil,2105922,21,33,,,,Cerrado,121.5
87a1c7ef-9053-361a-8eed-32600e9c9cd0,-6.4933,-58.5242,2026-10-03 02:30:00,GOES-19,MAUÉS,AMAZONAS,Brasil,1302900,13,33,,,,Amazônia,59.8
496ee0fa-f385-39b0-ab0a-c2e573df7518,-2.8897,-54.1313,2026-10-03 02:30:00,GOES-19,SANTARÉM,PARÁ,Brasil,1506807,15,33,,,,Amazônia,41.4
e650d3a4-e2db-3814-811d-b17e444609fe,-5.9569,-43.67,2026-10-03 02:30:00,GOES-19,LAGOA DO MATO,MARANHÃO,Brasil,2105922,21,33,,,,Cerrado,81.6
5bbdba32-bd51-366e-998b-8c87f78ceaa7,-10.9879,-59.1393,2026-10-03 02:30:00,GOES-19,JUÍNA,MATO GROSSO,Brasil,5105150,51,33,,,,Amazônia,61.2
c1fac8fe-8eab-3f60-b533-502642e3a8ca,-4.4014,-49.9677,2026-10-03 02:30:00,GOES-19,NOVO REPARTIMENTO,PARÁ,Brasil,1505064,15,33,,,,Amazônia,70.1
aba1bfcc-cce4-39a4-b821-904ab52137cb,-3.2952,-53.8194,2026-10-03 02:30:00,GOES-19,URUARÁ,PARÁ,Brasil,1508159,15,33,,,,Amazônia,49.9
449b3c7b-60bb-3cfa-97ca-125d3ca91ac3,-6.9295,-49.6325,2026-10-03 02:30:00,GOES-19,SAPUCAIA,PARÁ,Brasil,1507755,15,33,,,,Amazônia,53.3
bbb42d7d-bf60-392b-a99c-86a2c5e1342a,-3.2951,-53.8395,2026-10-03 02:30:00,GOES-19,URUARÁ,PARÁ,Brasil,1508159,15,33,,,,Amazônia,64.5
fb306108-aece-3b6b-9c2f-de684a8d40f3,-3.2768,-53.8199,2026-10-03 02:30:00,GOES-19,URUARÁ,PARÁ,Brasil,1508159,15,33,,,,Amazônia,45.7
95f8a3f8-b57f-3551-8bc5-61f897e21b79,-5.9381,-43.6714,2026-10-03 02:30:00,GOES-19,PASSAGEM FRANCA,MARANHÃO,Brasil,2107902,21,33,,,,Cerrado,81.6
190ecb73-d0e4-3a23-a72d-d3bd52839389,-5.6134,-44.3876,2026-10-03 02:30:00,GOES-19,SÃO DOMINGOS DO MARANHÃO,MARANHÃO,Brasil,2110708,21,33,,,,Cerrado,71.7
a92d3395-e23a-325d-93ca-8e081c8fb7e7,1.8037,-55.5854,2026-10-03 02:30:00,GOES-19,ÓBIDOS,PARÁ,Brasil,1505106,15,33,,,,Amazônia,30.2
e83100e8-9e15-3b79-a433-3ce5dc66fb31,-3.1839,-54.0839,2026-10-03 02:30:00,GOES-19,URUARÁ,PARÁ,Brasil,1508159,15,33,,,,Amazônia,43.8
3dff7725-5e7f-3374-8bb7-bc2ef99dc168,-5.7376,-45.1533,2026-10-03 02:30:00,GOES-19,BARRA DO CORDA,MARANHÃO,Brasil,2101608,21,33,,,,Cerrado,99.2
cbe95d4f-1b28-3c4b-be12-63e676913715,-5.9384,-43.6482,2026-10-03 02:30:00,GOES-19,LAGOA DO MATO,MARANHÃO,Brasil,2105922,21,33,,,,Cerrado,114.3
5855ecb2-0521-3c5b-9d40-2f2ee596d388,-5.9569,-43.67,2026-10-03 02:40:00,GOES-19,LAGOA DO MATO,MARANHÃO,Brasil,2105922,21,33,,,,Cerrado,84.2
ebcc4b7a-6659-3e1a-8bd9-8ecb294f140d,-3.2951,-53.8395,2026-10-03 02:40:00,GOES-19,URUARÁ,PARÁ,Brasil,1508159,15,33,,,,Amazônia,47.3
cb80b602-c12a-3840-9174-2c204792c9da,-5.7376,-45.1533,2026-10-03 02:40:00,GOES-19,BARRA DO CORDA,MARANHÃO,Brasil,2101608,21,33,,,,Cerrado,93.4
db78a4a4-5429-35fd-9915-c85ce07a0f7c,-5.9384,-43.6482,2026-10-03 02:40:00,GOES-19,LAGOA DO MATO,MARANHÃO,Brasil,2105922,21,33,,,,Cerrado,111.1
dbbc00e3-cb87-361c-a090-817bad6f7076,-6.4933,-58.5242,2026-10-03 02:40:00,GOES-19,MAUÉS,AMAZONAS,Brasil,1302900,13,33,,,,Amazônia,53.4
f8163780-d713-3f09-b448-dd590f67587f,1.7854,-55.5856,2026-10-03 02:40:00,GOES-19,ÓBIDOS,PARÁ,Brasil,1505106,15,33,,,,Amazônia,45.9
0aacc3d4-e021-3ec9-b1af-88eb097a0a6e,-3.13,-53.7229,2026-10-03 02:40:00,GOES-19,URUARÁ,PARÁ,Brasil,1508159,15,33,,,,Amazônia,74.3
109478f6-f3ca-3a84-8b2d-c91351251f57,-3.2767,-53.84,2026-10-03 02:40:00,GOES-19,URUARÁ,PARÁ,Brasil,1508159,15,33,,,,Amazônia,52.4
2eec1427-2689-3312-bf7a-22a4bd97f4ae,-3.1115,-53.7637,2026-10-03 02:40:00,GOES-19,URUARÁ,PARÁ,Brasil,1508159,15,33,,,,Amazônia,42.1
cc17b8ce-1781-35c1-bef3-f2628bb6b3bd,-5.9571,-43.6467,2026-10-03 02:40:00,GOES-19,LAGOA DO MATO,MARANHÃO,Brasil,2105922,21,33,,,,Cerrado,118.1
0deff568-0b08-3f38-9dd5-4c3b387012cd,-3.1299,-53.7431,2026-10-03 02:40:00,GOES-19,URUARÁ,PARÁ,Brasil,1508159,15,33,,,,Amazônia,172.6
28b92e83-cf45-3a84-9ee3-a2c1740b158b,-2.8897,-54.1313,2026-10-03 02:40:00,GOES-19,SANTARÉM,PARÁ,Brasil,1506807,15,33,,,,Amazônia,43.0
d52c3efc-f96d-349d-9936-71a8876642b7,-3.1116,-53.7436,2026-10-03 02:40:00,GOES-19,URUARÁ,PARÁ,Brasil,1508159,15,33,,,,Amazônia,78.6
a5caaa45-89c9-35d1-a273-7597d308394e,-3.1483,-53.7426,2026-10-03 02:40:00,GOES-19,URUARÁ,PARÁ,Brasil,1508159,15,33,,,,Amazônia,58.3
3a4b74a4-6375-30e1-b320-e2394b287776,-3.1299,-53.7633,2026-10-03 02:40:00,GOES-19,URUARÁ,PARÁ,Brasil,1508159,15,33,,,,Amazônia,69.7
b3194eed-a4da-3d36-8f1e-0f043b7cbf3a,-10.9879,-59.1393,2026-10-03 02:40:00,GOES-19,JUÍNA,MATO GROSSO,Brasil,5105150,51,33,,,,Amazônia,66.3
f78c67ed-97c7-396b-b722-eacba62afda4,-5.9381,-43.6714,2026-10-03 02:40:00,GOES-19,PASSAGEM FRANCA,MARANHÃO,Brasil,2107902,21,33,,,,Cerrado,81.3
46319fb4-6f8e-3f62-b045-73e90109779b,1.8037,-55.5854,2026-10-03 02:40:00,GOES-19,ÓBIDOS,PARÁ,Brasil,1505106,15,33,,,,Amazônia,42.3
f8432b96-f4a4-36df-8b7b-f5f9ed4e9e71,-4.4506,-47.9329,2026-10-03 02:40:00,GOES-19,DOM ELISEU,PARÁ,Brasil,1502939,15,33,,,,Amazônia,55.1
e263769d-1cb8-300d-b014-6f8160407f79,1.7854,-55.5856,2026-10-03 02:50:00,GOES-19,ÓBIDOS,PARÁ,Brasil,1505106,15,33,,,,Amazônia,53.7
1e29fc4a-bfac-33f6-a532-599ed14f9584,-3.1299,-53.7633,2026-10-03 02:50:00,GOES-19,URUARÁ,PARÁ,Brasil,1508159,15,33,,,,Amazônia,63.7
4903d038-0c70-37c9-a628-eb36bafc0f98,-5.8597,-53.479,2026-10-03 02:50:00,GOES-19,ALTAMIRA,PARÁ,Brasil,1500602,15,33,,,,Amazônia,61.0
3b676a0a-cd26-3f83-a5a8-9e71e95dc4da,-3.2767,-53.84,2026-10-03 02:50:00,GOES-19,URUARÁ,PARÁ,Brasil,1508159,15,33,,,,Amazônia,48.0
17a72b38-469f-3926-8378-865c5813405e,-10.9879,-59.1393,2026-10-03 02:50:00,GOES-19,JUÍNA,MATO GROSSO,Brasil,5105150,51,33,,,,Amazônia,67.3
9cf5b8db-1f40-3c60-8d0b-dfb5348ef7b9,-3.1116,-53.7436,2026-10-03 02:50:00,GOES-19,URUARÁ,PARÁ,Brasil,1508159,15,33,,,,Amazônia,70.9
e10c9ac3-170c-38fe-8932-093b9eb9fc3d,-3.1483,-53.7426,2026-10-03 02:50:00,GOES-19,URUARÁ,PARÁ,Brasil,1508159,15,33,,,,Amazônia,52.0
85d20d2b-9f19-3add-9c95-1a78b5eed3ce,-3.13,-53.7229,2026-10-03 02:50:00,GOES-19,URUARÁ,PARÁ,Brasil,1508159,15,33,,,,Amazônia,75.9
8caedfe5-d1a8-381c-a161-ae572b6b219e,-5.9571,-43.6467,2026-10-03 02:50:00,GOES-19,LAGOA DO MATO,MARANHÃO,Brasil,2105922,21,33,,,,Cerrado,116.5
1f13ba99-3c1f-3a0c-a6c0-1a9acd4abf2e,-5.9384,-43.6482,2026-10-03 02:50:00,GOES-19,LAGOA DO MATO,MARANHÃO,Brasil,2105922,21,33,,,,Cerrado,104.0
a1bb0c03-d614-3413-9ec8-e9cd431dabd8,-5.7376,-45.1533,2026-10-03 02:50:00,GOES-19,BARRA DO CORDA,MARANHÃO,Brasil,2101608,21,33,,,,Cerrado,88.0
face6f1f-e809-349f-b88e-52d626964434,1.8037,-55.5854,2026-10-03 02:50:00,GOES-19,ÓBIDOS,PARÁ,Brasil,1505106,15,33,,,,Amazônia,50.0
5b19c16c-f1ba-3ae6-b2a3-8a6f7ed6ec4c,1.9132,-55.8208,2026-10-03 02:50:00,GOES-19,ÓBIDOS,PARÁ,Brasil,1505106,15,33,,,,Amazônia,38.0
347182d9-af89-32ff-be38-9e0fdb59341b,-3.2951,-53.8395,2026-10-03 02:50:00,GOES-19,URUARÁ,PARÁ,Brasil,1508159,15,33,,,,Amazônia,45.7
bb40c4c6-cbed-3066-a7c6-6aace404275c,-5.9381,-43.6714,2026-10-03 02:50:00,GOES-19,PASSAGEM FRANCA,MARANHÃO,Brasil,2107902,21,33,,,,Cerrado,82.2
aaab0ac4-de60-34dc-87d9-ed10ac2de92a,-3.1299,-53.7431,2026-10-03 02:50:00,GOES-19,URUARÁ,PARÁ,Brasil,1508159,15,33,,,,Amazônia,155.6
3823034a-493f-3645-b93b-5d7edd098dd6,-5.9569,-43.67,2026-10-03 02:50:00,GOES-19,LAGOA DO MATO,MARANHÃO,Brasil,2105922,21,33,,,,Cerrado,89.1
e2bc3b4f-e16e-37a4-8841-8b786f40bea5,-3.1483,-53.7426,2026-10-03 03:00:00,GOES-19,URUARÁ,PARÁ,Brasil,1508159,15,33,,,,Amazônia,48.9
31b2813b-8818-3ab6-af65-6b8ce6103f46,-3.1116,-53.7234,2026-10-03 03:00:00,GOES-19,URUARÁ,PARÁ,Brasil,1508159,15,33,,,,Amazônia,40.9
daebcfae-5112-3304-bdcf-055a9f51bb95,-11.7935,-43.5215,2026-10-03 03:00:00,GOES-19,BARRA,BAHIA,Brasil,2902708,29,33,,,,Cerrado,116.8
1197620e-07ef-3f7b-aec9-6f13309f5439,-4.2676,-50.7506,2026-10-03 03:00:00,GOES-19,NOVO REPARTIMENTO,PARÁ,Brasil,1505064,15,33,,,,Amazônia,48.8
6849e03a-4dfc-3e9c-9d4e-3077dd552253,-9.7414,-36.1043,2026-10-03 03:00:00,GOES-19,SÃO MIGUEL DOS CAMPOS,ALAGOAS,Brasil,2708600,27,33,,,,Mata Atlântica,73.4
ed0778ac-1dd6-37d7-b585-a9ac8767774c,-3.2767,-53.84,2026-10-03 03:00:00,GOES-19,URUARÁ,PARÁ,Brasil,1508159,15,33,,,,Amazônia,46.4
c74f12b4-9e73-365e-a08a-3f33145d1f4f,1.9132,-55.8011,2026-10-03 03:00:00,GOES-19,ÓBIDOS,PARÁ,Brasil,1505106,15,33,,,,Amazônia,49.0
1034ecb3-e0ae-3679-9617-d627bd2f7af2,-5.9571,-43.6467,2026-10-03 03:00:00,GOES-19,LAGOA DO MATO,MARANHÃO,Brasil,2105922,21,33,,,,Cerrado,109.0
f9d52ce9-0f21-3ad9-9a4b-8f1e31e7d57f,-15.1248,-43.6369,2026-10-03 03:00:00,GOES-19,JAÍBA,MINAS GERAIS,Brasil,3135050,31,33,,,,Caatinga,70.0
945eff51-f25e-3468-afc2-c32d8a022543,-3.2768,-53.8199,2026-10-03 03:00:00,GOES-19,URUARÁ,PARÁ,Brasil,1508159,15,33,,,,Amazônia,45.5
a2dc31aa-b8bc-387c-965f-9e5ebe7c7a3d,-3.1299,-53.7431,2026-10-03 03:00:00,GOES-19,URUARÁ,PARÁ,Brasil,1508159,15,33,,,,Amazônia,134.8
1e36a108-8459-30e5-b318-30f3fca2dcd7,-3.1299,-53.7633,2026-10-03 03:00:00,GOES-19,URUARÁ,PARÁ,Brasil,1508159,15,33,,,,Amazônia,55.8
e59cf2ab-db46-3513-a951-270ca52ddc67,1.9132,-55.8208,2026-10-03 03:00:00,GOES-19,ÓBIDOS,PARÁ,Brasil,1505106,15,33,,,,Amazônia,49.9
8584f7c5-a8d1-36f3-88c0-e42b2de075dc,-3.13,-53.7229,2026-10-03 03:00:00,GOES-19,URUARÁ,PARÁ,Brasil,1508159,15,33,,,,Amazônia,73.8
b67bc295-a29d-32d8-95ee-fe36a9dd0de6,-5.9569,-43.67,2026-10-03 03:00:00,GOES-19,LAGOA DO MATO,MARANHÃO,Brasil,2105922,21,33,,,,Cerrado,74.5
f21549f2-3138-3aa2-ac08-046c225af65a,-15.1254,-43.6128,2026-10-03 03:00:00,GOES-19,JAÍBA,MINAS GERAIS,Brasil,3135050,31,33,,,,Caatinga,75.7
3b52eb72-d714-3041-8f24-1740c340d6e2,-3.1116,-53.7436,2026-10-03 03:00:00,GOES-19,URUARÁ,PARÁ,Brasil,1508159,15,33,,,,Amazônia,66.4
6340feb3-9458-37ca-a07c-6da7eaeee3b8,-5.9384,-43.6482,2026-10-03 03:00:00,GOES-19,LAGOA DO MATO,MARANHÃO,Brasil,2105922,21,33,,,,Cerrado,118.4
dc568813-8040-322f-ac74-6e8e385fc198,-5.7376,-45.1533,2026-10-03 03:00:00,GOES-19,BARRA DO CORDA,MARANHÃO,Brasil,2101608,21,33,,,,Cerrado,96.2
ff94f480-7866-3aeb-9fc4-b9b10edd9b7b,1.8949,-55.8013,2026-10-03 03:00:00,GOES-19,ÓBIDOS,PARÁ,Brasil,1505106,15,33,,,,Amazônia,37.2
14002970-c4b1-3571-bf14-275cd1d9c2b4,-11.8123,-43.5422,2026-10-03 03:00:00,GOES-19,BARRA,BAHIA,Brasil,2902708,29,33,,,,Cerrado,77.8
cc45c037-656e-36ea-b2a7-a01e46998e87,-11.793,-43.5452,2026-10-03 03:00:00,GOES-19,BARRA,BAHIA,Brasil,2902708,29,33,,,,Cerrado,129.4
6863ccf2-0438-3101-b03e-c8d2e2f2e29d,-10.9879,-59.1393,2026-10-03 03:00:00,GOES-19,JUÍNA,MATO GROSSO,Brasil,5105150,51,33,,,,Amazônia,58.3
ee8431bd-5df8-35f1-b416-ccbff2c3e469,-11.8127,-43.5184,2026-10-03 03:00:00,GOES-19,BARRA,BAHIA,Brasil,2902708,29,33,,,,Cerrado,71.1
5f7fa403-ce8c-32b0-a434-17f4e3c806c7,1.8949,-55.8211,2026-10-03 03:00:00,GOES-19,ÓBIDOS,PARÁ,Brasil,1505106,15,33,,,,Amazônia,40.1
88c7973c-b10d-36a5-b33c-d9d4533d513b,-5.9381,-43.6714,2026-10-03 03:00:00,GOES-19,PASSAGEM FRANCA,MARANHÃO,Brasil,2107902,21,33,,,,Cerrado,85.3
269fb314-4724-32a7-bfe3-7f91e120131e,-9.7221,-36.1077,2026-10-03 03:00:00,GOES-19,SÃO MIGUEL DOS CAMPOS,ALAGOAS,Brasil,2708600,27,33,,,,Mata Atlântica,74.0
8f978a52-bbb1-35e2-9d9c-69ce9ff5b00e,-9.72791,-36.11199,2026-10-03 03:00:00,NOAA-21,SÃO MIGUEL DOS CAMPOS,ALAGOAS,Brasil,2708600,27,33,,,,Mata Atlântica,25.9
23725b4e-5b6f-3d51-a335-17aebed1ce63,-9.73208,-36.10767,2026-10-03 03:00:00,NOAA-21,SÃO MIGUEL DOS CAMPOS,ALAGOAS,Brasil,2708600,27,33,,,,Mata Atlântica,20.3
cb533695-3e5b-3022-bffb-e9da9a36f80c,-9.73125,-36.11214,2026-10-03 03:00:00,NOAA-21,SÃO MIGUEL DOS CAMPOS,ALAGOAS,Brasil,2708600,27,33,,,,Mata Atlântica,17.2
c547b298-8a8f-3e9b-b1eb-f697ac847b4f,-9.72531,-36.11087,2026-10-03 03:00:00,NOAA-21,SÃO MIGUEL DOS CAMPOS,ALAGOAS,Brasil,2708600,27,33,,,,Mata Atlântica,17.2
8f23e0ef-8426-362e-afc5-85c0fcca1403,-9.72614,-36.10644,2026-10-03 03:00:00,NOAA-21,SÃO MIGUEL DOS CAMPOS,ALAGOAS,Brasil,2708600,27,33,,,,Mata Atlântica,20.3
60b2dae1-6d85-345e-8f1a-756e1f027baa,-9.72877,-36.10756,2026-10-03 03:00:00,NOAA-21,SÃO MIGUEL DOS CAMPOS,ALAGOAS,Brasil,2708600,27,33,,,,Mata Atlântica,43.2
b7ee24c1-bf97-34c6-b167-1b908cf8f069,-16.52346,-40.54105,2026-10-03 03:02:00,NOAA-21,RUBIM,MINAS GERAIS,Brasil,3156601,31,33,,,,Mata Atlântica,6.8
3fc01014-35eb-3da0-b0c9-a4bdabc24a31,-16.53034,-40.54242,2026-10-03 03:02:00,NOAA-21,RUBIM,MINAS GERAIS,Brasil,3156601,31,33,,,,Mata Atlântica,6.8
3aaea596-44f3-32a5-8186-e85b4151651b,-16.5488,-40.52446,2026-10-03 03:02:00,NOAA-21,RUBIM,MINAS GERAIS,Brasil,3156601,31,33,,,,Mata Atlântica,2.1
f9c0791c-eacf-3c17-baa3-8a7f4a0a198f,-16.54128,-40.55753,2026-10-03 03:02:00,NOAA-21,RUBIM,MINAS GERAIS,Brasil,3156601,31,33,,,,Mata Atlântica,6.0
76e2cea9-4367-33d7-938b-934688fc1a1d,-16.54117,-40.55843,2026-10-03 03:02:00,NOAA-21,RUBIM,MINAS GERAIS,Brasil,3156601,31,33,,,,Mata Atlântica,6.9
1b85f1ed-3672-3c74-ad37-979091cd9be2,-16.53489,-40.5225,2026-10-03 03:02:00,NOAA-21,RUBIM,MINAS GERAIS,Brasil,3156601,31,33,,,,Mata Atlântica,2.0
56d4c2a6-4f71-3b80-b4cb-f1178cc79a41,-14.9413,-39.27196,2026-10-03 03:02:00,NOAA-21,BUERAREMA,BAHIA,Brasil,2904704,29,33,,,,Mata Atlântica,1.9
a37e9e77-f253-3563-b367-15e9426e810b,-17.2476,-39.43229,2026-10-03 03:02:00,NOAA-21,PRADO,BAHIA,Brasil,2925501,29,33,,,,Mata Atlântica,3.8
1fe9cd98-6ca2-3146-950e-ad2519ab36f2,-16.54184,-40.52352,2026-10-03 03:02:00,NOAA-21,RUBIM,MINAS GERAIS,Brasil,3156601,31,33,,,,Mata Atlântica,2.1
952d7bf0-62bb-3183-bd30-de58d96977bf,-3.1299,-53.7431,2026-10-03 03:10:00,GOES-19,URUARÁ,PARÁ,Brasil,1508159,15,33,,,,Amazônia,126.0
d22d0a57-367a-3950-86d5-1bf22bbaf5fc,-5.7376,-45.1533,2026-10-03 03:10:00,GOES-19,BARRA DO CORDA,MARANHÃO,Brasil,2101608,21,33,,,,Cerrado,94.5
61737156-a9df-36de-ba32-865ffe8888da,-11.793,-43.5452,2026-10-03 03:10:00,GOES-19,BARRA,BAHIA,Brasil,2902708,29,33,,,,Cerrado,71.2
4d1b81de-d88c-3a42-bc5c-0f8ab98a9bbd,-3.1299,-53.7633,2026-10-03 03:10:00,GOES-19,URUARÁ,PARÁ,Brasil,1508159,15,33,,,,Amazônia,49.7
19cf17f6-51df-3bab-99c9-1cecf266465a,-10.9879,-59.1393,2026-10-03 03:10:00,GOES-19,JUÍNA,MATO GROSSO,Brasil,5105150,51,33,,,,Amazônia,57.6
9f564e73-9eec-3f2c-a771-bdd4de0d14df,-3.2767,-53.84,2026-10-03 03:10:00,GOES-19,URUARÁ,PARÁ,Brasil,1508159,15,33,,,,Amazônia,47.2
18569b68-61a2-34a1-8bf0-c2136e73275f,-3.13,-53.7229,2026-10-03 03:10:00,GOES-19,URUARÁ,PARÁ,Brasil,1508159,15,33,,,,Amazônia,69.6
9c62d86a-d492-3fbb-bd1a-4684bb33009c,-3.1116,-53.7436,2026-10-03 03:10:00,GOES-19,URUARÁ,PARÁ,Brasil,1508159,15,33,,,,Amazônia,64.1
9c54c1c8-c4e7-3c8f-8113-daf21ebfaa00,-3.1483,-53.7426,2026-10-03 03:10:00,GOES-19,URUARÁ,PARÁ,Brasil,1508159,15,33,,,,Amazônia,45.9
53b111b3-3b25-3b2f-8585-dc142410a7da,-3.2951,-53.8395,2026-10-03 03:10:00,GOES-19,URUARÁ,PARÁ,Brasil,1508159,15,33,,,,Amazônia,43.4
061075b4-d15d-3595-a1e9-3ab83b20b75e,-10.9879,-59.1393,2026-10-03 03:20:00,GOES-19,JUÍNA,MATO GROSSO,Brasil,5105150,51,33,,,,Amazônia,63.7
091d2267-6e30-36e3-86f8-7607c7b8a568,-3.1299,-53.7633,2026-10-03 03:20:00,GOES-19,URUARÁ,PARÁ,Brasil,1508159,15,33,,,,Amazônia,50.3
d95e6e29-42fc-31e6-a5f2-8aedaf5d76b5,-3.13,-53.7229,2026-10-03 03:20:00,GOES-19,URUARÁ,PARÁ,Brasil,1508159,15,33,,,,Amazônia,69.3
30abc4bb-8fba-3b16-9a38-dcc3e6a641a8,-5.9384,-43.6482,2026-10-03 03:20:00,GOES-19,LAGOA DO MATO,MARANHÃO,Brasil,2105922,21,33,,,,Cerrado,106.2
6670a511-ed96-3fe9-a03c-fd2f28a6238a,-3.1299,-53.7431,2026-10-03 03:20:00,GOES-19,URUARÁ,PARÁ,Brasil,1508159,15,33,,,,Amazônia,130.2
9c31397e-04f3-3701-829b-cda89c79defe,-3.1483,-53.7426,2026-10-03 03:20:00,GOES-19,URUARÁ,PARÁ,Brasil,1508159,15,33,,,,Amazônia,43.0
20bc9dca-d9a3-32e1-88ae-14ea0c797841,-3.1116,-53.7436,2026-10-03 03:20:00,GOES-19,URUARÁ,PARÁ,Brasil,1508159,15,33,,,,Amazônia,59.4
4e87f85e-4505-3048-adfb-09626b2963a1,-5.9569,-43.67,2026-10-03 03:20:00,GOES-19,LAGOA DO MATO,MARANHÃO,Brasil,2105922,21,33,,,,Cerrado,64.8
ddfd8690-0434-35d2-bdd7-433c329d42a5,-5.9571,-43.6467,2026-10-03 03:20:00,GOES-19,LAGOA DO MATO,MARANHÃO,Brasil,2105922,21,33,,,,Cerrado,91.1
b2eb5efe-f70b-39b4-a8eb-45fb3aa6e934,-5.9381,-43.6714,2026-10-03 03:20:00,GOES-19,PASSAGEM FRANCA,MARANHÃO,Brasil,2107902,21,33,,,,Cerrado,78.0
bb71aab9-2b35-3474-86a1-4f522aebfe6a,-6.4933,-58.5242,2026-10-03 03:20:00,GOES-19,MAUÉS,AMAZONAS,Brasil,1302900,13,33,,,,Amazônia,48.2
2679c664-f8c7-3e31-b057-03ee3a7df673,-5.7376,-45.1533,2026-10-03 03:20:00,GOES-19,BARRA DO CORDA,MARANHÃO,Brasil,2101608,21,33,,,,Cerrado,91.9
6be63f66-5544-39cb-bec1-96e9f48ed79f,-5.7563,-45.152,2026-10-03 03:30:00,GOES-19,BARRA DO CORDA,MARANHÃO,Brasil,2101608,21,33,,,,Cerrado,55.9
81045c49-aeb1-3571-b1cd-f584c2b077b9,-5.7376,-45.1533,2026-10-03 03:30:00,GOES-19,BARRA DO CORDA,MARANHÃO,Brasil,2101608,21,33,,,,Cerrado,69.1
c95b6e1f-0a78-3c77-8b9d-51212a747e1a,-3.1299,-53.7633,2026-10-03 03:30:00,GOES-19,URUARÁ,PARÁ,Brasil,1508159,15,33,,,,Amazônia,39.8
c98a23b0-9b96-378c-a9b8-8c92c474bb76,-15.2314,-43.2784,2026-10-03 03:30:00,GOES-19,PAI PEDRO,MINAS GERAIS,Brasil,3146552,31,33,,,,Caatinga,75.3
a0883607-1a6c-32d9-9d43-0a2ec2225b15,-3.1116,-53.7436,2026-10-03 03:30:00,GOES-19,URUARÁ,PARÁ,Brasil,1508159,15,33,,,,Amazônia,46.7
322008b4-6072-3372-bc8b-f4ca7f1359a1,-3.1299,-53.7431,2026-10-03 03:30:00,GOES-19,URUARÁ,PARÁ,Brasil,1508159,15,33,,,,Amazônia,96.7
cd2ebd93-e563-3c22-becd-d571f5ba034b,-5.9571,-43.6467,2026-10-03 03:30:00,GOES-19,LAGOA DO MATO,MARANHÃO,Brasil,2105922,21,33,,,,Cerrado,95.3
38efb941-50c9-33be-8fad-79c0a249c601,-3.13,-53.7229,2026-10-03 03:30:00,GOES-19,URUARÁ,PARÁ,Brasil,1508159,15,33,,,,Amazônia,45.9
fc7d9cbf-ec99-37f0-bb4d-5570fe52861a,-5.9384,-43.6482,2026-10-03 03:30:00,GOES-19,LAGOA DO MATO,MARANHÃO,Brasil,2105922,21,33,,,,Cerrado,74.8
1686e2cd-ded2-3804-aacf-b54f311bba66,-5.9569,-43.67,2026-10-03 03:30:00,GOES-19,LAGOA DO MATO,MARANHÃO,Brasil,2105922,21,33,,,,Cerrado,71.5
f1d87ba8-4237-3cbf-a973-54176572f9fe,-5.9381,-43.6714,2026-10-03 03:30:00,GOES-19,PASSAGEM FRANCA,MARANHÃO,Brasil,2107902,21,33,,,,Cerrado,56.3
d6076e08-ebd3-340c-b3eb-1b40c62b6321,-3.1299,-53.7431,2026-10-03 03:40:00,GOES-19,URUARÁ,PARÁ,Brasil,1508159,15,33,,,,Amazônia,101.1
bba5edf6-36de-3f68-8eb6-8f6dc5089e3f,-5.9381,-43.6714,2026-10-03 03:40:00,GOES-19,PASSAGEM FRANCA,MARANHÃO,Brasil,2107902,21,33,,,,Cerrado,78.2
e3354782-874e-3d03-99f6-03d07fd04159,-15.2314,-43.2784,2026-10-03 03:40:00,GOES-19,PAI PEDRO,MINAS GERAIS,Brasil,3146552,31,33,,,,Caatinga,93.0
94e8fcd2-b2fe-3e79-aaa6-1085b91237e6,-3.2951,-53.8395,2026-10-03 03:40:00,GOES-19,URUARÁ,PARÁ,Brasil,1508159,15,33,,,,Amazônia,43.8
e76fc4bc-3a91-3c4a-9977-2e003ba0c5db,-3.1116,-53.7436,2026-10-03 03:40:00,GOES-19,URUARÁ,PARÁ,Brasil,1508159,15,33,,,,Amazônia,67.9
b3bd8218-28a6-3262-977d-4adc39f3b2cb,-5.9569,-43.67,2026-10-03 03:40:00,GOES-19,LAGOA DO MATO,MARANHÃO,Brasil,2105922,21,33,,,,Cerrado,101.9
dd266100-85a9-35cd-a57a-6c9a401a957b,-15.2511,-43.2743,2026-10-03 03:40:00,GOES-19,PAI PEDRO,MINAS GERAIS,Brasil,3146552,31,33,,,,Caatinga,69.4
a9b037f9-a64a-37a1-a64b-ee0810077d56,-5.7376,-45.1533,2026-10-03 03:40:00,GOES-19,BARRA DO CORDA,MARANHÃO,Brasil,2101608,21,33,,,,Cerrado,81.1
44f62d9a-e18a-32e5-b6a4-4592f23bd413,-3.13,-53.7229,2026-10-03 03:40:00,GOES-19,URUARÁ,PARÁ,Brasil,1508159,15,33,,,,Amazônia,47.2
9e677d56-490c-3868-8691-dd0d4465cdb1,-12.8676,-44.6878,2026-10-03 03:40:00,GOES-19,SÃO DESIDÉRIO,BAHIA,Brasil,2928901,29,33,,,,Cerrado,71.9
0c4748c9-ef5f-3e29-aa4f-99555a7e621a,-9.7221,-36.1077,2026-10-03 03:40:00,GOES-19,SÃO MIGUEL DOS CAMPOS,ALAGOAS,Brasil,2708600,27,33,,,,Mata Atlântica,113.3
d9ec0e62-ae31-370d-a850-08de5ba23343,-5.9571,-43.6467,2026-10-03 03:40:00,GOES-19,LAGOA DO MATO,MARANHÃO,Brasil,2105922,21,33,,,,Cerrado,117.2
6b0482eb-7209-3372-b8a6-24b4680b8a57,-5.9384,-43.6482,2026-10-03 03:40:00,GOES-19,LAGOA DO MATO,MARANHÃO,Brasil,2105922,21,33,,,,Cerrado,87.0
c57e4091-4611-3f24-afbf-43274e48a29c,-3.1299,-53.7633,2026-10-03 03:40:00,GOES-19,URUARÁ,PARÁ,Brasil,1508159,15,33,,,,Amazônia,46.5
38caedba-6368-303e-a264-1cae05c7bc29,-3.2767,-53.84,2026-10-03 03:40:00,GOES-19,URUARÁ,PARÁ,Brasil,1508159,15,33,,,,Amazônia,43.5
ddc49be4-b342-3f91-925b-e7650186ef4a,-5.9571,-43.6467,2026-10-03 03:50:00,GOES-19,LAGOA DO MATO,MARANHÃO,Brasil,2105922,21,33,,,,Cerrado,89.8
a17dfab9-d15c-3252-91e1-f8b9417ebcf1,-3.2767,-53.84,2026-10-03 03:50:00,GOES-19,URUARÁ,PARÁ,Brasil,1508159,15,33,,,,Amazônia,41.2
2d55a448-a117-37c5-b2ae-fed880a4786e,-3.1116,-53.7436,2026-10-03 03:50:00,GOES-19,URUARÁ,PARÁ,Brasil,1508159,15,33,,,,Amazônia,73.2
476ca6c1-b146-342c-956c-11324ec1f764,-3.2951,-53.8395,2026-10-03 03:50:00,GOES-19,URUARÁ,PARÁ,Brasil,1508159,15,33,,,,Amazônia,45.2
2fcaef80-3f99-315c-84c4-b3a09fac32cf,-3.1483,-53.7426,2026-10-03 03:50:00,GOES-19,URUARÁ,PARÁ,Brasil,1508159,15,33,,,,Amazônia,41.6
88fef1ba-83ac-3780-a69c-8eeb6447b590,-5.9384,-43.6482,2026-10-03 03:50:00,GOES-19,LAGOA DO MATO,MARANHÃO,Brasil,2105922,21,33,,,,Cerrado,69.8
fdfcb0f9-0d72-3c79-bd83-8c882c5f4c2c,-12.8676,-44.6878,2026-10-03 03:50:00,GOES-19,SÃO DESIDÉRIO,BAHIA,Brasil,2928901,29,33,,,,Cerrado,68.7
db9af20b-a938-3240-996c-c877e2a0ad24,-5.9381,-43.6714,2026-10-03 03:50:00,GOES-19,PASSAGEM FRANCA,MARANHÃO,Brasil,2107902,21,33,,,,Cerrado,53.2
c4d1baf2-28f2-3f04-94f5-d24f3c97b7e7,-3.1299,-53.7633,2026-10-03 03:50:00,GOES-19,URUARÁ,PARÁ,Brasil,1508159,15,33,,,,Amazônia,51.0
4d8e29f0-555a-3699-95dc-cc4907b44a77,-3.13,-53.7229,2026-10-03 03:50:00,GOES-19,URUARÁ,PARÁ,Brasil,1508159,15,33,,,,Amazônia,60.4
bb35bcc4-5cec-3a46-80bb-12dca11187c6,-9.4574,-40.3641,2026-10-03 03:50:00,GOES-19,JUAZEIRO,BAHIA,Brasil,2918407,29,33,,,,Caatinga,65.8
f654d5e2-72b1-394c-8047-2ece28893d15,-3.1299,-53.7431,2026-10-03 03:50:00,GOES-19,URUARÁ,PARÁ,Brasil,1508159,15,33,,,,Amazônia,114.0
5900012a-5ab8-39ce-aaa4-e0d948e5f0c0,-9.7221,-36.1077,2026-10-03 03:50:00,GOES-19,SÃO MIGUEL DOS CAMPOS,ALAGOAS,Brasil,2708600,27,33,,,,Mata Atlântica,147.9
0810a20d-d49f-34a6-9311-528faecb4e29,-5.9569,-43.67,2026-10-03 03:50:00,GOES-19,LAGOA DO MATO,MARANHÃO,Brasil,2105922,21,33,,,,Cerrado,70.9
3d0e38b5-afc2-33a5-97ac-00a9b817645d,-5.7376,-45.1533,2026-10-03 03:50:00,GOES-19,BARRA DO CORDA,MARANHÃO,Brasil,2101608,21,33,,,,Cerrado,80.0
e8f8531d-d2ef-32fa-9a76-d6170484a986,1.8037,-55.5854,2026-10-03 03:50:00,GOES-19,ÓBIDOS,PARÁ,Brasil,1505106,15,33,,,,Amazônia,49.3
c547314c-908e-3d71-a4b0-94d4a471d021,-5.18632,-39.74138,2026-10-03 03:53:00,NOAA-20,BOA VIAGEM,CEARÁ,Brasil,2302404,23,33,,,,Caatinga,2.9
96798331-7d77-3be1-a01f-b8f606fdf64c,-4.44799,-47.92682,2026-10-03 03:53:00,NOAA-20,DOM ELISEU,PARÁ,Brasil,1502939,15,33,,,,Amazônia,7.1
95feb31c-7b09-3746-9d70-c1e65e158528,-4.3597,-47.7802,2026-10-03 03:53:00,NOAA-20,DOM ELISEU,PARÁ,Brasil,1502939,15,33,,,,Amazônia,4.8
b5d38bac-7493-3683-92be-3c50cd30f417,-5.75576,-35.20727,2026-10-03 03:53:00,NOAA-20,NATAL,RIO GRANDE DO NORTE,Brasil,2408102,24,33,,,,Mata Atlântica,1.4
0f9898bf-e9ac-32eb-a4c6-ed6e5e08838d,-4.44701,-47.92589,2026-10-03 03:53:00,NOAA-20,DOM ELISEU,PARÁ,Brasil,1502939,15,33,,,,Amazônia,1.5
74cc2155-2616-3e78-9b6a-e3b73bf06090,-3.35392,-43.38044,2026-10-03 03:53:00,NOAA-20,URBANO SANTOS,MARANHÃO,Brasil,2112605,21,33,,,,Cerrado,2.3
4f565b36-0b51-339f-ba3e-44740c978ef2,-4.36404,-43.83595,2026-10-03 03:53:00,NOAA-20,CODÓ,MARANHÃO,Brasil,2103307,21,33,,,,Cerrado,2.3
12c4f776-4495-3351-a897-092e59dbec67,-4.35992,-47.77886,2026-10-03 03:53:00,NOAA-20,DOM ELISEU,PARÁ,Brasil,1502939,15,33,,,,Amazônia,8.3
8565f800-3226-3543-8e35-edd4bfa66bac,-2.88873,-45.41264,2026-10-03 03:53:00,NOAA-20,PEDRO DO ROSÁRIO,MARANHÃO,Brasil,2108256,21,33,,,,Amazônia,1.4
351435b2-2f65-3802-a388-a08d9a248b3f,-3.69218,-39.57771,2026-10-03 03:53:00,NOAA-20,ITAPAJÉ,CEARÁ,Brasil,2306306,23,33,,,,Caatinga,3.4
a4498906-11cf-3a01-a229-63b42c00fb2e,-3.35312,-43.38531,2026-10-03 03:53:00,NOAA-20,URBANO SANTOS,MARANHÃO,Brasil,2112605,21,33,,,,Cerrado,2.3
fe9783c2-9f95-3aa0-8aae-16422898d214,-4.56699,-46.58319,2026-10-03 03:53:00,NOAA-20,BOM JESUS DAS SELVAS,MARANHÃO,Brasil,2102036,21,33,,,,Amazônia,5.9
e438891e-c91c-3333-9adf-fa7c97598a2b,-4.73155,-43.27205,2026-10-03 03:53:00,NOAA-20,CAXIAS,MARANHÃO,Brasil,2103000,21,33,,,,Cerrado,1.8
aa573ba1-f554-3bb8-ae5c-41eaf21cfbef,-1.68549,-48.2086,2026-10-03 03:53:00,NOAA-20,BUJARU,PARÁ,Brasil,1501907,15,33,,,,Amazônia,2.7
a092ec9c-99e0-3846-bdd4-9dbce157efd0,-4.56633,-46.58696,2026-10-03 03:53:00,NOAA-20,BOM JESUS DAS SELVAS,MARANHÃO,Brasil,2102036,21,33,,,,Amazônia,9.3
cf50a9cf-d32d-3bc0-b7a9-6a575954efa0,-1.32831,-47.59139,2026-10-03 03:53:00,NOAA-20,SANTA MARIA DO PARÁ,PARÁ,Brasil,1506609,15,33,,,,Amazônia,2.2
9eb6ea1e-df9c-32b1-bf6c-8f90daabd558,-4.44717,-47.93163,2026-10-03 03:53:00,NOAA-20,DOM ELISEU,PARÁ,Brasil,1502939,15,33,,,,Amazônia,7.1
f5cc8f22-f9ae-3c49-8957-d1bb2595f854,-2.17413,-49.77681,2026-10-03 03:53:00,NOAA-20,CAMETÁ,PARÁ,Brasil,1502103,15,33,,,,Amazônia,2.3
fe683923-48b1-3bc5-8602-da9dbdb3a7eb,-4.36049,-47.7756,2026-10-03 03:53:00,NOAA-20,DOM ELISEU,PARÁ,Brasil,1502939,15,33,,,,Amazônia,4.8
7d1dcb18-4bcb-33ab-8312-662e98ee1645,-4.73684,-43.26825,2026-10-03 03:53:00,NOAA-20,CAXIAS,MARANHÃO,Brasil,2103000,21,33,,,,Cerrado,6.5
8e10c3be-b1a4-3ee3-af62-d1b695b2e7e9,-3.35232,-43.39019,2026-10-03 03:53:00,NOAA-20,URBANO SANTOS,MARANHÃO,Brasil,2112605,21,33,,,,Cerrado,1.7
1f5e745d-1ede-365d-9ba6-49d045c4176a,-2.8893,-45.40924,2026-10-03 03:53:00,NOAA-20,PEDRO DO ROSÁRIO,MARANHÃO,Brasil,2108256,21,33,,,,Amazônia,1.4
fa10f517-1bbe-31e9-bceb-04984ab23fc1,-5.18457,-39.7397,2026-10-03 03:53:00,NOAA-20,BOA VIAGEM,CEARÁ,Brasil,2302404,23,33,,,,Caatinga,3.0
50cc1e3b-983c-38ba-8d7f-634ed3aa2e8e,-5.82744,-38.95244,2026-10-03 03:53:00,NOAA-20,SOLONÓPOLE,CEARÁ,Brasil,2313005,23,33,,,,Caatinga,1.1
d49adbcc-4600-3f50-b913-5ea516fa0c33,-4.35911,-47.78339,2026-10-03 03:53:00,NOAA-20,DOM ELISEU,PARÁ,Brasil,1502939,15,33,,,,Amazônia,8.7
984ef36c-bb4c-30b0-9845-63aadd50d607,-5.89516,-35.7276,2026-10-03 03:53:00,NOAA-20,SÃO PAULO DO POTENGI,RIO GRANDE DO NORTE,Brasil,2412609,24,33,,,,Caatinga,1.4
197555ac-e495-32a4-9244-783098c9d829,-4.35381,-47.77771,2026-10-03 03:53:00,NOAA-20,DOM ELISEU,PARÁ,Brasil,1502939,15,33,,,,Amazônia,2.6
d9ea1d41-a7d2-309e-9dbe-cd5c10be0fc8,-5.824,-38.95184,2026-10-03 03:53:00,NOAA-20,SOLONÓPOLE,CEARÁ,Brasil,2313005,23,33,,,,Caatinga,1.1
99339d9b-3909-3076-a78c-4de99ea20400,-4.98673,-45.64495,2026-10-03 03:53:00,NOAA-20,ARAME,MARANHÃO,Brasil,2100956,21,33,,,,Amazônia,1.9
63164634-f86b-3504-a7d0-0e348b926bd2,-4.89043,-45.45425,2026-10-03 03:53:00,NOAA-20,LAGOA GRANDE DO MARANHÃO,MARANHÃO,Brasil,2105963,21,33,,,,Cerrado,0.9
ca8052b1-3f15-3dc3-9f18-e4846baa2e6b,-4.35439,-47.77441,2026-10-03 03:53:00,NOAA-20,DOM ELISEU,PARÁ,Brasil,1502939,15,33,,,,Amazônia,4.8
41dc0f69-f1a4-3d6f-bfb7-77f8662d21a0,-4.46052,-38.919,2026-10-03 03:53:00,NOAA-20,CAPISTRANO,CEARÁ,Brasil,2302909,23,33,,,,Caatinga,1.1
c870d9fc-1fd3-36b9-a9cd-c309fc074d4b,-4.73232,-43.26754,2026-10-03 03:53:00,NOAA-20,CAXIAS,MARANHÃO,Brasil,2103000,21,33,,,,Cerrado,1.0
6cd9dec1-c0b9-3c76-83ca-2b713e6c9e29,-3.34847,-43.38454,2026-10-03 03:53:00,NOAA-20,URBANO SANTOS,MARANHÃO,Brasil,2112605,21,33,,,,Cerrado,2.3
f37475b0-2064-30b8-9141-d34dd8601292,-4.56939,-46.5871,2026-10-03 03:53:00,NOAA-20,BOM JESUS DAS SELVAS,MARANHÃO,Brasil,2102036,21,33,,,,Amazônia,7.1
f54ea147-36e2-34a1-802b-59cf081e6524,-4.73607,-43.27275,2026-10-03 03:53:00,NOAA-20,CAXIAS,MARANHÃO,Brasil,2103000,21,33,,,,Cerrado,3.9
f91c775b-a3a9-348c-8c06-2cfc4f958967,-5.27148,-43.36214,2026-10-03 03:53:00,NOAA-20,MATÕES,MARANHÃO,Brasil,2106607,21,33,,,,Cerrado,1.0
9c64b5d1-0edd-3464-9d4d-6b136f4900e2,-4.56298,-46.59057,2026-10-03 03:53:00,NOAA-20,BOM JESUS DAS SELVAS,MARANHÃO,Brasil,2102036,21,33,,,,Amazônia,2.0
dd26da92-263d-39d8-bce0-f72913b90744,-2.16821,-49.76845,2026-10-03 03:53:00,NOAA-20,CAMETÁ,PARÁ,Brasil,1502103,15,33,,,,Amazônia,1.0
f509ecc0-18fd-3f1c-8b6b-c9641fc58afd,-4.45415,-47.92797,2026-10-03 03:53:00,NOAA-20,DOM ELISEU,PARÁ,Brasil,1502939,15,33,,,,Amazônia,7.1
08327612-8063-3d29-94b0-d66a0d09d2d7,-4.66308,-40.56226,2026-10-03 03:53:00,NOAA-20,NOVA RUSSAS,CEARÁ,Brasil,2309300,23,33,,,,Caatinga,0.8
4eecc903-3bcf-32dd-908e-63395b4de523,-4.90578,-45.71015,2026-10-03 03:53:00,NOAA-20,ARAME,MARANHÃO,Brasil,2100956,21,33,,,,Amazônia,1.8
fa38bbe7-9864-3cb2-b00f-c95101f62afa,-4.98423,-44.8872,2026-10-03 03:53:00,NOAA-20,JOSELÂNDIA,MARANHÃO,Brasil,2105609,21,33,,,,Cerrado,1.4
533777cd-2c8b-3839-9d6d-e5d2af58c60e,-3.69252,-39.57976,2026-10-03 03:53:00,NOAA-20,ITAPAJÉ,CEARÁ,Brasil,2306306,23,33,,,,Caatinga,3.3
6da80e8f-d16a-3cff-baff-b82f3b37091b,-3.74962,-45.94712,2026-10-03 03:53:00,NOAA-20,ALTO ALEGRE DO PINDARÉ,MARANHÃO,Brasil,2100477,21,33,,,,Amazônia,1.7
63e53ec4-de31-3f66-aba2-5f6c165f3539,-4.56872,-46.59104,2026-10-03 03:53:00,NOAA-20,BOM JESUS DAS SELVAS,MARANHÃO,Brasil,2102036,21,33,,,,Amazônia,7.1
510992a6-5f35-3e89-b7bf-c143cbb4c002,-4.45317,-47.92704,2026-10-03 03:53:00,NOAA-20,DOM ELISEU,PARÁ,Brasil,1502939,15,33,,,,Amazônia,20.3
21c4df64-e103-3250-af83-54698b8e6ce8,-4.8899,-45.45732,2026-10-03 03:53:00,NOAA-20,LAGOA GRANDE DO MARANHÃO,MARANHÃO,Brasil,2105963,21,33,,,,Cerrado,0.9
e4cd9d66-1941-371e-a08a-a11375d92ba1,-4.19016,-40.32311,2026-10-03 03:53:00,NOAA-20,SANTA QUITÉRIA,CEARÁ,Brasil,2312205,23,33,,,,Caatinga,0.6
66c2e5cf-fa8a-39ea-8755-bfddb6ffa846,-4.73309,-43.26303,2026-10-03 03:53:00,NOAA-20,CAXIAS,MARANHÃO,Brasil,2103000,21,33,,,,Cerrado,1.0
0da29150-be23-385e-904a-a1f52a42ff03,-4.56563,-46.59085,2026-10-03 03:53:00,NOAA-20,BOM JESUS DAS SELVAS,MARANHÃO,Brasil,2102036,21,33,,,,Amazônia,9.3
b8c52fa1-37d5-3aed-bb37-73b2b0e4ef76,-4.74059,-43.27346,2026-10-03 03:53:00,NOAA-20,CAXIAS,MARANHÃO,Brasil,2103000,21,33,,,,Cerrado,3.9
bdff0c22-4fb4-3308-88c0-d48fee9545c6,-4.56363,-46.58672,2026-10-03 03:53:00,NOAA-20,BOM JESUS DAS SELVAS,MARANHÃO,Brasil,2102036,21,33,,,,Amazônia,2.0
c3270ee1-43be-39a8-bf3a-61f9cb72f17d,-4.45333,-47.93277,2026-10-03 03:53:00,NOAA-20,DOM ELISEU,PARÁ,Brasil,1502939,15,33,,,,Amazônia,7.1
65d46c9d-eeae-33ad-ac45-75ada78d0d8c,-5.27072,-43.3666,2026-10-03 03:53:00,NOAA-20,MATÕES,MARANHÃO,Brasil,2106607,21,33,,,,Cerrado,1.0
781f27c2-c5b6-3880-8211-2bb3ae009f9d,-4.35359,-47.77905,2026-10-03 03:53:00,NOAA-20,DOM ELISEU,PARÁ,Brasil,1502939,15,33,,,,Amazônia,4.8
2d2b55b9-4dcf-3c47-9f95-0c05a6d9867b,-2.49063,-48.53035,2026-10-03 03:53:00,NOAA-20,ACARÁ,PARÁ,Brasil,1500206,15,33,,,,Amazônia,3.5
f9c94203-b030-3dc8-a7d2-d6d6bcdbe3ba,-4.44615,-47.93069,2026-10-03 03:53:00,NOAA-20,DOM ELISEU,PARÁ,Brasil,1502939,15,33,,,,Amazônia,1.2
7d87e45a-0947-368b-b885-3247a1177197,-3.01169,-41.14162,2026-10-03 03:53:00,NOAA-20,BARROQUINHA,CEARÁ,Brasil,2302057,23,33,,,,Caatinga,3.4
25e36fb9-ac86-3d0c-a448-33b02b0a06de,-1.53194,-47.5149,2026-10-03 03:53:00,NOAA-20,SÃO MIGUEL DO GUAMÁ,PARÁ,Brasil,1507607,15,33,,,,Amazônia,1.7
01851dd4-6962-37f6-a2cc-1225b1c4ee99,-4.36075,-47.77425,2026-10-03 03:53:00,NOAA-20,DOM ELISEU,PARÁ,Brasil,1502939,15,33,,,,Amazônia,8.3
b509dcd9-23fa-385b-b541-b436ef01bd9b,-4.45231,-47.93182,2026-10-03 03:53:00,NOAA-20,DOM ELISEU,PARÁ,Brasil,1502939,15,33,,,,Amazônia,15.8
336dffdf-9e77-3347-b34f-7c301a53bdb6,-7.24028,-45.25885,2026-10-03 03:55:00,NOAA-20,LORETO,MARANHÃO,Brasil,2106102,21,33,,,,Cerrado,2.9
25c0a98d-56ed-3186-8acc-b853ee6dcc12,-10.3679,-39.87159,2026-10-03 03:55:00,NOAA-20,ANDORINHA,BAHIA,Brasil,2901353,29,33,,,,Caatinga,5.3
c2b68a97-8cd6-3403-a3ab-bcc138861bd0,-5.74228,-45.05514,2026-10-03 03:55:00,NOAA-20,BARRA DO CORDA,MARANHÃO,Brasil,2101608,21,33,,,,Cerrado,3.2
b8e7f617-ebf5-3bab-af8c-f151505d9b49,-5.75809,-45.29552,2026-10-03 03:55:00,NOAA-20,BARRA DO CORDA,MARANHÃO,Brasil,2101608,21,33,,,,Cerrado,1.3
018d7845-431c-3360-b9e4-5f6699e77c05,-6.90086,-43.68738,2026-10-03 03:55:00,NOAA-20,GUADALUPE,PIAUÍ,Brasil,2204501,22,33,,,,Cerrado,3.2
b62c9a63-aac7-3d64-b987-32179d55d284,-13.38349,-41.34799,2026-10-03 03:55:00,NOAA-20,IBICOARA,BAHIA,Brasil,2912202,29,33,,,,Caatinga,2.1
55f2254a-c05e-39b2-9ffc-43f25c76b608,-5.61306,-44.38438,2026-10-03 03:55:00,NOAA-20,SÃO DOMINGOS DO MARANHÃO,MARANHÃO,Brasil,2110708,21,33,,,,Cerrado,9.3
ab740dca-5235-3efc-9d72-ec66f1ebf39c,-11.47654,-43.40322,2026-10-03 03:55:00,NOAA-20,BARRA,BAHIA,Brasil,2902708,29,33,,,,Cerrado,2.0
8d462998-2b8a-3464-9f69-a9af0c064f14,-5.55848,-43.9632,2026-10-03 03:55:00,NOAA-20,FORTUNA,MARANHÃO,Brasil,2104206,21,33,,,,Cerrado,1.8
8829a60c-dd5d-3a99-932d-214a030aad4f,-4.80498,-49.87917,2026-10-03 03:55:00,NOAA-20,NOVO REPARTIMENTO,PARÁ,Brasil,1505064,15,33,,,,Amazônia,2.8
644e8dc6-df10-3650-a0c2-455e6026eeaf,-5.73679,-45.05702,2026-10-03 03:55:00,NOAA-20,BARRA DO CORDA,MARANHÃO,Brasil,2101608,21,33,,,,Cerrado,3.2
6164c72c-1d41-3257-8dec-c7671f469998,-13.38418,-41.34385,2026-10-03 03:55:00,NOAA-20,IBICOARA,BAHIA,Brasil,2912202,29,33,,,,Caatinga,1.5
8670e9b6-93f1-313e-a868-d9dd12fca916,-6.92603,-49.63184,2026-10-03 03:55:00,NOAA-20,SAPUCAIA,PARÁ,Brasil,1507755,15,33,,,,Amazônia,4.3
d1d9fb7e-3eb1-39da-b84a-de4c5ca935c2,-11.48061,-43.40396,2026-10-03 03:55:00,NOAA-20,BARRA,BAHIA,Brasil,2902708,29,33,,,,Cerrado,2.0
72d25c47-96ff-3377-8d8a-8d1412e62a18,-11.8145,-43.55103,2026-10-03 03:55:00,NOAA-20,BARRA,BAHIA,Brasil,2902708,29,33,,,,Cerrado,6.2
4e6326b3-aba6-3e78-a63a-b53adedb5318,-6.88799,-43.73616,2026-10-03 03:55:00,NOAA-20,GUADALUPE,PIAUÍ,Brasil,2204501,22,33,,,,Cerrado,1.8
6e5b379f-b276-3e4e-98ba-52741e44c8b7,-6.42128,-45.86128,2026-10-03 03:55:00,NOAA-20,FORMOSA DA SERRA NEGRA,MARANHÃO,Brasil,2104099,21,33,,,,Cerrado,1.0
17230bbc-83f3-3ef9-a994-7042645917b9,-5.73204,-45.14375,2026-10-03 03:55:00,NOAA-20,BARRA DO CORDA,MARANHÃO,Brasil,2101608,21,33,,,,Cerrado,3.6
048d2e40-fb09-3f38-869a-142e2bb2907d,-5.94475,-43.6622,2026-10-03 03:55:00,NOAA-20,LAGOA DO MATO,MARANHÃO,Brasil,2105922,21,33,,,,Cerrado,19.5
f95b764d-1e42-32f7-a32c-98fed523fa6f,-6.58925,-43.49994,2026-10-03 03:55:00,NOAA-20,SÃO JOÃO DOS PATOS,MARANHÃO,Brasil,2111102,21,33,,,,Cerrado,1.7
bd3687a0-e0cd-34c1-aa4e-749a983b96f4,-4.812,-49.87971,2026-10-03 03:55:00,NOAA-20,NOVO REPARTIMENTO,PARÁ,Brasil,1505064,15,33,,,,Amazônia,2.8
130ce48b-dfdb-3ef7-afb4-85e21322c4e3,-5.7637,-43.98548,2026-10-03 03:55:00,NOAA-20,BURITI BRAVO,MARANHÃO,Brasil,2102309,21,33,,,,Cerrado,2.1
afd16de6-18aa-3e31-b2d5-115470244423,-12.97311,-41.17831,2026-10-03 03:55:00,NOAA-20,ITAETÉ,BAHIA,Brasil,2915007,29,33,,,,Caatinga,1.2
b9ab52d7-f276-3d1d-b1f6-083ac384b5ba,-11.70659,-43.63461,2026-10-03 03:55:00,NOAA-20,BARRA,BAHIA,Brasil,2902708,29,33,,,,Cerrado,4.1
865c9eb4-8c6f-338a-82df-7d5203a876e9,-9.45554,-40.3737,2026-10-03 03:55:00,NOAA-20,JUAZEIRO,BAHIA,Brasil,2918407,29,33,,,,Caatinga,24.6
b5416e4c-ada4-32f4-b934-498e6069b2e2,-5.94148,-43.65969,2026-10-03 03:55:00,NOAA-20,LAGOA DO MATO,MARANHÃO,Brasil,2105922,21,33,,,,Cerrado,29.7
b140af02-fe6b-3478-b3ae-d73b659a17cd,-6.50045,-41.75181,2026-10-03 03:55:00,NOAA-20,VALENÇA DO PIAUÍ,PIAUÍ,Brasil,2211308,22,33,,,,Caatinga,1.9
a834adf9-0928-35a1-a211-d3336f0f2de6,-6.91876,-44.56733,2026-10-03 03:55:00,NOAA-20,SÃO DOMINGOS DO AZEITÃO,MARANHÃO,Brasil,2110658,21,33,,,,Cerrado,2.0
b390770c-f339-3a5a-b96d-930009254a15,-6.41604,-45.8604,2026-10-03 03:55:00,NOAA-20,FORMOSA DA SERRA NEGRA,MARANHÃO,Brasil,2104099,21,33,,,,Cerrado,1.0
45480b18-3415-32bf-9f7f-a13d2d134c03,-11.44125,-43.38916,2026-10-03 03:55:00,NOAA-20,BARRA,BAHIA,Brasil,2902708,29,33,,,,Cerrado,3.8
acfe03c8-6e73-39e1-92b4-cd7b58337dd9,-5.8267,-45.0133,2026-10-03 03:55:00,NOAA-20,FERNANDO FALCÃO,MARANHÃO,Brasil,2104081,21,33,,,,Cerrado,2.3
ddf93a41-09e8-3027-9f35-d4d1e66656dc,-9.72134,-36.11001,2026-10-03 03:55:00,NOAA-20,SÃO MIGUEL DOS CAMPOS,ALAGOAS,Brasil,2708600,27,33,,,,Mata Atlântica,1.0
0e1e5f6b-6614-3552-984c-d7912c31a030,-4.40522,-49.97524,2026-10-03 03:55:00,NOAA-20,NOVO REPARTIMENTO,PARÁ,Brasil,1505064,15,33,,,,Amazônia,1.7
081e2bb4-357d-3d2d-a970-98ce6ebdd98a,-6.92397,-49.63216,2026-10-03 03:55:00,NOAA-20,SAPUCAIA,PARÁ,Brasil,1507755,15,33,,,,Amazônia,4.1
c7998cc5-7224-38f2-8285-92df04dcdc9a,-5.61732,-44.38605,2026-10-03 03:55:00,NOAA-20,SÃO DOMINGOS DO MARANHÃO,MARANHÃO,Brasil,2110708,21,33,,,,Cerrado,6.4
5263d390-b22e-3def-ab85-c7b0e2a18fd3,-6.92438,-44.56314,2026-10-03 03:55:00,NOAA-20,SÃO DOMINGOS DO AZEITÃO,MARANHÃO,Brasil,2110658,21,33,,,,Cerrado,2.1
367c7273-e28d-3e12-bd6a-af37a0737a30,-9.72473,-36.11054,2026-10-03 03:55:00,NOAA-20,SÃO MIGUEL DOS CAMPOS,ALAGOAS,Brasil,2708600,27,33,,,,Mata Atlântica,32.6
e7ea4c2a-01d9-38f4-b7ea-96ea1baffa9d,-6.73719,-44.14705,2026-10-03 03:55:00,NOAA-20,NOVA IORQUE,MARANHÃO,Brasil,2107308,21,33,,,,Cerrado,1.5
9673a35d-eb61-3c08-8437-0a5aae430d75,-5.95217,-43.65195,2026-10-03 03:55:00,NOAA-20,LAGOA DO MATO,MARANHÃO,Brasil,2105922,21,33,,,,Cerrado,4.1
3b17e708-9e93-3d9a-a8a2-822ffb0af2b2,-5.95007,-43.65828,2026-10-03 03:55:00,NOAA-20,LAGOA DO MATO,MARANHÃO,Brasil,2105922,21,33,,,,Cerrado,11.4
d74ecfca-01e4-3c89-a160-979f70b6185d,-6.50133,-41.74665,2026-10-03 03:55:00,NOAA-20,VALENÇA DO PIAUÍ,PIAUÍ,Brasil,2211308,22,33,,,,Caatinga,5.5
83a017fd-3284-3c0a-b4b0-b48090ed4829,-5.95752,-43.64799,2026-10-03 03:55:00,NOAA-20,LAGOA DO MATO,MARANHÃO,Brasil,2105922,21,33,,,,Cerrado,4.5
7332a357-ac80-3c09-b8de-674498e9bff3,-5.74515,-45.15803,2026-10-03 03:55:00,NOAA-20,BARRA DO CORDA,MARANHÃO,Brasil,2101608,21,33,,,,Cerrado,3.7
9eaaad10-1cec-3ce7-aa8e-c6842ef182bd,-9.45268,-40.36909,2026-10-03 03:55:00,NOAA-20,JUAZEIRO,BAHIA,Brasil,2918407,29,33,,,,Caatinga,2.2
b521893a-1c19-3160-87bf-bb6815441946,-5.95135,-43.6566,2026-10-03 03:55:00,NOAA-20,LAGOA DO MATO,MARANHÃO,Brasil,2105922,21,33,,,,Cerrado,4.1
c0311ee3-5dc6-3de8-a706-889f25900bba,-5.75169,-45.15024,2026-10-03 03:55:00,NOAA-20,BARRA DO CORDA,MARANHÃO,Brasil,2101608,21,33,,,,Cerrado,0.6
fe81e52f-978c-3dce-acc6-c65790542528,-5.43475,-43.44872,2026-10-03 03:55:00,NOAA-20,MATÕES,MARANHÃO,Brasil,2106607,21,33,,,,Cerrado,1.7
726f9d94-3991-3b8e-a0b1-5b3fdc847f91,-5.13202,-45.58425,2026-10-03 03:55:00,NOAA-20,ITAIPAVA DO GRAJAÚ,MARANHÃO,Brasil,2105351,21,33,,,,Cerrado,7.3
6708727e-8d36-39e7-9803-c28ce680e71d,-12.53634,-43.07933,2026-10-03 03:55:00,NOAA-20,PARATINGA,BAHIA,Brasil,2923704,29,33,,,,Caatinga,5.6
6ce4eb4f-de49-3f0e-9ece-1bf0cd26ac30,-5.94631,-43.65282,2026-10-03 03:55:00,NOAA-20,LAGOA DO MATO,MARANHÃO,Brasil,2105922,21,33,,,,Cerrado,11.4
c4a819b8-4651-3d3c-9459-8f1cfc16f1f7,-5.19521,-46.16737,2026-10-03 03:55:00,NOAA-20,ARAME,MARANHÃO,Brasil,2100956,21,33,,,,Amazônia,0.6
51b6ec87-1661-3600-9947-0388eb2b5f95,-9.72812,-36.11106,2026-10-03 03:55:00,NOAA-20,SÃO MIGUEL DOS CAMPOS,ALAGOAS,Brasil,2708600,27,33,,,,Mata Atlântica,32.6
078e8997-f826-3faa-8378-2771dac81ecc,-12.95983,-41.19262,2026-10-03 03:55:00,NOAA-20,ITAETÉ,BAHIA,Brasil,2915007,29,33,,,,Caatinga,3.2
e9af58e8-eb6a-3c7e-9cef-2ebc52bab4b4,-5.61251,-44.38531,2026-10-03 03:55:00,NOAA-20,SÃO DOMINGOS DO MARANHÃO,MARANHÃO,Brasil,2110708,21,33,,,,Cerrado,4.9
f2fea961-c2c0-38ce-9efe-212d510d13df,-5.94682,-43.65584,2026-10-03 03:55:00,NOAA-20,LAGOA DO MATO,MARANHÃO,Brasil,2105922,21,33,,,,Cerrado,10.6
84a6c440-566f-391c-b121-3f906c8c623a,-13.44889,-41.32495,2026-10-03 03:55:00,NOAA-20,IBICOARA,BAHIA,Brasil,2912202,29,33,,,,Caatinga,1.2
be2cdab7-1e84-357c-bcf6-b14b58ead671,-5.71579,-46.20411,2026-10-03 03:55:00,NOAA-20,GRAJAÚ,MARANHÃO,Brasil,2104800,21,33,,,,Cerrado,1.1
3acc2232-cb7f-38b7-8595-366b740113da,-12.86744,-44.71852,2026-10-03 03:55:00,NOAA-20,SÃO DESIDÉRIO,BAHIA,Brasil,2928901,29,33,,,,Cerrado,13.6
46f905fc-ca22-3461-838d-89dc3c2b9f21,-5.63534,-44.36758,2026-10-03 03:55:00,NOAA-20,SÃO DOMINGOS DO MARANHÃO,MARANHÃO,Brasil,2110708,21,33,,,,Cerrado,3.2
5c6f9412-2ddd-3a02-a3e5-52a1872481a1,-9.45688,-40.36569,2026-10-03 03:55:00,NOAA-20,JUAZEIRO,BAHIA,Brasil,2918407,29,33,,,,Caatinga,13.1
cf6b23e8-4649-318c-b3df-a665444a3a8e,-5.73709,-45.1446,2026-10-03 03:55:00,NOAA-20,BARRA DO CORDA,MARANHÃO,Brasil,2101608,21,33,,,,Cerrado,3.6
c3505211-c202-3d08-950c-7505fc82588a,-5.74566,-45.15509,2026-10-03 03:55:00,NOAA-20,BARRA DO CORDA,MARANHÃO,Brasil,2101608,21,33,,,,Cerrado,2.7
4fe525d2-5975-3f9f-9384-bbdcbe13f76b,-5.73961,-45.16,2026-10-03 03:55:00,NOAA-20,BARRA DO CORDA,MARANHÃO,Brasil,2101608,21,33,,,,Cerrado,3.7
c0490cd7-ebc1-3ac5-8a8b-3a7bfbf53fd7,-5.95671,-43.65268,2026-10-03 03:55:00,NOAA-20,LAGOA DO MATO,MARANHÃO,Brasil,2105922,21,33,,,,Cerrado,4.1
105344ac-873d-3da4-99ee-8687752b83f5,-6.92505,-49.62651,2026-10-03 03:55:00,NOAA-20,SAPUCAIA,PARÁ,Brasil,1507755,15,33,,,,Amazônia,4.1
61cb6861-616a-3aa4-8fc4-fb5fb5b43bf7,-10.56777,-36.86953,2026-10-03 03:55:00,NOAA-20,JAPARATUBA,SERGIPE,Brasil,2803302,28,33,,,,Mata Atlântica,0.6
c2afcbab-6524-3b75-932a-8522556417e3,-5.94851,-43.6677,2026-10-03 03:55:00,NOAA-20,LAGOA DO MATO,MARANHÃO,Brasil,2105922,21,33,,,,Cerrado,19.5
e46cdfcb-52cd-3e21-8f4c-4fd2770cfb67,-5.74616,-45.1522,2026-10-03 03:55:00,NOAA-20,BARRA DO CORDA,MARANHÃO,Brasil,2101608,21,33,,,,Cerrado,2.7
f0a99f08-9104-3549-8b5e-da1aa7a442fe,-7.12656,-41.33328,2026-10-03 03:55:00,NOAA-20,GEMINIANO,PIAUÍ,Brasil,2204352,22,33,,,,Caatinga,1.0
94e40c74-181a-3a3e-9aac-f3383e2b7cb1,-5.95084,-43.65361,2026-10-03 03:55:00,NOAA-20,LAGOA DO MATO,MARANHÃO,Brasil,2105922,21,33,,,,Cerrado,11.4
8469c9d9-6bba-3764-807a-997f3bebd337,-5.73609,-45.15033,2026-10-03 03:55:00,NOAA-20,BARRA DO CORDA,MARANHÃO,Brasil,2101608,21,33,,,,Cerrado,2.3
7043bbaa-044c-3dcf-83e6-633287833adb,-5.94397,-43.6669,2026-10-03 03:55:00,NOAA-20,LAGOA DO MATO,MARANHÃO,Brasil,2105922,21,33,,,,Cerrado,19.5
b4c367ed-cd27-3034-bc40-e2967cc3c3d1,-11.79535,-43.54005,2026-10-03 03:55:00,NOAA-20,BARRA,BAHIA,Brasil,2902708,29,33,,,,Cerrado,4.3
40791733-6419-3ab0-b3d3-8a3378ca6c3b,-11.84641,-41.27785,2026-10-03 03:55:00,NOAA-20,BONITO,BAHIA,Brasil,2904050,29,33,,,,Caatinga,1.7
ca035314-20d0-3085-a6fd-0782a1005ccc,-5.93937,-43.64502,2026-10-03 03:55:00,NOAA-20,LAGOA DO MATO,MARANHÃO,Brasil,2105922,21,33,,,,Cerrado,5.9
5a5ccffd-77af-3cc4-8003-ebe0850df937,-11.70728,-43.63081,2026-10-03 03:55:00,NOAA-20,BARRA,BAHIA,Brasil,2902708,29,33,,,,Cerrado,5.1
a024fa17-a23e-3acf-a37c-eb9c8146a7a1,-5.74162,-45.14841,2026-10-03 03:55:00,NOAA-20,BARRA DO CORDA,MARANHÃO,Brasil,2101608,21,33,,,,Cerrado,0.9
6b5113b2-b7af-39e8-ac1f-17616f5e3781,-9.13576,-37.23511,2026-10-03 03:55:00,NOAA-20,ITAÍBA,PERNAMBUCO,Brasil,2607505,26,33,,,,Caatinga,0.5
4ccbddd2-bab9-3fee-98a1-304860cdc20b,-9.72868,-36.1074,2026-10-03 03:55:00,NOAA-20,SÃO MIGUEL DOS CAMPOS,ALAGOAS,Brasil,2708600,27,33,,,,Mata Atlântica,51.5
cc859b36-527f-38c6-b9f5-9dfabf285552,-9.46394,-40.36688,2026-10-03 03:55:00,NOAA-20,JUAZEIRO,BAHIA,Brasil,2918407,29,33,,,,Caatinga,4.8
52d5fdfe-9f67-3480-b413-60d07244804f,-12.85404,-44.69392,2026-10-03 03:55:00,NOAA-20,SÃO DESIDÉRIO,BAHIA,Brasil,2928901,29,33,,,,Cerrado,2.1
0828ae02-fcc1-359f-be51-b0372ea28baa,-12.85835,-44.69479,2026-10-03 03:55:00,NOAA-20,SÃO DESIDÉRIO,BAHIA,Brasil,2928901,29,33,,,,Cerrado,7.2
c43ceed8-b29c-38bb-b97c-da2e2c1ec229,-11.79062,-43.54299,2026-10-03 03:55:00,NOAA-20,BARRA,BAHIA,Brasil,2902708,29,33,,,,Cerrado,3.2
c24d2c1d-efa1-3743-9d09-4b718f960cad,-9.46327,-40.37088,2026-10-03 03:55:00,NOAA-20,JUAZEIRO,BAHIA,Brasil,2918407,29,33,,,,Caatinga,9.8
070f1c48-7892-38dc-af86-262d30ca8ce7,-6.88723,-43.74068,2026-10-03 03:55:00,NOAA-20,GUADALUPE,PIAUÍ,Brasil,2204501,22,33,,,,Cerrado,2.3
ac8d0911-7383-3e5d-a904-8286d34c97cb,-5.43025,-43.44788,2026-10-03 03:55:00,NOAA-20,MATÕES,MARANHÃO,Brasil,2106607,21,33,,,,Cerrado,1.7
aeab9a93-04e9-3cc4-b9e4-7d6a41b87cec,-10.36576,-39.49962,2026-10-03 03:55:00,NOAA-20,MONTE SANTO,BAHIA,Brasil,2921500,29,33,,,,Caatinga,1.1
359549e5-8efa-37f6-aa7b-61bca4b11ff4,-12.86266,-44.69565,2026-10-03 03:55:00,NOAA-20,SÃO DESIDÉRIO,BAHIA,Brasil,2928901,29,33,,,,Cerrado,7.2
74928e96-db31-3ff0-90e2-c883403e970c,-7.01265,-43.42573,2026-10-03 03:55:00,NOAA-20,JERUMENHA,PIAUÍ,Brasil,2205300,22,33,,,,Cerrado,2.1
1e640a10-cee9-3f49-8c6b-0c6557d01a95,-5.94709,-43.64815,2026-10-03 03:55:00,NOAA-20,LAGOA DO MATO,MARANHÃO,Brasil,2105922,21,33,,,,Cerrado,16.4
349f8808-03f1-334a-aafb-fc34740e98e3,-5.73759,-45.14169,2026-10-03 03:55:00,NOAA-20,BARRA DO CORDA,MARANHÃO,Brasil,2101608,21,33,,,,Cerrado,2.5
0e032383-12ca-3ac0-a442-54cb4e4ea0eb,-5.73659,-45.14748,2026-10-03 03:55:00,NOAA-20,BARRA DO CORDA,MARANHÃO,Brasil,2101608,21,33,,,,Cerrado,3.6
535df6c7-17d7-360f-aa3e-12d8f8e6ea17,-11.84282,-41.27723,2026-10-03 03:55:00,NOAA-20,BONITO,BAHIA,Brasil,2904050,29,33,,,,Caatinga,1.7
184f1526-5dd9-3670-a69c-7ebd445af1dd,-5.93857,-43.6496,2026-10-03 03:55:00,NOAA-20,LAGOA DO MATO,MARANHÃO,Brasil,2105922,21,33,,,,Cerrado,6.5
ecb03585-c029-387c-a77c-47334b64d198,-12.85957,-44.71258,2026-10-03 03:55:00,NOAA-20,SÃO DESIDÉRIO,BAHIA,Brasil,2928901,29,33,,,,Cerrado,0.6
4b400655-6da8-384e-a2ba-29a84f849238,-5.74212,-45.14555,2026-10-03 03:55:00,NOAA-20,BARRA DO CORDA,MARANHÃO,Brasil,2101608,21,33,,,,Cerrado,0.9
5638751d-d5a3-3e05-8c4b-10367be18702,-11.48746,-43.41278,2026-10-03 03:55:00,NOAA-20,BARRA,BAHIA,Brasil,2902708,29,33,,,,Cerrado,2.1
c65c36ac-7be6-3be7-a073-20fa2fa58ce6,-11.44059,-43.39281,2026-10-03 03:55:00,NOAA-20,BARRA,BAHIA,Brasil,2902708,29,33,,,,Cerrado,3.8
f6021ebe-864f-3ecc-8eaf-fb47ab90d47d,-5.71747,-46.20514,2026-10-03 03:55:00,NOAA-20,GRAJAÚ,MARANHÃO,Brasil,2104800,21,33,,,,Cerrado,1.2
f4d9c0ba-e95f-3171-a38d-828198297624,-5.7391,-45.16298,2026-10-03 03:55:00,NOAA-20,BARRA DO CORDA,MARANHÃO,Brasil,2101608,21,33,,,,Cerrado,1.1
bbc3c4d3-296c-3c85-b68f-cf56cc2d07b2,-5.74113,-45.15125,2026-10-03 03:55:00,NOAA-20,BARRA DO CORDA,MARANHÃO,Brasil,2101608,21,33,,,,Cerrado,2.7
203911ba-6d8c-33d6-ae90-dcc288ab467e,-11.47996,-43.40763,2026-10-03 03:55:00,NOAA-20,BARRA,BAHIA,Brasil,2902708,29,33,,,,Cerrado,2.0
6250519c-02d3-3b78-92a2-a31e8e4d0154,-5.43203,-43.44585,2026-10-03 03:55:00,NOAA-20,MATÕES,MARANHÃO,Brasil,2106607,21,33,,,,Cerrado,2.0
8b387ecb-2d29-3231-8bef-3ab4e6a02cdc,-5.55551,-43.96585,2026-10-03 03:55:00,NOAA-20,FORTUNA,MARANHÃO,Brasil,2104206,21,33,,,,Cerrado,2.5
63816e29-c0fe-3eb2-b372-75e430c67f46,-7.01339,-43.42145,2026-10-03 03:55:00,NOAA-20,JERUMENHA,PIAUÍ,Brasil,2205300,22,33,,,,Cerrado,2.8
35fdca99-34fb-343e-b577-40dd07842a8f,-6.02279,-43.59313,2026-10-03 03:55:00,NOAA-20,LAGOA DO MATO,MARANHÃO,Brasil,2105922,21,33,,,,Cerrado,6.0
f9b2a52e-14ad-3809-955e-5c9db1c55ac7,-7.53337,-46.64478,2026-10-03 03:55:00,NOAA-20,RIACHÃO,MARANHÃO,Brasil,2109502,21,33,,,,Cerrado,1.9
72fca8bd-974f-33b4-84f1-0be72293a5c6,-4.4064,-49.96849,2026-10-03 03:55:00,NOAA-20,NOVO REPARTIMENTO,PARÁ,Brasil,1505064,15,33,,,,Amazônia,1.7
17773dd6-65fa-3b2a-9e3c-a72cd62de7ef,-6.9035,-43.68557,2026-10-03 03:55:00,NOAA-20,GUADALUPE,PIAUÍ,Brasil,2204501,22,33,,,,Cerrado,2.4
a0264d04-dc09-3848-98a5-56585e5e2a8b,-12.85126,-44.68468,2026-10-03 03:55:00,NOAA-20,SÃO DESIDÉRIO,BAHIA,Brasil,2928901,29,33,,,,Cerrado,18.4
b7000725-f533-3665-8bc4-07a4329bf906,-4.40354,-49.97666,2026-10-03 03:55:00,NOAA-20,NOVO REPARTIMENTO,PARÁ,Brasil,1505064,15,33,,,,Amazônia,3.9
b56611bc-c82e-3259-9362-cf016679f5aa,-6.4163,-45.86011,2026-10-03 03:55:00,NOAA-20,FORMOSA DA SERRA NEGRA,MARANHÃO,Brasil,2104099,21,33,,,,Cerrado,2.0
4e396e66-f653-36e8-9992-217f4382153b,-9.72191,-36.10634,2026-10-03 03:55:00,NOAA-20,SÃO MIGUEL DOS CAMPOS,ALAGOAS,Brasil,2708600,27,33,,,,Mata Atlântica,18.8
1feca956-8566-38bf-95b9-5804b8a1bd14,-5.94763,-43.65118,2026-10-03 03:55:00,NOAA-20,LAGOA DO MATO,MARANHÃO,Brasil,2105922,21,33,,,,Cerrado,10.6
d3c7e25d-7987-33ed-a952-b936d391bbcc,-5.9431,-43.65038,2026-10-03 03:55:00,NOAA-20,LAGOA DO MATO,MARANHÃO,Brasil,2105922,21,33,,,,Cerrado,10.6
2820b6c3-b64d-3948-9ff3-9873614d5309,-9.45974,-40.37029,2026-10-03 03:55:00,NOAA-20,JUAZEIRO,BAHIA,Brasil,2918407,29,33,,,,Caatinga,24.6
3c07a005-7850-3f8e-9bc3-0a8c1aa1743c,-5.74177,-45.05807,2026-10-03 03:55:00,NOAA-20,BARRA DO CORDA,MARANHÃO,Brasil,2101608,21,33,,,,Cerrado,3.2
2b59e021-b5f4-30b6-843c-cd363dd1d9e8,-11.45214,-43.39869,2026-10-03 03:55:00,NOAA-20,BARRA,BAHIA,Brasil,2902708,29,33,,,,Cerrado,4.0
2620a408-6cc0-39b4-ad00-ae31a229c069,-5.74262,-45.14264,2026-10-03 03:55:00,NOAA-20,BARRA DO CORDA,MARANHÃO,Brasil,2101608,21,33,,,,Cerrado,0.8
ad9ca97d-35cd-3973-93ee-7156ade0a052,-10.28297,-36.78118,2026-10-03 03:55:00,NOAA-20,NEÓPOLIS,SERGIPE,Brasil,2804409,28,33,,,,Mata Atlântica,0.7
7d695a12-21d6-3952-a6c9-a3a88eb2698d,-12.97663,-41.17894,2026-10-03 03:55:00,NOAA-20,ITAETÉ,BAHIA,Brasil,2915007,29,33,,,,Caatinga,3.3
6db587cc-4a9a-35eb-9d18-04af6899d603,-7.22443,-46.04964,2026-10-03 03:55:00,NOAA-20,BALSAS,MARANHÃO,Brasil,2101400,21,33,,,,Cerrado,1.3
031560ca-5fd8-31ea-a024-945a73f695b5,-5.94229,-43.65501,2026-10-03 03:55:00,NOAA-20,LAGOA DO MATO,MARANHÃO,Brasil,2105922,21,33,,,,Cerrado,10.6
230f4226-4f05-3aa1-ad3a-4681899afbaa,-9.52761,-35.75146,2026-10-03 03:55:00,NOAA-20,MACEIÓ,ALAGOAS,Brasil,2704302,27,33,,,,Mata Atlântica,0.8
e088ea57-bcc7-3959-a359-48d47330965a,-9.46041,-40.36628,2026-10-03 03:55:00,NOAA-20,JUAZEIRO,BAHIA,Brasil,2918407,29,33,,,,Caatinga,13.1
211aa48c-bea5-31d1-8eec-c1f75afca5ef,-5.94972,-43.66598,2026-10-03 03:55:00,NOAA-20,LAGOA DO MATO,MARANHÃO,Brasil,2105922,21,33,,,,Cerrado,5.4
efd2370a-366c-3e25-9ef0-c5a8bef91799,-5.94391,-43.64577,2026-10-03 03:55:00,NOAA-20,LAGOA DO MATO,MARANHÃO,Brasil,2105922,21,33,,,,Cerrado,26.7
0fb0b681-e787-3e78-ada3-0f31a7f9bc7e,-12.86389,-44.71344,2026-10-03 03:55:00,NOAA-20,SÃO DESIDÉRIO,BAHIA,Brasil,2928901,29,33,,,,Cerrado,13.6
6768212e-6830-3024-b9c2-3ca36dcfe932,-6.5022,-41.74153,2026-10-03 03:55:00,NOAA-20,VALENÇA DO PIAUÍ,PIAUÍ,Brasil,2211308,22,33,,,,Caatinga,5.5
6317d214-2a79-3b45-ad4c-7fb1550e620b,-5.9524,-43.64423,2026-10-03 03:55:00,NOAA-20,LAGOA DO MATO,MARANHÃO,Brasil,2105922,21,33,,,,Cerrado,16.4
33c53a40-5953-3031-97d4-b5f7651fae64,-6.15825,-43.68662,2026-10-03 03:55:00,NOAA-20,PASSAGEM FRANCA,MARANHÃO,Brasil,2107902,21,33,,,,Cerrado,1.9
8d6a3c28-b5f7-30ea-9dff-d4325b9a2cb9,-5.94518,-43.66521,2026-10-03 03:55:00,NOAA-20,LAGOA DO MATO,MARANHÃO,Brasil,2105922,21,33,,,,Cerrado,29.7
50c27954-b9ff-3f86-8e7c-e3f059e15aad,-12.8548,-44.68975,2026-10-03 03:55:00,NOAA-20,SÃO DESIDÉRIO,BAHIA,Brasil,2928901,29,33,,,,Cerrado,18.4
dae04285-1a94-319a-b0d9-a35e10742295,-5.95055,-43.66126,2026-10-03 03:55:00,NOAA-20,LAGOA DO MATO,MARANHÃO,Brasil,2105922,21,33,,,,Cerrado,5.4
51ffc2cd-17ea-3892-b958-206794a228ab,-6.50529,-41.74729,2026-10-03 03:55:00,NOAA-20,VALENÇA DO PIAUÍ,PIAUÍ,Brasil,2211308,22,33,,,,Caatinga,11.9
78aabca0-ceb7-3a60-9c5b-e5695dc6a1f3,-7.12736,-41.32857,2026-10-03 03:55:00,NOAA-20,GEMINIANO,PIAUÍ,Brasil,2204352,22,33,,,,Caatinga,1.0
d7bd1685-29d2-308d-bfc0-940af043faf3,-6.62991,-39.76991,2026-10-03 03:55:00,NOAA-20,TARRAFAS,CEARÁ,Brasil,2313252,23,33,,,,Caatinga,0.5
526306b7-34f2-36bf-8cd1-01b869c710c9,-9.45621,-40.36969,2026-10-03 03:55:00,NOAA-20,JUAZEIRO,BAHIA,Brasil,2918407,29,33,,,,Caatinga,24.6
b18d6e0b-9b4c-3b5e-8107-1aeee5f3a6f6,-5.94929,-43.66296,2026-10-03 03:55:00,NOAA-20,LAGOA DO MATO,MARANHÃO,Brasil,2105922,21,33,,,,Cerrado,19.5
c55ca483-3dee-39ae-ae4a-56512ad8318f,-4.41172,-49.97123,2026-10-03 03:55:00,NOAA-20,NOVO REPARTIMENTO,PARÁ,Brasil,1505064,15,33,,,,Amazônia,2.4
692eef12-ec3e-3f6e-8408-afa431387474,-5.946,-43.66051,2026-10-03 03:55:00,NOAA-20,LAGOA DO MATO,MARANHÃO,Brasil,2105922,21,33,,,,Cerrado,29.7
5b5b6f48-caff-3580-8f5d-7522d2c08f0e,-10.89963,-43.83886,2026-10-03 03:55:00,NOAA-20,BARRA,BAHIA,Brasil,2902708,29,33,,,,Cerrado,1.4
c68d0444-a236-3b93-81cf-3dbe1e1f56b7,-11.79174,-43.58463,2026-10-03 03:55:00,NOAA-20,BARRA,BAHIA,Brasil,2902708,29,33,,,,Cerrado,3.7
a3307100-71c5-35a2-926f-2671696be0e7,-4.39825,-49.97394,2026-10-03 03:55:00,NOAA-20,NOVO REPARTIMENTO,PARÁ,Brasil,1505064,15,33,,,,Amazônia,1.7
9d3d25b4-3d55-3795-8149-77863870a256,-5.73627,-45.06,2026-10-03 03:55:00,NOAA-20,BARRA DO CORDA,MARANHÃO,Brasil,2101608,21,33,,,,Cerrado,2.5
b4a176e8-e40e-32ce-af27-6a08a913ecff,-5.7381,-45.13877,2026-10-03 03:55:00,NOAA-20,BARRA DO CORDA,MARANHÃO,Brasil,2101608,21,33,,,,Cerrado,2.5
a656bf90-30c5-3fb7-9bde-7a449330bc7a,-5.95162,-43.64892,2026-10-03 03:55:00,NOAA-20,LAGOA DO MATO,MARANHÃO,Brasil,2105922,21,33,,,,Cerrado,16.4
9752d184-b24c-3fe3-95a3-221ff762f9f9,-11.82743,-43.56857,2026-10-03 03:55:00,NOAA-20,BARRA,BAHIA,Brasil,2902708,29,33,,,,Cerrado,3.9
d3e6a1ee-0239-3280-8860-4f665362b427,-5.73509,-45.15613,2026-10-03 03:55:00,NOAA-20,BARRA DO CORDA,MARANHÃO,Brasil,2101608,21,33,,,,Cerrado,1.0
02111311-ec65-3cd8-a7ea-2184e5bf91d8,-6.74263,-44.14322,2026-10-03 03:55:00,NOAA-20,NOVA IORQUE,MARANHÃO,Brasil,2107308,21,33,,,,Cerrado,5.3
03d5dd79-4310-3af5-b95c-4c89f0950d16,-5.93994,-45.40183,2026-10-03 03:55:00,NOAA-20,FERNANDO FALCÃO,MARANHÃO,Brasil,2104081,21,33,,,,Cerrado,1.5
61baf7cf-c32f-32e7-9c40-4821d9845e61,-6.02202,-43.59766,2026-10-03 03:55:00,NOAA-20,LAGOA DO MATO,MARANHÃO,Brasil,2105922,21,33,,,,Cerrado,6.5
c09807c9-48a8-307e-997a-bf5682f00034,-12.85557,-44.68555,2026-10-03 03:55:00,NOAA-20,SÃO DESIDÉRIO,BAHIA,Brasil,2928901,29,33,,,,Cerrado,18.4
98913371-99b5-3c3e-9a6e-4d13bd32c430,-5.95298,-43.64726,2026-10-03 03:55:00,NOAA-20,LAGOA DO MATO,MARANHÃO,Brasil,2105922,21,33,,,,Cerrado,4.5
b4e37b80-8c8c-3e4c-84bf-6f823df07ec9,-9.72247,-36.10268,2026-10-03 03:55:00,NOAA-20,SÃO MIGUEL DOS CAMPOS,ALAGOAS,Brasil,2708600,27,33,,,,Mata Atlântica,18.8
759523d1-fb3e-32af-b88c-d5ff0af16dca,-12.85911,-44.69061,2026-10-03 03:55:00,NOAA-20,SÃO DESIDÉRIO,BAHIA,Brasil,2928901,29,33,,,,Cerrado,12.3
88cde1c2-deae-3903-b3d2-c654273f9f92,-10.36298,-39.49537,2026-10-03 03:55:00,NOAA-20,MONTE SANTO,BAHIA,Brasil,2921500,29,33,,,,Caatinga,1.1
dd3b77c3-f8df-3745-97de-8b7c331300d2,-6.92707,-49.62615,2026-10-03 03:55:00,NOAA-20,SAPUCAIA,PARÁ,Brasil,1507755,15,33,,,,Amazônia,2.8
f4353a35-f117-30fc-a6a3-baa475e47c40,-5.19577,-46.16407,2026-10-03 03:55:00,NOAA-20,ARAME,MARANHÃO,Brasil,2100956,21,33,,,,Amazônia,0.6
15d6c3a3-ff76-354a-8a44-58a1c783f6d4,-5.94255,-43.64738,2026-10-03 03:55:00,NOAA-20,LAGOA DO MATO,MARANHÃO,Brasil,2105922,21,33,,,,Cerrado,20.0
9db48478-9090-3e15-8d94-f09f0354eab1,-9.45335,-40.36509,2026-10-03 03:55:00,NOAA-20,JUAZEIRO,BAHIA,Brasil,2918407,29,33,,,,Caatinga,1.8
c2f33d91-5ffe-318f-8d63-a2215e1103f7,-5.61343,-44.38006,2026-10-03 03:55:00,NOAA-20,SÃO DOMINGOS DO MARANHÃO,MARANHÃO,Brasil,2110708,21,33,,,,Cerrado,10.6
fd4e6309-c90b-3fe6-bf57-68b7c787e5e1,-6.92051,-49.62487,2026-10-03 03:55:00,NOAA-20,SAPUCAIA,PARÁ,Brasil,1507755,15,33,,,,Amazônia,0.7
34e859cf-ea4c-39f0-93f1-64dfff1f8895,-6.33688,-43.36185,2026-10-03 03:55:00,NOAA-20,SUCUPIRA DO RIACHÃO,MARANHÃO,Brasil,2111953,21,33,,,,Cerrado,4.9
1a44e082-dd15-359c-9cfd-0d7e824d3171,-5.94178,-43.652,2026-10-03 03:55:00,NOAA-20,LAGOA DO MATO,MARANHÃO,Brasil,2105922,21,33,,,,Cerrado,4.6
d55bba1f-cd34-305d-b7e4-af48e026bb92,-5.7356,-45.15319,2026-10-03 03:55:00,NOAA-20,BARRA DO CORDA,MARANHÃO,Brasil,2101608,21,33,,,,Cerrado,2.3
06614fb8-01b9-39a7-a86e-ac73dfcfd353,-12.97799,-41.17082,2026-10-03 03:55:00,NOAA-20,ITAETÉ,BAHIA,Brasil,2915007,29,33,,,,Caatinga,0.5
06f2797c-5cf7-36e6-9303-6dc539cbe8fe,-5.40506,-45.19062,2026-10-03 03:55:00,NOAA-20,BARRA DO CORDA,MARANHÃO,Brasil,2101608,21,33,,,,Cerrado,0.8
52abf777-a5e7-3c4a-9c44-64a25aae68ca,-11.79914,-43.56646,2026-10-03 03:55:00,NOAA-20,BARRA,BAHIA,Brasil,2902708,29,33,,,,Cerrado,5.5
d96e6b32-77a9-32d6-ae99-ab31e6f12786,-5.61824,-44.38083,2026-10-03 03:55:00,NOAA-20,SÃO DOMINGOS DO MARANHÃO,MARANHÃO,Brasil,2110708,21,33,,,,Cerrado,12.9
0ce49593-9ab9-3152-9f0a-5c45a63f14f3,-12.85049,-44.68889,2026-10-03 03:55:00,NOAA-20,SÃO DESIDÉRIO,BAHIA,Brasil,2928901,29,33,,,,Cerrado,18.4
2db23554-0867-3d56-bc3f-155438d9e4c9,-11.48339,-43.41204,2026-10-03 03:55:00,NOAA-20,BARRA,BAHIA,Brasil,2902708,29,33,,,,Cerrado,2.1
eb7010c1-36ef-3375-853e-d489c674c68d,-5.43123,-43.45043,2026-10-03 03:55:00,NOAA-20,MATÕES,MARANHÃO,Brasil,2106607,21,33,,,,Cerrado,2.1
4830ab72-4b8d-3834-b799-fbe03e980aae,-5.17152,-45.41675,2026-10-03 03:55:00,NOAA-20,JENIPAPO DOS VIEIRAS,MARANHÃO,Brasil,2105476,21,33,,,,Cerrado,1.3
a64096a8-7584-323c-b0f5-5c34b33e84f6,-5.75637,-42.3454,2026-10-03 03:55:00,NOAA-20,PASSAGEM FRANCA DO PIAUÍ,PIAUÍ,Brasil,2207751,22,33,,,,Caatinga,1.2
a9e675fe-a22d-380c-86bd-fa123157efc2,-5.79856,-43.61092,2026-10-03 03:55:00,NOAA-20,LAGOA DO MATO,MARANHÃO,Brasil,2105922,21,33,,,,Cerrado,2.4
f5c49297-ed09-356f-9291-a7cf6377222d,-4.80609,-49.87299,2026-10-03 03:55:00,NOAA-20,NOVO REPARTIMENTO,PARÁ,Brasil,1505064,15,33,,,,Amazônia,2.1
ce5ecd16-1a18-3bc0-b13b-9c59b52cccd8,-11.64924,-42.41153,2026-10-03 03:55:00,NOAA-20,GENTIO DO OURO,BAHIA,Brasil,2911303,29,33,,,,Caatinga,3.6
2cb0fd1f-a3e6-3c2b-aeb9-f93c5c041571,-10.36237,-39.49905,2026-10-03 03:55:00,NOAA-20,MONTE SANTO,BAHIA,Brasil,2921500,29,33,,,,Caatinga,1.1
52f28f0e-d34d-3904-86b0-2b4e2b0110c6,-6.50442,-41.75241,2026-10-03 03:55:00,NOAA-20,VALENÇA DO PIAUÍ,PIAUÍ,Brasil,2211308,22,33,,,,Caatinga,1.0
e8eced2f-0d43-339d-880e-098b5dd84a01,-5.13265,-45.58062,2026-10-03 03:55:00,NOAA-20,ITAIPAVA DO GRAJAÚ,MARANHÃO,Brasil,2105351,21,33,,,,Cerrado,14.6
8dafe0b1-0f7a-35e8-b873-a0956985af1a,-5.74063,-45.15411,2026-10-03 03:55:00,NOAA-20,BARRA DO CORDA,MARANHÃO,Brasil,2101608,21,33,,,,Cerrado,2.7
544e438c-17c1-3e7e-936b-5cd381010d04,-5.94786,-43.64349,2026-10-03 03:55:00,NOAA-20,LAGOA DO MATO,MARANHÃO,Brasil,2105922,21,33,,,,Cerrado,16.4
12f82955-2123-3d6b-b5fb-9ea8bb947894,-7.88916,-44.18747,2026-10-03 03:55:00,NOAA-20,SEBASTIÃO LEAL,PIAUÍ,Brasil,2210631,22,33,,,,Cerrado,0.7
1ec591be-94e0-3e1e-8922-c55b00d86ad9,-5.96125,-43.6534,2026-10-03 03:55:00,NOAA-20,LAGOA DO MATO,MARANHÃO,Brasil,2105922,21,33,,,,Cerrado,1.8
d209c306-1bb3-35ec-a68d-af8f23348953,-6.59366,-43.50084,2026-10-03 03:55:00,NOAA-20,SÃO JOÃO DOS PATOS,MARANHÃO,Brasil,2111102,21,33,,,,Cerrado,1.2
5795879d-6735-3c15-a971-6f74e16548d4,-5.7475,-43.27198,2026-10-03 03:55:00,NOAA-20,PARNARAMA,MARANHÃO,Brasil,2107803,21,33,,,,Cerrado,3.1
dc4a2d5b-ea99-3a17-bae9-a2339978c557,-10.2221,-36.5626,2026-10-03 03:55:00,NOAA-20,PENEDO,ALAGOAS,Brasil,2706703,27,33,,,,Mata Atlântica,1.6
50849c8b-3302-396a-83d0-58b8c73f16ba,-5.75219,-45.14733,2026-10-03 03:55:00,NOAA-20,BARRA DO CORDA,MARANHÃO,Brasil,2101608,21,33,,,,Cerrado,0.6
d13e675d-9437-3280-8df8-95dfd8852a05,-5.55381,-43.96243,2026-10-03 03:55:00,NOAA-20,FORTUNA,MARANHÃO,Brasil,2104206,21,33,,,,Cerrado,1.8
d227f5c0-b588-3d52-8ae7-b2c32d0944e4,-12.96335,-41.19326,2026-10-03 03:55:00,NOAA-20,ITAETÉ,BAHIA,Brasil,2915007,29,33,,,,Caatinga,3.2
b683df87-e08d-3ac7-85af-7a223e66364d,-10.36636,-39.49594,2026-10-03 03:55:00,NOAA-20,MONTE SANTO,BAHIA,Brasil,2921500,29,33,,,,Caatinga,1.1
e82bcbe8-6d10-3294-bccc-5c884b08f957,-12.86311,-44.71768,2026-10-03 03:55:00,NOAA-20,SÃO DESIDÉRIO,BAHIA,Brasil,2928901,29,33,,,,Cerrado,13.6
aca5a18f-cfb1-34db-be22-ccebd1d8e9b9,-9.46747,-40.36748,2026-10-03 03:55:00,NOAA-20,JUAZEIRO,BAHIA,Brasil,2918407,29,33,,,,Caatinga,4.8
f3194cb3-8857-3c4a-acf2-2a4a85a925da,-12.96267,-41.19733,2026-10-03 03:55:00,NOAA-20,ITAETÉ,BAHIA,Brasil,2915007,29,33,,,,Caatinga,7.2
8c9ca571-55ad-34a1-84fc-053c730f2910,-6.15739,-43.69154,2026-10-03 03:55:00,NOAA-20,PASSAGEM FRANCA,MARANHÃO,Brasil,2107902,21,33,,,,Cerrado,1.9
ad48de5f-fec6-3dc4-9340-b49b516e21ba,-5.75269,-45.14444,2026-10-03 03:55:00,NOAA-20,BARRA DO CORDA,MARANHÃO,Brasil,2101608,21,33,,,,Cerrado,1.0
e70d1170-8d69-3f46-873d-c5e83de86789,-12.97731,-41.17488,2026-10-03 03:55:00,NOAA-20,ITAETÉ,BAHIA,Brasil,2915007,29,33,,,,Caatinga,3.3
7db5d7e3-6537-32b7-80ba-0b8bb01917a9,-12.97379,-41.17425,2026-10-03 03:55:00,NOAA-20,ITAETÉ,BAHIA,Brasil,2915007,29,33,,,,Caatinga,1.2
a3846fd9-ad50-3286-b274-5a9c3718c07b,-11.46499,-43.39726,2026-10-03 03:55:00,NOAA-20,BARRA,BAHIA,Brasil,2902708,29,33,,,,Cerrado,3.0
109712b4-b295-3d98-b21f-249165321a24,-5.88829,-41.5176,2026-10-03 03:55:00,NOAA-20,SÃO MIGUEL DO TAPUIO,PIAUÍ,Brasil,2210409,22,33,,,,Caatinga,2.5
41804a36-723c-3702-8005-63d9a306f9ad,-12.95914,-41.19669,2026-10-03 03:55:00,NOAA-20,ITAETÉ,BAHIA,Brasil,2915007,29,33,,,,Caatinga,7.2
b02352c5-15b8-324d-bcf3-6fdd259205a3,-5.73104,-45.14951,2026-10-03 03:55:00,NOAA-20,BARRA DO CORDA,MARANHÃO,Brasil,2101608,21,33,,,,Cerrado,2.3
16e77c54-a0d0-3876-a214-ac5bf699ed58,-9.72925,-36.10373,2026-10-03 03:55:00,NOAA-20,SÃO MIGUEL DOS CAMPOS,ALAGOAS,Brasil,2708600,27,33,,,,Mata Atlântica,51.5
e930b665-b09e-3f40-8bf7-967352bfcf4c,-5.941,-43.65665,2026-10-03 03:55:00,NOAA-20,LAGOA DO MATO,MARANHÃO,Brasil,2105922,21,33,,,,Cerrado,4.6
6bd28fb0-9535-31fa-98ae-8a2d21ac9a24,-5.74715,-45.14647,2026-10-03 03:55:00,NOAA-20,BARRA DO CORDA,MARANHÃO,Brasil,2101608,21,33,,,,Cerrado,0.9
86ca2536-5148-3ab0-badf-728a5553945a,-11.83221,-43.56544,2026-10-03 03:55:00,NOAA-20,BARRA,BAHIA,Brasil,2902708,29,33,,,,Cerrado,3.9
65638c3d-bdf7-3a1d-97c4-33a6f92c9e83,-5.74126,-45.06102,2026-10-03 03:55:00,NOAA-20,BARRA DO CORDA,MARANHÃO,Brasil,2101608,21,33,,,,Cerrado,2.5
4d07f9a6-534a-3689-83d0-e8e21a00d036,-5.82682,-45.01237,2026-10-03 03:55:00,NOAA-20,FERNANDO FALCÃO,MARANHÃO,Brasil,2104081,21,33,,,,Cerrado,1.8
a26d083f-05c2-3526-a991-2d985b4411b5,-11.46841,-43.4017,2026-10-03 03:55:00,NOAA-20,BARRA,BAHIA,Brasil,2902708,29,33,,,,Cerrado,3.2
97d80bcc-f4c1-3285-8095-e7f9a00e605d,-5.94553,-43.65751,2026-10-03 03:55:00,NOAA-20,LAGOA DO MATO,MARANHÃO,Brasil,2105922,21,33,,,,Cerrado,11.4
7d7eff17-5b84-3a3a-927d-8935f02641e8,-5.74012,-45.15705,2026-10-03 03:55:00,NOAA-20,BARRA DO CORDA,MARANHÃO,Brasil,2101608,21,33,,,,Cerrado,3.7
605bfd2d-ac74-33da-bcbc-09e4f2990349,-5.74665,-45.14934,2026-10-03 03:55:00,NOAA-20,BARRA DO CORDA,MARANHÃO,Brasil,2101608,21,33,,,,Cerrado,0.9
c9f05900-5d9b-371f-90c8-cf692bebd27a,-11.48272,-40.87365,2026-10-03 03:55:00,NOAA-20,MORRO DO CHAPÉU,BAHIA,Brasil,2921708,29,33,,,,Caatinga,1.8
fde19fff-9cf4-3716-bc1b-cce2335aa746,-5.94844,-43.64651,2026-10-03 03:55:00,NOAA-20,LAGOA DO MATO,MARANHÃO,Brasil,2105922,21,33,,,,Cerrado,26.7
3cdd0679-5089-378d-9c44-88566aaf2719,-7.89,-44.18259,2026-10-03 03:55:00,NOAA-20,SEBASTIÃO LEAL,PIAUÍ,Brasil,2210631,22,33,,,,Cerrado,1.7
8ec4f908-935d-3291-8084-796487e0f682,-5.40455,-45.19357,2026-10-03 03:55:00,NOAA-20,BARRA DO CORDA,MARANHÃO,Brasil,2101608,21,33,,,,Cerrado,0.8
006fc58f-f5e7-3995-bbfb-8337a8085047,-11.80479,-43.53423,2026-10-03 03:55:00,NOAA-20,BARRA,BAHIA,Brasil,2902708,29,33,,,,Cerrado,8.4
7f12442f-4542-3c03-91e9-b919a4c54cb3,-5.61394,-44.37914,2026-10-03 03:55:00,NOAA-20,SÃO DOMINGOS DO MARANHÃO,MARANHÃO,Brasil,2110708,21,33,,,,Cerrado,9.3
53d003e9-e212-36e5-9709-a916dcaab53b,-5.17098,-45.41994,2026-10-03 03:55:00,NOAA-20,JENIPAPO DOS VIEIRAS,MARANHÃO,Brasil,2105476,21,33,,,,Cerrado,1.3
75e4eb25-a341-308e-bbe2-c9e18e6bc146,-6.1568,-43.68825,2026-10-03 03:55:00,NOAA-20,PASSAGEM FRANCA,MARANHÃO,Brasil,2107902,21,33,,,,Cerrado,2.7
2cea661d-9a1d-3d80-b9a7-e5827df33a56,-4.40476,-49.96997,2026-10-03 03:55:00,NOAA-20,NOVO REPARTIMENTO,PARÁ,Brasil,1505064,15,33,,,,Amazônia,2.4
b8f85082-4646-3c09-b493-db1cd0280b26,-5.76054,-42.34607,2026-10-03 03:55:00,NOAA-20,PASSAGEM FRANCA DO PIAUÍ,PIAUÍ,Brasil,2207751,22,33,,,,Caatinga,1.8
66d6c10f-f5e9-3438-914a-0608ffe6c7f0,-5.74765,-45.14357,2026-10-03 03:55:00,NOAA-20,BARRA DO CORDA,MARANHÃO,Brasil,2101608,21,33,,,,Cerrado,0.8
4179519b-30cc-36ce-a3ed-ef29d904e35f,-9.7253,-36.10687,2026-10-03 03:55:00,NOAA-20,SÃO MIGUEL DOS CAMPOS,ALAGOAS,Brasil,2708600,27,33,,,,Mata Atlântica,51.5
bf2e1a12-a464-312c-b8b4-fc4817a25e88,-5.73154,-45.14665,2026-10-03 03:55:00,NOAA-20,BARRA DO CORDA,MARANHÃO,Brasil,2101608,21,33,,,,Cerrado,3.6
2148cfe2-723c-30d4-9954-870662b1ed8a,-15.2401,-43.27782,2026-10-03 03:57:00,NOAA-20,PAI PEDRO,MINAS GERAIS,Brasil,3146552,31,33,,,,Caatinga,103.2
f17a9e5e-f6bb-3545-8cad-ad27674f8cc8,-16.54595,-40.52464,2026-10-03 03:57:00,NOAA-20,RUBIM,MINAS GERAIS,Brasil,3156601,31,33,,,,Mata Atlântica,3.4
19ba2ad2-a4f4-37d1-b93c-763f30067b1b,-16.55117,-40.556,2026-10-03 03:57:00,NOAA-20,RUBIM,MINAS GERAIS,Brasil,3156601,31,33,,,,Mata Atlântica,0.6
1f121997-d23a-36e2-aebb-1e5906d0d1a9,-16.55419,-40.53757,2026-10-03 03:57:00,NOAA-20,RUBIM,MINAS GERAIS,Brasil,3156601,31,33,,,,Mata Atlântica,3.8
8d2798d9-3104-3283-a404-f81db351b4c8,-15.23629,-43.2771,2026-10-03 03:57:00,NOAA-20,PAI PEDRO,MINAS GERAIS,Brasil,3146552,31,33,,,,Caatinga,103.2
16e582fa-4f38-310a-acbf-dc6784a09e7b,-15.24097,-43.27299,2026-10-03 03:57:00,NOAA-20,PAI PEDRO,MINAS GERAIS,Brasil,3146552,31,33,,,,Caatinga,103.2
8cb4f38b-8acb-334b-af42-81e5a84ab82a,-15.23411,-43.27457,2026-10-03 03:57:00,NOAA-20,PAI PEDRO,MINAS GERAIS,Brasil,3146552,31,33,,,,Caatinga,19.7
d32d315b-9226-32f7-8244-41f5e0c41a50,-16.12137,-42.22937,2026-10-03 03:57:00,NOAA-20,SALINAS,MINAS GERAIS,Brasil,3157005,31,33,,,,Mata Atlântica,1.1
7103ffd8-90c9-3e2e-9aa1-49060225650f,-15.23495,-43.26975,2026-10-03 03:57:00,NOAA-20,PAI PEDRO,MINAS GERAIS,Brasil,3146552,31,33,,,,Caatinga,4.3
a5af032d-e0fe-3e72-8722-56a8ec073e02,-15.23542,-43.28194,2026-10-03 03:57:00,NOAA-20,PAI PEDRO,MINAS GERAIS,Brasil,3146552,31,33,,,,Caatinga,4.0
b0f51b27-cc9c-3e1e-b017-00d60adafe92,-14.94023,-39.27338,2026-10-03 03:57:00,NOAA-20,BUERAREMA,BAHIA,Brasil,2904704,29,33,,,,Mata Atlântica,1.9
713877e1-2d7e-3772-a4aa-55bb5120aeee,-16.52614,-40.54024,2026-10-03 03:57:00,NOAA-20,RUBIM,MINAS GERAIS,Brasil,3156601,31,33,,,,Mata Atlântica,3.3
66b5bfff-bdae-316e-a7f2-5e1f3ab203a2,-15.23804,-43.26749,2026-10-03 03:57:00,NOAA-20,PAI PEDRO,MINAS GERAIS,Brasil,3146552,31,33,,,,Caatinga,4.4
393a3a36-7636-303c-be8e-1e11aebfde23,-16.55145,-40.53325,2026-10-03 03:57:00,NOAA-20,RUBIM,MINAS GERAIS,Brasil,3156601,31,33,,,,Mata Atlântica,0.9
3e78d62a-55b2-355f-82c7-cb0c494ecd95,-13.49561,-44.37326,2026-10-03 03:57:00,NOAA-20,JABORANDI,BAHIA,Brasil,2917359,29,33,,,,Cerrado,9.4
2abb1811-0afe-3d5f-89d1-f030616009e6,-16.54963,-40.54435,2026-10-03 03:57:00,NOAA-20,RUBIM,MINAS GERAIS,Brasil,3156601,31,33,,,,Mata Atlântica,0.9
978102e1-11f6-3f27-a050-694ae004e026,-15.24172,-43.27602,2026-10-03 03:57:00,NOAA-20,PAI PEDRO,MINAS GERAIS,Brasil,3146552,31,33,,,,Caatinga,78.8
e2d00f49-5f32-3f86-9e47-811b2909dfb3,-16.54656,-40.52094,2026-10-03 03:57:00,NOAA-20,RUBIM,MINAS GERAIS,Brasil,3156601,31,33,,,,Mata Atlântica,3.4
18311e72-2a77-326c-9f17-86f5a3af308d,-13.52203,-44.39501,2026-10-03 03:57:00,NOAA-20,JABORANDI,BAHIA,Brasil,2917359,29,33,,,,Cerrado,2.4
69571f74-7591-3200-ae9c-4f2976f27b5d,-15.15513,-42.51749,2026-10-03 03:57:00,NOAA-20,MONTEZUMA,MINAS GERAIS,Brasil,3143450,31,33,,,,Cerrado,0.8
e74066c5-e323-389b-a464-388dd1efba92,-16.55479,-40.53386,2026-10-03 03:57:00,NOAA-20,RUBIM,MINAS GERAIS,Brasil,3156601,31,33,,,,Mata Atlântica,0.9
b202da97-1254-3c9c-b404-dbaf519137fe,-16.52554,-40.54394,2026-10-03 03:57:00,NOAA-20,RUBIM,MINAS GERAIS,Brasil,3156601,31,33,,,,Mata Atlântica,3.3
40fd07aa-ba4d-371f-a844-6ff37010fbbe,-16.12205,-42.22546,2026-10-03 03:57:00,NOAA-20,SALINAS,MINAS GERAIS,Brasil,3157005,31,33,,,,Mata Atlântica,3.1
832e1dd5-3196-3659-a246-5d8775fe170b,-15.23707,-43.28014,2026-10-03 03:57:00,NOAA-20,PAI PEDRO,MINAS GERAIS,Brasil,3146552,31,33,,,,Caatinga,78.8
90bbcd5c-d6f2-3544-a888-dd8ab9fed290,-14.78303,-39.84726,2026-10-03 03:57:00,NOAA-20,IBICUÍ,BAHIA,Brasil,2912301,29,33,,,,Mata Atlântica,1.9
5a3de817-7182-3e96-a4d8-9a6e48ff32d7,-15.24257,-43.27118,2026-10-03 03:57:00,NOAA-20,PAI PEDRO,MINAS GERAIS,Brasil,3146552,31,33,,,,Caatinga,13.8
25519344-4f84-33b8-8fe7-0205f6a35a16,-17.24833,-39.43368,2026-10-03 03:57:00,NOAA-20,PRADO,BAHIA,Brasil,2925501,29,33,,,,Mata Atlântica,2.8
b4448a4b-dc94-3009-bcff-781a6fc5252f,-16.55298,-40.54496,2026-10-03 03:57:00,NOAA-20,RUBIM,MINAS GERAIS,Brasil,3156601,31,33,,,,Mata Atlântica,0.9
b9926412-0b39-3319-be47-c9af39fecb4a,-15.7086,-39.24786,2026-10-03 03:57:00,NOAA-20,CANAVIEIRAS,BAHIA,Brasil,2906303,29,33,,,,Mata Atlântica,1.0
5f72d572-81a4-3bb3-8cbf-435dd5f14490,-16.5426,-40.52408,2026-10-03 03:57:00,NOAA-20,RUBIM,MINAS GERAIS,Brasil,3156601,31,33,,,,Mata Atlântica,1.4
94a8a40c-a266-36d6-9984-06f48c7a91fb,-15.23876,-43.27047,2026-10-03 03:57:00,NOAA-20,PAI PEDRO,MINAS GERAIS,Brasil,3146552,31,33,,,,Caatinga,13.8
c6be6c8f-fa38-3d88-b173-016854cfba11,-15.24983,-40.10973,2026-10-03 03:57:00,NOAA-20,ITAPETINGA,BAHIA,Brasil,2916401,29,33,,,,Mata Atlântica,0.9
4ce0b0cf-26ff-3053-b082-a7dff0062d9a,-16.1347,-42.25875,2026-10-03 03:57:00,NOAA-20,SALINAS,MINAS GERAIS,Brasil,3157005,31,33,,,,Mata Atlântica,1.8
a6639d93-c83c-3e0f-bed9-cbc5fbd16989,-15.23792,-43.27529,2026-10-03 03:57:00,NOAA-20,PAI PEDRO,MINAS GERAIS,Brasil,3146552,31,33,,,,Caatinga,78.8
daff66a2-5f6e-3240-9563-b7a1416f9170,-15.23327,-43.27941,2026-10-03 03:57:00,NOAA-20,PAI PEDRO,MINAS GERAIS,Brasil,3146552,31,33,,,,Caatinga,19.7
35fc8b3c-462f-3953-a66f-f32ca335812b,-13.52135,-44.39887,2026-10-03 03:57:00,NOAA-20,JABORANDI,BAHIA,Brasil,2917359,29,33,,,,Cerrado,2.4
677875de-c114-379c-8ac5-46a7a7209155,-13.52186,-44.39782,2026-10-03 03:57:00,NOAA-20,JABORANDI,BAHIA,Brasil,2917359,29,33,,,,Cerrado,4.5
2715c387-a555-3350-a5bd-ed7e2c8fc812,-16.54386,-40.55847,2026-10-03 03:57:00,NOAA-20,RUBIM,MINAS GERAIS,Brasil,3156601,31,33,,,,Mata Atlântica,2.2
fe642afb-b25c-3c1a-be40-8c741254891f,-16.53924,-40.52352,2026-10-03 03:57:00,NOAA-20,RUBIM,MINAS GERAIS,Brasil,3156601,31,33,,,,Mata Atlântica,1.4
6c7a685d-6092-3ff8-84f5-66aa7ab1a5fe,-3.1116,-53.7234,2026-10-03 04:00:00,GOES-19,URUARÁ,PARÁ,Brasil,1508159,15,33,,,,Amazônia,36.6
955c1be1-5799-3e4b-9594-53074de8d6b8,-3.1299,-53.7431,2026-10-03 04:00:00,GOES-19,URUARÁ,PARÁ,Brasil,1508159,15,33,,,,Amazônia,108.2
f1642754-a28e-3c63-8f95-8bffcff85b41,-12.8676,-44.6878,2026-10-03 04:00:00,GOES-19,SÃO DESIDÉRIO,BAHIA,Brasil,2928901,29,33,,,,Cerrado,103.8
a9b18bc2-4bdc-3261-8148-1a23e56e73c9,-3.1483,-53.7426,2026-10-03 04:00:00,GOES-19,URUARÁ,PARÁ,Brasil,1508159,15,33,,,,Amazônia,36.9
437190de-6790-3f13-aa3e-08c650c2949b,-5.7376,-45.1533,2026-10-03 04:00:00,GOES-19,BARRA DO CORDA,MARANHÃO,Brasil,2101608,21,33,,,,Cerrado,76.4
6fc50d20-3a79-34c7-bcc5-2780a0833a03,-5.9381,-43.6714,2026-10-03 04:00:00,GOES-19,PASSAGEM FRANCA,MARANHÃO,Brasil,2107902,21,33,,,,Cerrado,61.1
b37d9c96-14d3-30c3-9e0a-96813ec2bdde,-12.8483,-44.6909,2026-10-03 04:00:00,GOES-19,SÃO DESIDÉRIO,BAHIA,Brasil,2928901,29,33,,,,Cerrado,104.8
5b7b2eab-0670-3666-927c-23fad7a5354c,-5.9384,-43.6482,2026-10-03 04:00:00,GOES-19,LAGOA DO MATO,MARANHÃO,Brasil,2105922,21,33,,,,Cerrado,84.2
d8376f90-5318-3ce1-b9c3-050ddfd262ae,-3.1299,-53.7633,2026-10-03 04:00:00,GOES-19,URUARÁ,PARÁ,Brasil,1508159,15,33,,,,Amazônia,46.1
4e6ca95f-ec5e-3be1-93d0-89c94828a82f,-5.9571,-43.6467,2026-10-03 04:00:00,GOES-19,LAGOA DO MATO,MARANHÃO,Brasil,2105922,21,33,,,,Cerrado,112.6
5537a4b1-1bde-33e3-8ec8-be3f1f94b6cd,-5.9569,-43.67,2026-10-03 04:00:00,GOES-19,LAGOA DO MATO,MARANHÃO,Brasil,2105922,21,33,,,,Cerrado,81.5
c215cd64-615a-364d-a1ec-7a98a7347e5d,-9.4574,-40.3641,2026-10-03 04:00:00,GOES-19,JUAZEIRO,BAHIA,Brasil,2918407,29,33,,,,Caatinga,77.8
4364eb81-1660-348a-bbe6-abed4c6f688c,-3.13,-53.7229,2026-10-03 04:00:00,GOES-19,URUARÁ,PARÁ,Brasil,1508159,15,33,,,,Amazônia,61.8
954627ad-3f93-3581-a4f4-5b0a6ccbc11e,-3.1116,-53.7436,2026-10-03 04:00:00,GOES-19,URUARÁ,PARÁ,Brasil,1508159,15,33,,,,Amazônia,73.2
cda202ef-615a-38b7-afba-ef1712b0e8f7,-3.2951,-53.8395,2026-10-03 04:00:00,GOES-19,URUARÁ,PARÁ,Brasil,1508159,15,33,,,,Amazônia,42.7
2f28d095-1148-30b6-8498-5a016d2c7d82,-3.1483,-53.7426,2026-10-03 04:10:00,GOES-19,URUARÁ,PARÁ,Brasil,1508159,15,33,,,,Amazônia,38.8
a961a48e-2440-36a8-a151-f1e2461f28e7,-5.7376,-45.1533,2026-10-03 04:10:00,GOES-19,BARRA DO CORDA,MARANHÃO,Brasil,2101608,21,33,,,,Cerrado,85.7
929e7678-3c58-3f54-9207-ea0b919df841,-3.13,-53.7229,2026-10-03 04:10:00,GOES-19,URUARÁ,PARÁ,Brasil,1508159,15,33,,,,Amazônia,66.2
e742b48f-b4c6-33b8-901b-7e52167d8de4,-12.8483,-44.6909,2026-10-03 04:10:00,GOES-19,SÃO DESIDÉRIO,BAHIA,Brasil,2928901,29,33,,,,Cerrado,66.7
a398a356-71e1-3fbb-a0c5-62bafa5646b7,-12.8676,-44.6878,2026-10-03 04:10:00,GOES-19,SÃO DESIDÉRIO,BAHIA,Brasil,2928901,29,33,,,,Cerrado,71.1
7b3c05fc-36dd-379a-9c30-9cd53f76895e,-5.9571,-43.6467,2026-10-03 04:10:00,GOES-19,LAGOA DO MATO,MARANHÃO,Brasil,2105922,21,33,,,,Cerrado,108.4
83a925c8-5ec4-38a4-8be2-34dd3f814071,-3.1299,-53.7633,2026-10-03 04:10:00,GOES-19,URUARÁ,PARÁ,Brasil,1508159,15,33,,,,Amazônia,39.4
cc6260c9-16db-334d-ae9f-04d7bb594ad4,-5.9384,-43.6482,2026-10-03 04:10:00,GOES-19,LAGOA DO MATO,MARANHÃO,Brasil,2105922,21,33,,,,Cerrado,125.6
d7711b8e-c382-34a8-8e21-8ef6a0ab138b,-5.9569,-43.67,2026-10-03 04:10:00,GOES-19,LAGOA DO MATO,MARANHÃO,Brasil,2105922,21,33,,,,Cerrado,69.1
9caf4e1b-b560-3a89-97c5-9bde3bba0832,-5.9381,-43.6714,2026-10-03 04:10:00,GOES-19,PASSAGEM FRANCA,MARANHÃO,Brasil,2107902,21,33,,,,Cerrado,81.7
332d451a-eab6-3196-880a-0dbf918c831f,-9.4765,-40.3613,2026-10-03 04:10:00,GOES-19,JUAZEIRO,BAHIA,Brasil,2918407,29,33,,,,Caatinga,62.8
b44b394f-7373-31cc-8120-47fa30ffbaee,-9.4574,-40.3641,2026-10-03 04:10:00,GOES-19,JUAZEIRO,BAHIA,Brasil,2918407,29,33,,,,Caatinga,175.5
85787c43-a9f1-3090-934e-ebdd2215a421,-3.1116,-53.7436,2026-10-03 04:10:00,GOES-19,URUARÁ,PARÁ,Brasil,1508159,15,33,,,,Amazônia,53.4
0a13fa22-f2d9-3358-830c-7519fe4292be,-12.8672,-44.7112,2026-10-03 04:10:00,GOES-19,SÃO DESIDÉRIO,BAHIA,Brasil,2928901,29,33,,,,Cerrado,94.3
9262f103-3a8e-3d92-acf0-c47d60f650ea,-3.1299,-53.7431,2026-10-03 04:10:00,GOES-19,URUARÁ,PARÁ,Brasil,1508159,15,33,,,,Amazônia,114.8
59ed4797-7665-33e1-8670-50fe16f55f29,-9.457,-40.3889,2026-10-03 04:10:00,GOES-19,JUAZEIRO,BAHIA,Brasil,2918407,29,33,,,,Caatinga,58.5
fef71b02-c936-3df7-bdd3-36535216ebaa,-12.8478,-44.7143,2026-10-03 04:10:00,GOES-19,SÃO DESIDÉRIO,BAHIA,Brasil,2928901,29,33,,,,Cerrado,77.7
9aac4c94-5741-3dc1-8cfc-c6899f659442,-3.1116,-53.7234,2026-10-03 04:20:00,GOES-19,URUARÁ,PARÁ,Brasil,1508159,15,33,,,,Amazônia,41.9
21ebb360-90c8-3055-8554-948c9ccfbd03,-3.13,-53.7229,2026-10-03 04:20:00,GOES-19,URUARÁ,PARÁ,Brasil,1508159,15,33,,,,Amazônia,75.9
b825c6e2-c13c-3e0a-9a6b-ecd6c7aa3e37,-3.1116,-53.7436,2026-10-03 04:20:00,GOES-19,URUARÁ,PARÁ,Brasil,1508159,15,33,,,,Amazônia,50.4
089f35d6-5a87-371b-ae76-5a68727232f0,-3.1299,-53.7431,2026-10-03 04:20:00,GOES-19,URUARÁ,PARÁ,Brasil,1508159,15,33,,,,Amazônia,74.8
77aba046-c871-39ec-8590-ec0014c02f74,-3.13,-53.7229,2026-10-03 04:30:00,GOES-19,URUARÁ,PARÁ,Brasil,1508159,15,33,,,,Amazônia,59.2
1d7d6e66-6086-3b47-a1f9-f22fb907e914,-3.1116,-53.7436,2026-10-03 04:30:00,GOES-19,URUARÁ,PARÁ,Brasil,1508159,15,33,,,,Amazônia,55.1
3f131d77-e874-396a-a61c-e675b53224fb,-3.1116,-53.7234,2026-10-03 04:30:00,GOES-19,URUARÁ,PARÁ,Brasil,1508159,15,33,,,,Amazônia,35.2
48600660-8e1f-3c68-b76a-61367326c529,-3.1299,-53.7431,2026-10-03 04:30:00,GOES-19,URUARÁ,PARÁ,Brasil,1508159,15,33,,,,Amazônia,85.0
77495c9b-9fd1-3db4-a189-57d22a238e1b,-2.96443,-50.31676,2026-10-03 04:38:00,NOAA-21,PORTEL,PARÁ,Brasil,1505809,15,33,,,,Amazônia,1.6
92454e59-5997-326a-8d7a-fcc1ff310583,-2.86725,-51.02625,2026-10-03 04:38:00,NOAA-21,PORTEL,PARÁ,Brasil,1505809,15,33,,,,Amazônia,1.6
6f84fb8d-5acd-3243-b724-2ba104986853,-3.30129,-50.31797,2026-10-03 04:38:00,NOAA-21,PORTEL,PARÁ,Brasil,1505809,15,33,,,,Amazônia,1.9
46b5bb1e-5b6a-37a5-851c-11d405065746,-3.10935,-50.29876,2026-10-03 04:38:00,NOAA-21,PORTEL,PARÁ,Brasil,1505809,15,33,,,,Amazônia,1.1
ee2e3b0c-4851-3edc-963e-7c4bf4add49d,-3.28839,-53.83013,2026-10-03 04:38:00,NOAA-21,URUARÁ,PARÁ,Brasil,1508159,15,33,,,,Amazônia,4.2
aabbce40-e6ea-3521-a7b1-7ad846de8c21,-0.95647,-52.33012,2026-10-03 04:38:00,NOAA-21,VITÓRIA DO JARI,AMAPÁ,Brasil,1600808,16,33,,,,Amazônia,1.3
17571489-1b06-3b4b-bd18-3dc255428ef5,-3.01296,-53.88636,2026-10-03 04:38:00,NOAA-21,URUARÁ,PARÁ,Brasil,1508159,15,33,,,,Amazônia,1.5
844c0806-199e-3402-af90-853c98a8b39c,-3.88453,-51.89392,2026-10-03 04:38:00,NOAA-21,SENADOR JOSÉ PORFÍRIO,PARÁ,Brasil,1507805,15,33,,,,Amazônia,1.0
ff69a3ca-6678-330a-a963-283f4c4d3563,-2.86686,-49.05201,2026-10-03 04:38:00,NOAA-21,MOJU,PARÁ,Brasil,1504703,15,33,,,,Amazônia,1.4
3db735c7-1c57-3de4-b7a3-7845f2ab16ab,-2.49574,-48.52631,2026-10-03 04:38:00,NOAA-21,ACARÁ,PARÁ,Brasil,1500206,15,33,,,,Amazônia,6.3
4fe5f927-56b2-377e-8681-1c8bcad475c4,-1.76709,-55.02535,2026-10-03 04:38:00,NOAA-21,ALENQUER,PARÁ,Brasil,1500404,15,33,,,,Amazônia,2.6
cd38b432-cdc7-3cf8-95ba-78be6bdd3f74,-2.97708,-53.26335,2026-10-03 04:38:00,NOAA-21,MEDICILÂNDIA,PARÁ,Brasil,1504455,15,33,,,,Amazônia,2.1
30960932-7fe6-389d-aaeb-3150b1d58e10,-3.51243,-51.16311,2026-10-03 04:38:00,NOAA-21,PACAJÁ,PARÁ,Brasil,1505486,15,33,,,,Amazônia,1.3
91287632-f2ec-3b58-953f-84f61d319984,-3.92562,-45.77681,2026-10-03 04:38:00,NOAA-21,SANTA LUZIA,MARANHÃO,Brasil,2110005,21,33,,,,Amazônia,1.0
cc438e22-8302-3d58-aec1-531f575b2dda,-3.77974,-52.14448,2026-10-03 04:38:00,NOAA-21,SENADOR JOSÉ PORFÍRIO,PARÁ,Brasil,1507805,15,33,,,,Amazônia,0.8
65f46cd6-78bb-3a13-8885-0f46544110ab,-3.35483,-43.38377,2026-10-03 04:38:00,NOAA-21,URBANO SANTOS,MARANHÃO,Brasil,2112605,21,33,,,,Cerrado,3.3
74f1fb6b-d9ed-33c0-9387-48cee84440f2,-2.88381,-54.09164,2026-10-03 04:38:00,NOAA-21,PRAINHA,PARÁ,Brasil,1506005,15,33,,,,Amazônia,1.9
e6f515a8-7c4f-381a-98de-626112c5f89e,-0.35434,-52.01355,2026-10-03 04:38:00,NOAA-21,MAZAGÃO,AMAPÁ,Brasil,1600402,16,33,,,,Amazônia,4.1
9feb0ed2-8377-3344-9312-ea9651945dc9,-3.12316,-53.75106,2026-10-03 04:38:00,NOAA-21,URUARÁ,PARÁ,Brasil,1508159,15,33,,,,Amazônia,3.1
50b25404-2d6c-382d-8da0-f3938674ce6d,-1.0849,-54.102,2026-10-03 04:38:00,NOAA-21,MONTE ALEGRE,PARÁ,Brasil,1504802,15,33,,,,Amazônia,1.9
48435042-4e30-3d09-8d88-f2efa9f45bf6,-3.32052,-51.67538,2026-10-03 04:38:00,NOAA-21,ANAPU,PARÁ,Brasil,1500859,15,33,,,,Amazônia,1.6
525ab372-c780-3b0c-95f8-c18c3397d626,-2.8116,-48.66014,2026-10-03 04:38:00,NOAA-21,TAILÂNDIA,PARÁ,Brasil,1507953,15,33,,,,Amazônia,0.6
23bbb7e6-f59e-35ef-bfb2-f5b07e226d0b,-2.90186,-54.08335,2026-10-03 04:38:00,NOAA-21,URUARÁ,PARÁ,Brasil,1508159,15,33,,,,Amazônia,1.3
47c740e2-caca-37af-9230-747e8bcd781d,-1.26438,-54.55692,2026-10-03 04:38:00,NOAA-21,MONTE ALEGRE,PARÁ,Brasil,1504802,15,33,,,,Amazônia,2.8
ff02c7f0-aefa-3b29-8491-68052fd7d153,-2.2462,-51.9318,2026-10-03 04:38:00,NOAA-21,PORTEL,PARÁ,Brasil,1505809,15,33,,,,Amazônia,3.7
33d95450-ecaa-354f-9cb2-3a2e7ee9fcd6,-4.60544,-46.78791,2026-10-03 04:38:00,NOAA-21,BOM JESUS DAS SELVAS,MARANHÃO,Brasil,2102036,21,33,,,,Amazônia,1.2
54db4ae1-1873-3502-8c5a-0feb743ad0ca,-1.99299,-49.65425,2026-10-03 04:38:00,NOAA-21,LIMOEIRO DO AJURU,PARÁ,Brasil,1504000,15,33,,,,Amazônia,0.8
ce66ee4a-c2cf-3a35-b353-68302f595cc4,-3.51414,-54.60135,2026-10-03 04:38:00,NOAA-21,PLACAS,PARÁ,Brasil,1505650,15,33,,,,Amazônia,1.3
8334cdc6-737c-3c75-a812-3036cec06e15,-2.88064,-51.02784,2026-10-03 04:38:00,NOAA-21,PORTEL,PARÁ,Brasil,1505809,15,33,,,,Amazônia,2.2
2c9f81dc-a138-3c23-941f-47f37d9d9493,-3.2822,-53.84336,2026-10-03 04:38:00,NOAA-21,URUARÁ,PARÁ,Brasil,1508159,15,33,,,,Amazônia,1.0
f784a14b-6c4d-3cb1-a7ce-43d83d531ec1,-1.26307,-54.56507,2026-10-03 04:38:00,NOAA-21,MONTE ALEGRE,PARÁ,Brasil,1504802,15,33,,,,Amazônia,2.4
afe9c101-6659-387d-96e1-90c1ca6898c5,-3.00204,-53.87749,2026-10-03 04:38:00,NOAA-21,URUARÁ,PARÁ,Brasil,1508159,15,33,,,,Amazônia,0.9
821ef21f-9e58-33e2-9d8c-629a0bc4929d,-3.13055,-53.75573,2026-10-03 04:38:00,NOAA-21,URUARÁ,PARÁ,Brasil,1508159,15,33,,,,Amazônia,2.0
40f437fd-b507-3e41-bba5-37a4e56bd6f1,-1.44897,-48.90987,2026-10-03 04:38:00,NOAA-21,PONTA DE PEDRAS,PARÁ,Brasil,1505700,15,33,,,,Amazônia,0.9
c92d9ae0-758f-3556-9244-3713df80ea1f,-2.53753,-54.01139,2026-10-03 04:38:00,NOAA-21,PRAINHA,PARÁ,Brasil,1506005,15,33,,,,Amazônia,1.2
e46cb905-e932-31d5-b7f4-24f9de7fd0be,-2.25704,-51.9335,2026-10-03 04:38:00,NOAA-21,PORTEL,PARÁ,Brasil,1505809,15,33,,,,Amazônia,1.4
e00fcc9e-b2cc-3fd3-aada-a05883d20f12,-1.08372,-54.10963,2026-10-03 04:38:00,NOAA-21,MONTE ALEGRE,PARÁ,Brasil,1504802,15,33,,,,Amazônia,2.8
72bb005d-914a-3698-9e22-c945a925919a,-1.08731,-54.11421,2026-10-03 04:38:00,NOAA-21,MONTE ALEGRE,PARÁ,Brasil,1504802,15,33,,,,Amazônia,1.0
72bbf7a1-00e1-36e5-a911-b7f8d9c57e05,-2.89198,-54.14526,2026-10-03 04:38:00,NOAA-21,SANTARÉM,PARÁ,Brasil,1506807,15,33,,,,Amazônia,2.3
009e79d0-e3e3-30b1-bed5-cf921608d689,-2.57553,-49.99732,2026-10-03 04:38:00,NOAA-21,BAGRE,PARÁ,Brasil,1501105,15,33,,,,Amazônia,2.0
27639560-f60c-33c1-9a6d-73ef146dd98f,-3.23229,-54.30968,2026-10-03 04:38:00,NOAA-21,MOJUÍ DOS CAMPOS,PARÁ,Brasil,1504752,15,33,,,,Amazônia,0.8
ac2d4e0c-8e82-305d-8190-e11a2f130928,-3.16534,-54.08145,2026-10-03 04:38:00,NOAA-21,URUARÁ,PARÁ,Brasil,1508159,15,33,,,,Amazônia,1.9
9e0cc8ad-5f48-395e-969d-99efd201d17b,-0.40742,-51.99021,2026-10-03 04:38:00,NOAA-21,MAZAGÃO,AMAPÁ,Brasil,1600402,16,33,,,,Amazônia,1.4
f36fc469-eb61-38ad-8049-8b4edc07d3bb,-3.84129,-47.81427,2026-10-03 04:38:00,NOAA-21,ULIANÓPOLIS,PARÁ,Brasil,1508126,15,33,,,,Amazônia,0.9
5e0fb98c-d508-3f17-b4dd-fb0366f0a287,-3.06935,-49.36553,2026-10-03 04:38:00,NOAA-21,MOJU,PARÁ,Brasil,1504703,15,33,,,,Amazônia,1.2
2959f19a-02ee-3cab-a943-578d78c75f48,-4.07178,-50.32937,2026-10-03 04:38:00,NOAA-21,NOVO REPARTIMENTO,PARÁ,Brasil,1505064,15,33,,,,Amazônia,0.9
348fd9b1-5fc8-3d7d-858c-cb29be44e327,-1.61066,-54.75844,2026-10-03 04:38:00,NOAA-21,ALENQUER,PARÁ,Brasil,1500404,15,33,,,,Amazônia,2.1
aa3016e0-4ae4-3e37-9bc6-a2b41ba4d862,-3.29682,-50.32457,2026-10-03 04:38:00,NOAA-21,PORTEL,PARÁ,Brasil,1505809,15,33,,,,Amazônia,1.0
512db6d2-aded-30c5-9178-d0fd6ad82a3c,-3.05984,-54.16479,2026-10-03 04:38:00,NOAA-21,SANTARÉM,PARÁ,Brasil,1506807,15,33,,,,Amazônia,1.7
87ee8001-2aa9-3c44-a911-5b0b64f4b69d,-2.97354,-54.20829,2026-10-03 04:38:00,NOAA-21,SANTARÉM,PARÁ,Brasil,1506807,15,33,,,,Amazônia,0.7
dc78a38d-2910-39b4-a6a6-efbecedc72ed,-3.14016,-53.74672,2026-10-03 04:38:00,NOAA-21,URUARÁ,PARÁ,Brasil,1508159,15,33,,,,Amazônia,1.2
c93139f9-faa8-3f45-b6b6-a4b415437c26,-0.45677,-52.17381,2026-10-03 04:38:00,NOAA-21,LARANJAL DO JARI,AMAPÁ,Brasil,1600279,16,33,,,,Amazônia,1.1
6cbbfc3e-b658-3bfd-a633-5931594efa2a,-4.4508,-47.92282,2026-10-03 04:38:00,NOAA-21,DOM ELISEU,PARÁ,Brasil,1502939,15,33,,,,Amazônia,4.9
dfebb489-6dfb-3e65-b5fb-cf26622b64b4,-3.55788,-52.25134,2026-10-03 04:38:00,NOAA-21,ALTAMIRA,PARÁ,Brasil,1500602,15,33,,,,Amazônia,0.6
b418a8e3-6598-3c16-a6e6-e88513dc38cb,-2.92883,-54.15103,2026-10-03 04:38:00,NOAA-21,SANTARÉM,PARÁ,Brasil,1506807,15,33,,,,Amazônia,1.7
2a6322bf-894d-37fc-8c96-f6888fc20114,-3.1827,-54.10264,2026-10-03 04:38:00,NOAA-21,URUARÁ,PARÁ,Brasil,1508159,15,33,,,,Amazônia,2.0
70b2fa9f-f489-3c57-b9a8-a255150d7bc2,0.98725,-50.01294,2026-10-03 04:38:00,NOAA-21,MACAPÁ,AMAPÁ,Brasil,1600303,16,33,,,,Amazônia,1.4
57e0843d-69fd-362c-816a-f1a31c116bc4,-0.46051,-52.17443,2026-10-03 04:38:00,NOAA-21,LARANJAL DO JARI,AMAPÁ,Brasil,1600279,16,33,,,,Amazônia,1.1
72ce7347-a321-35d5-a7cf-84b83e5c5113,-4.90904,-45.70564,2026-10-03 04:38:00,NOAA-21,ARAME,MARANHÃO,Brasil,2100956,21,33,,,,Amazônia,1.3
ee38f799-8225-3add-94d0-a945a186b479,-3.77681,-52.13974,2026-10-03 04:38:00,NOAA-21,SENADOR JOSÉ PORFÍRIO,PARÁ,Brasil,1507805,15,33,,,,Amazônia,0.8
58a36981-a7a0-3410-90ff-c3b2c2688ce9,-2.91184,-54.12582,2026-10-03 04:38:00,NOAA-21,SANTARÉM,PARÁ,Brasil,1506807,15,33,,,,Amazônia,0.9
48ff9ad7-9110-34c5-8783-65ed79dfa911,-3.5128,-51.16367,2026-10-03 04:38:00,NOAA-21,PACAJÁ,PARÁ,Brasil,1505486,15,33,,,,Amazônia,1.5
c421d678-163e-34fa-9bf1-1974e7a08d1d,-3.20876,-50.40246,2026-10-03 04:38:00,NOAA-21,PORTEL,PARÁ,Brasil,1505809,15,33,,,,Amazônia,0.6
e2023fc2-4986-3f1d-b3f5-6522df2bff06,-3.1694,-54.08205,2026-10-03 04:38:00,NOAA-21,URUARÁ,PARÁ,Brasil,1508159,15,33,,,,Amazônia,1.9
11f34d8f-512d-3fa1-966c-aabdf2f265ef,-2.97144,-54.09154,2026-10-03 04:38:00,NOAA-21,SANTARÉM,PARÁ,Brasil,1506807,15,33,,,,Amazônia,2.1
4ecf5965-b44f-36a9-bb86-1dae6a6d4379,-3.1746,-54.10121,2026-10-03 04:38:00,NOAA-21,URUARÁ,PARÁ,Brasil,1508159,15,33,,,,Amazônia,0.9
f612b020-6383-3117-892c-8c79d4e2ce3a,-3.13,-53.75916,2026-10-03 04:38:00,NOAA-21,URUARÁ,PARÁ,Brasil,1508159,15,33,,,,Amazônia,2.8
53e739d3-9e95-3d67-93af-c2231ed79bdc,-3.28729,-53.83703,2026-10-03 04:38:00,NOAA-21,URUARÁ,PARÁ,Brasil,1508159,15,33,,,,Amazônia,2.3
686b85ca-ce26-3998-97e8-b18333551b53,-3.07275,-54.37224,2026-10-03 04:38:00,NOAA-21,MOJUÍ DOS CAMPOS,PARÁ,Brasil,1504752,15,33,,,,Amazônia,1.7
36daedb9-114a-39b9-b916-1746ce08c1ac,-3.00355,-54.23133,2026-10-03 04:38:00,NOAA-21,SANTARÉM,PARÁ,Brasil,1506807,15,33,,,,Amazônia,2.2
1b164642-bee2-37d5-8111-d021c0247315,-3.13277,-53.74205,2026-10-03 04:38:00,NOAA-21,URUARÁ,PARÁ,Brasil,1508159,15,33,,,,Amazônia,3.8
4665dad4-5a07-31d5-a2c1-404cf3fe17ba,-2.97085,-54.09515,2026-10-03 04:38:00,NOAA-21,SANTARÉM,PARÁ,Brasil,1506807,15,33,,,,Amazônia,2.0
960cbe35-bc42-3eef-8074-a87953cfcc70,-3.71547,-50.66176,2026-10-03 04:38:00,NOAA-21,PACAJÁ,PARÁ,Brasil,1505486,15,33,,,,Amazônia,1.5
04549f02-4696-3690-afd1-2391dd41dc14,-0.46799,-52.17564,2026-10-03 04:38:00,NOAA-21,LARANJAL DO JARI,AMAPÁ,Brasil,1600279,16,33,,,,Amazônia,1.4
d6de782d-eddc-3a85-8bfa-df9f2bbf3b46,-4.09222,-50.45592,2026-10-03 04:38:00,NOAA-21,NOVO REPARTIMENTO,PARÁ,Brasil,1505064,15,33,,,,Amazônia,2.2
d7df6aae-fc76-3339-94c3-269f8f47f0ed,-3.81947,-52.20876,2026-10-03 04:38:00,NOAA-21,SENADOR JOSÉ PORFÍRIO,PARÁ,Brasil,1507805,15,33,,,,Amazônia,1.0
b2c6d20f-1824-3e7d-b26c-bd2ae6021fe7,-4.45957,-47.92747,2026-10-03 04:38:00,NOAA-21,DOM ELISEU,PARÁ,Brasil,1502939,15,33,,,,Amazônia,13.7
69ecf782-ba2e-34d9-acea-11f54441dbe8,-2.15057,-47.75137,2026-10-03 04:38:00,NOAA-21,AURORA DO PARÁ,PARÁ,Brasil,1500958,15,33,,,,Amazônia,2.3
81780d66-6f4d-39b2-83c8-2907314611f1,-2.43958,-54.83027,2026-10-03 04:38:00,NOAA-21,SANTARÉM,PARÁ,Brasil,1506807,15,33,,,,Amazônia,1.7
d5a97687-35c1-3cdd-bdf4-0434665885f3,-2.15769,-47.55173,2026-10-03 04:38:00,NOAA-21,AURORA DO PARÁ,PARÁ,Brasil,1500958,15,33,,,,Amazônia,0.7
94b33da1-5c6f-313a-a550-768c472eb4c9,-3.13111,-53.75232,2026-10-03 04:38:00,NOAA-21,URUARÁ,PARÁ,Brasil,1508159,15,33,,,,Amazônia,2.0
ce1517dc-f573-3b96-a624-71ae0933dfba,1.78558,-55.59774,2026-10-03 04:38:00,NOAA-21,ÓBIDOS,PARÁ,Brasil,1505106,15,33,,,,Amazônia,2.5
344f7d0c-2195-3a2b-9b41-9e0d79a4675c,-3.71209,-50.66122,2026-10-03 04:38:00,NOAA-21,PACAJÁ,PARÁ,Brasil,1505486,15,33,,,,Amazônia,6.6
fea34002-dd2d-33cb-b157-fd9dcfc1e874,-2.97323,-53.26269,2026-10-03 04:38:00,NOAA-21,MEDICILÂNDIA,PARÁ,Brasil,1504455,15,33,,,,Amazônia,2.1
734b0eff-6e46-3a39-b489-56e9af2ad78a,-3.56174,-53.0597,2026-10-03 04:38:00,NOAA-21,MEDICILÂNDIA,PARÁ,Brasil,1504455,15,33,,,,Amazônia,2.9
da84d67a-507c-3705-8dbb-71073d79c3a6,-3.26253,-49.52274,2026-10-03 04:38:00,NOAA-21,BAIÃO,PARÁ,Brasil,1501204,15,33,,,,Amazônia,1.8
c72ca1ad-edbf-35b9-b5f2-8d99d9cfd366,1.7509,-50.8081,2026-10-03 04:38:00,NOAA-21,PRACUÚBA,AMAPÁ,Brasil,1600550,16,33,,,,Amazônia,0.2
f4592f06-213f-39b4-8e0b-3af6fd2476df,-4.56859,-46.58299,2026-10-03 04:38:00,NOAA-21,BOM JESUS DAS SELVAS,MARANHÃO,Brasil,2102036,21,33,,,,Amazônia,15.1
439cf374-1759-378b-999b-2b622f3e362a,1.90995,-55.80811,2026-10-03 04:38:00,NOAA-21,ÓBIDOS,PARÁ,Brasil,1505106,15,33,,,,Amazônia,1.6
0a90d647-e9ae-37ee-b313-c7d398b453cc,-2.86783,-51.0225,2026-10-03 04:38:00,NOAA-21,PORTEL,PARÁ,Brasil,1505809,15,33,,,,Amazônia,1.6
0460a337-c0b5-3108-b14c-afab960739e0,-2.90128,-54.08697,2026-10-03 04:38:00,NOAA-21,URUARÁ,PARÁ,Brasil,1508159,15,33,,,,Amazônia,1.3
f38d7236-cf79-36ad-b5df-525b5753d403,-2.04996,-56.86382,2026-10-03 04:38:00,NOAA-21,NHAMUNDÁ,AMAZONAS,Brasil,1303007,13,33,,,,Amazônia,1.3
d511652f-5404-390f-8454-da1306cd0ffc,-3.18155,-54.08416,2026-10-03 04:38:00,NOAA-21,URUARÁ,PARÁ,Brasil,1508159,15,33,,,,Amazônia,3.7
70f4b9b1-6f5e-37b2-b191-b7e9b8b351eb,-3.17462,-54.07563,2026-10-03 04:38:00,NOAA-21,URUARÁ,PARÁ,Brasil,1508159,15,33,,,,Amazônia,1.7
7400f473-3733-36a2-bd31-f58990cd85da,-3.11212,-50.17905,2026-10-03 04:38:00,NOAA-21,PORTEL,PARÁ,Brasil,1505809,15,33,,,,Amazônia,0.7
fbe8a477-8e91-33f2-bd49-8067f53c69c6,-3.92625,-45.77258,2026-10-03 04:38:00,NOAA-21,SANTA LUZIA,MARANHÃO,Brasil,2110005,21,33,,,,Amazônia,1.0
5087cf5b-997e-357a-b3b6-b494deac2298,-2.88907,-54.13724,2026-10-03 04:38:00,NOAA-21,SANTARÉM,PARÁ,Brasil,1506807,15,33,,,,Amazônia,1.6
996a0bd0-2310-31d1-be02-fedc41447b04,-2.93685,-54.09998,2026-10-03 04:38:00,NOAA-21,SANTARÉM,PARÁ,Brasil,1506807,15,33,,,,Amazônia,1.4
5dca0355-344f-3535-bda8-642bb84eaea1,-1.45402,-54.64309,2026-10-03 04:38:00,NOAA-21,ALENQUER,PARÁ,Brasil,1500404,15,33,,,,Amazônia,2.1
2fbaf2be-32cc-3bb4-ad71-66af4411e94e,-1.22516,-54.53856,2026-10-03 04:38:00,NOAA-21,MONTE ALEGRE,PARÁ,Brasil,1504802,15,33,,,,Amazônia,4.9
e62d273a-d3cc-3fcb-a6ca-ad43d3745d4c,-3.17113,-54.09696,2026-10-03 04:38:00,NOAA-21,URUARÁ,PARÁ,Brasil,1508159,15,33,,,,Amazônia,1.3
eff979ae-6370-32dd-887e-c531996f8f35,-3.27985,-53.83245,2026-10-03 04:38:00,NOAA-21,URUARÁ,PARÁ,Brasil,1508159,15,33,,,,Amazônia,0.9
988e01d0-1bea-3205-a56d-dc50e9c2c102,-2.22945,-51.92069,2026-10-03 04:38:00,NOAA-21,PORTEL,PARÁ,Brasil,1505809,15,33,,,,Amazônia,1.9
f6f0202d-bf5c-3544-b095-29eeaf9fd75b,-1.59117,-47.25854,2026-10-03 04:38:00,NOAA-21,CAPITÃO POÇO,PARÁ,Brasil,1502301,15,33,,,,Amazônia,0.6
e8c57b14-f40c-3020-89ea-902bf082fa85,-4.20422,-47.88816,2026-10-03 04:38:00,NOAA-21,DOM ELISEU,PARÁ,Brasil,1502939,15,33,,,,Amazônia,2.5
18695000-e0c8-3cbb-8a39-f7279bdafb4f,-3.51193,-52.72002,2026-10-03 04:38:00,NOAA-21,BRASIL NOVO,PARÁ,Brasil,1501725,15,33,,,,Amazônia,0.7
230becd7-dfcc-36b3-8261-8197598c982d,-3.28275,-53.83989,2026-10-03 04:38:00,NOAA-21,URUARÁ,PARÁ,Brasil,1508159,15,33,,,,Amazônia,1.0
84b0e2e4-af43-34ba-84e9-473cc851b1d1,-0.91124,-47.9094,2026-10-03 04:38:00,NOAA-21,CURUÇÁ,PARÁ,Brasil,1502905,15,33,,,,Amazônia,1.4
fc51c024-3eb6-3b4e-af99-86b66086d5c7,-2.17291,-49.76517,2026-10-03 04:38:00,NOAA-21,CAMETÁ,PARÁ,Brasil,1502103,15,33,,,,Amazônia,1.2
f6e0cd0d-8d8b-3615-937f-f89be806555b,-3.43483,-50.43727,2026-10-03 04:38:00,NOAA-21,PACAJÁ,PARÁ,Brasil,1505486,15,33,,,,Amazônia,1.3
98c3195a-3314-3e36-9cc7-5f37adcb332a,-3.10655,-50.29467,2026-10-03 04:38:00,NOAA-21,PORTEL,PARÁ,Brasil,1505809,15,33,,,,Amazônia,1.1
c59b0b82-a330-3b12-9d9c-fc6a11995f60,-1.26803,-54.56168,2026-10-03 04:38:00,NOAA-21,MONTE ALEGRE,PARÁ,Brasil,1504802,15,33,,,,Amazônia,2.8
afb276d4-0bb6-3444-90d9-f7f85bcf9315,-1.33209,-47.58863,2026-10-03 04:38:00,NOAA-21,SANTA MARIA DO PARÁ,PARÁ,Brasil,1506609,15,33,,,,Amazônia,4.7
d5c9f02c-a98c-31f6-9da9-917b33a9971a,-3.13508,-53.75294,2026-10-03 04:38:00,NOAA-21,URUARÁ,PARÁ,Brasil,1508159,15,33,,,,Amazônia,2.0
a05d394a-f3c2-3fc6-b721-abe12bc8839d,-3.17808,-54.07994,2026-10-03 04:38:00,NOAA-21,URUARÁ,PARÁ,Brasil,1508159,15,33,,,,Amazônia,2.7
0e57c0d4-b845-3afc-9cdf-80fa1de9d9e5,-4.73914,-43.26715,2026-10-03 04:38:00,NOAA-21,CAXIAS,MARANHÃO,Brasil,2103000,21,33,,,,Cerrado,3.9
afe2e481-3499-37db-bb65-504c99c6ae2d,-3.18212,-54.08065,2026-10-03 04:38:00,NOAA-21,URUARÁ,PARÁ,Brasil,1508159,15,33,,,,Amazônia,2.7
eb9b7680-fffc-35ab-908a-5caf87ffeb6a,-3.71604,-50.65814,2026-10-03 04:38:00,NOAA-21,PACAJÁ,PARÁ,Brasil,1505486,15,33,,,,Amazônia,1.0
6974f3d9-d2dc-3afd-a63c-6653cc815d42,-2.29319,-48.75816,2026-10-03 04:38:00,NOAA-21,MOJU,PARÁ,Brasil,1504703,15,33,,,,Amazônia,1.3
074cb958-1f5c-359e-a186-b947ec614e0b,-3.21615,-53.94789,2026-10-03 04:38:00,NOAA-21,URUARÁ,PARÁ,Brasil,1508159,15,33,,,,Amazônia,2.5
b57c95a0-4a67-3fed-b576-5835d51d3438,-4.22735,-46.44194,2026-10-03 04:38:00,NOAA-21,BURITICUPU,MARANHÃO,Brasil,2102325,21,33,,,,Amazônia,1.0
09089fc9-f6a8-39e0-b21e-11a6c4a7939c,1.78152,-55.60384,2026-10-03 04:38:00,NOAA-21,ÓBIDOS,PARÁ,Brasil,1505106,15,33,,,,Amazônia,3.4
49f2ac7b-a442-3bd9-82d0-7fc15d837518,-1.96551,-48.36995,2026-10-03 04:38:00,NOAA-21,ACARÁ,PARÁ,Brasil,1500206,15,33,,,,Amazônia,1.5
2442485e-a49e-33f5-9eac-99071d6aebb2,-3.17403,-54.0792,2026-10-03 04:38:00,NOAA-21,URUARÁ,PARÁ,Brasil,1508159,15,33,,,,Amazônia,1.7
aa2f994b-4160-3e90-aafa-2eae0ede3c54,-3.23168,-54.31339,2026-10-03 04:38:00,NOAA-21,MOJUÍ DOS CAMPOS,PARÁ,Brasil,1504752,15,33,,,,Amazônia,0.8
cc462732-dd02-3125-b8e1-818030ca2fed,-1.68904,-48.20006,2026-10-03 04:38:00,NOAA-21,BUJARU,PARÁ,Brasil,1501907,15,33,,,,Amazônia,1.6
38296d91-2c3e-3145-8680-0a9dbcc4a020,1.9149,-55.80738,2026-10-03 04:38:00,NOAA-21,ÓBIDOS,PARÁ,Brasil,1505106,15,33,,,,Amazônia,1.6
9adde65d-4168-386b-ac81-46beb14dc04d,-2.96968,-54.10239,2026-10-03 04:38:00,NOAA-21,SANTARÉM,PARÁ,Brasil,1506807,15,33,,,,Amazônia,2.3
25ceee96-bf10-39ef-9278-59a466a986eb,-3.10608,-50.28368,2026-10-03 04:38:00,NOAA-21,PORTEL,PARÁ,Brasil,1505809,15,33,,,,Amazônia,1.1
78bfff3b-6e98-39a9-8b6a-0ad79dc3ef49,-2.8879,-54.11831,2026-10-03 04:38:00,NOAA-21,SANTARÉM,PARÁ,Brasil,1506807,15,33,,,,Amazônia,4.8
577e19f9-226c-3f40-adc0-716199d54cbf,-4.73544,-43.26236,2026-10-03 04:38:00,NOAA-21,CAXIAS,MARANHÃO,Brasil,2103000,21,33,,,,Cerrado,1.7
372e2101-bd48-3a7f-9bf7-a57c8b3582f4,-1.08834,-54.11367,2026-10-03 04:38:00,NOAA-21,MONTE ALEGRE,PARÁ,Brasil,1504802,15,33,,,,Amazônia,1.6
eac2c8ba-b37d-387a-9bc8-d1133ed37642,-3.27223,-50.08851,2026-10-03 04:38:00,NOAA-21,PORTEL,PARÁ,Brasil,1505809,15,33,,,,Amazônia,2.7
53972599-6190-3ad2-9108-4de5e2d9160d,-3.13564,-53.74952,2026-10-03 04:38:00,NOAA-21,URUARÁ,PARÁ,Brasil,1508159,15,33,,,,Amazônia,1.4
22723b61-4925-36b7-8278-f1039a65bf70,-4.45414,-47.92333,2026-10-03 04:38:00,NOAA-21,DOM ELISEU,PARÁ,Brasil,1502939,15,33,,,,Amazônia,4.9
457320fa-94d0-3f3b-801b-4a2f7fe1884f,-2.58222,-49.99835,2026-10-03 04:38:00,NOAA-21,BAGRE,PARÁ,Brasil,1501105,15,33,,,,Amazônia,1.5
5fdfce65-72c2-3f93-ae9f-a76c7ac44f0f,-1.65668,-55.21282,2026-10-03 04:38:00,NOAA-21,ÓBIDOS,PARÁ,Brasil,1505106,15,33,,,,Amazônia,1.6
bc68d5b4-48f9-33e8-b862-81a28b653df1,-2.78192,-48.65556,2026-10-03 04:38:00,NOAA-21,TAILÂNDIA,PARÁ,Brasil,1507953,15,33,,,,Amazônia,0.6
53e51ed0-00c0-329a-a361-eb4738e68b0a,-3.17982,-54.09474,2026-10-03 04:38:00,NOAA-21,URUARÁ,PARÁ,Brasil,1508159,15,33,,,,Amazônia,1.3
9aebfa58-2b84-3bfd-890e-91c4d83aedf7,-1.99687,-49.65126,2026-10-03 04:38:00,NOAA-21,LIMOEIRO DO AJURU,PARÁ,Brasil,1504000,15,33,,,,Amazônia,1.7
703edc78-26ab-3dd0-ac64-fdc36cb62ddd,-0.40674,-51.99464,2026-10-03 04:38:00,NOAA-21,MAZAGÃO,AMAPÁ,Brasil,1600402,16,33,,,,Amazônia,2.2
32541390-dbc5-37e2-9d52-15e93f04faf7,-3.1373,-53.73926,2026-10-03 04:38:00,NOAA-21,URUARÁ,PARÁ,Brasil,1508159,15,33,,,,Amazônia,3.8
69cbcd47-615e-32f2-9ffe-3dad16a5d7de,-3.1203,-53.74359,2026-10-03 04:38:00,NOAA-21,URUARÁ,PARÁ,Brasil,1508159,15,33,,,,Amazônia,11.4
680e898b-375e-3a35-90bc-df81657b8195,-3.09757,-51.09974,2026-10-03 04:38:00,NOAA-21,PORTEL,PARÁ,Brasil,1505809,15,33,,,,Amazônia,1.3
f0d1ba6e-cbcc-39f5-a327-14fd4ef809f5,-2.57114,-54.74153,2026-10-03 04:38:00,NOAA-21,SANTARÉM,PARÁ,Brasil,1506807,15,33,,,,Amazônia,3.0
082bbd50-b33b-33c9-9f92-ca6cbf364fe5,-2.15532,-53.66306,2026-10-03 04:38:00,NOAA-21,PRAINHA,PARÁ,Brasil,1506005,15,33,,,,Amazônia,2.1
f82fc99b-2395-3b25-947e-fb329487df44,-3.22056,-54.31102,2026-10-03 04:38:00,NOAA-21,MOJUÍ DOS CAMPOS,PARÁ,Brasil,1504752,15,33,,,,Amazônia,1.4
fe857b20-70a5-3b0c-825e-b5b0c6ab038b,-3.50459,-53.20081,2026-10-03 04:38:00,NOAA-21,MEDICILÂNDIA,PARÁ,Brasil,1504455,15,33,,,,Amazônia,1.0
3736e5e3-d830-37b6-8a15-25adc7f93c68,-3.70347,-50.97831,2026-10-03 04:38:00,NOAA-21,PACAJÁ,PARÁ,Brasil,1505486,15,33,,,,Amazônia,0.7
68b435cb-0bb4-3c9b-8e65-218e1c69ad66,-2.89082,-54.12627,2026-10-03 04:38:00,NOAA-21,SANTARÉM,PARÁ,Brasil,1506807,15,33,,,,Amazônia,1.7
e1736161-131b-3908-b10a-ea61043d6021,-3.18387,-54.09547,2026-10-03 04:38:00,NOAA-21,URUARÁ,PARÁ,Brasil,1508159,15,33,,,,Amazônia,3.9
fa886483-0f87-3e2f-8c1c-717d556c4bfb,-2.96858,-53.26693,2026-10-03 04:38:00,NOAA-21,MEDICILÂNDIA,PARÁ,Brasil,1504455,15,33,,,,Amazônia,2.6
c3d5745f-2cc6-3507-baed-96506ebb4fd0,-3.22756,-54.31276,2026-10-03 04:38:00,NOAA-21,MOJUÍ DOS CAMPOS,PARÁ,Brasil,1504752,15,33,,,,Amazônia,2.4
5325f3ba-6080-3899-89ac-258c8e865656,-2.97163,-53.27248,2026-10-03 04:38:00,NOAA-21,MEDICILÂNDIA,PARÁ,Brasil,1504455,15,33,,,,Amazônia,2.6
4800d6fa-7725-3768-82dd-871d6bdc47cf,-4.06025,-51.12049,2026-10-03 04:38:00,NOAA-21,PACAJÁ,PARÁ,Brasil,1505486,15,33,,,,Amazônia,1.1
c9dd22ec-dcac-3c45-ad69-635216358908,1.78639,-55.6031,2026-10-03 04:38:00,NOAA-21,ÓBIDOS,PARÁ,Brasil,1505106,15,33,,,,Amazônia,2.8
66af0824-561e-314e-b0ca-3dab1c94d6f7,-3.29737,-50.32101,2026-10-03 04:38:00,NOAA-21,PORTEL,PARÁ,Brasil,1505809,15,33,,,,Amazônia,2.2
4fe57fbe-a028-30ab-ac82-1b1b834ccae0,-3.32087,-51.67537,2026-10-03 04:38:00,NOAA-21,ANAPU,PARÁ,Brasil,1500859,15,33,,,,Amazônia,3.0
ead30744-23cf-38c1-b191-969488209104,-2.86892,-50.31982,2026-10-03 04:38:00,NOAA-21,PORTEL,PARÁ,Brasil,1505809,15,33,,,,Amazônia,2.6
b568c811-aa41-3dc6-9e06-096c6e7b41bb,-3.18674,-54.10341,2026-10-03 04:38:00,NOAA-21,URUARÁ,PARÁ,Brasil,1508159,15,33,,,,Amazônia,2.0
e9b8c4d0-b130-358e-8c6d-3e83f47cafc2,1.90499,-55.80879,2026-10-03 04:38:00,NOAA-21,ÓBIDOS,PARÁ,Brasil,1505106,15,33,,,,Amazônia,1.6
95c616cb-7fdb-3b4b-a7db-266ab504958d,-4.568,-46.58697,2026-10-03 04:38:00,NOAA-21,BOM JESUS DAS SELVAS,MARANHÃO,Brasil,2102036,21,33,,,,Amazônia,12.2
be609f62-8474-3841-ab0a-dbb638e8862e,-2.36328,-50.34838,2026-10-03 04:38:00,NOAA-21,BAGRE,PARÁ,Brasil,1501105,15,33,,,,Amazônia,1.1
3d0ee708-69ef-3e46-ae0a-4fbba248048b,-3.22817,-50.02351,2026-10-03 04:38:00,NOAA-21,PORTEL,PARÁ,Brasil,1505809,15,33,,,,Amazônia,1.1
6cee487f-e393-3d82-b58a-bc46dba4ab8f,-3.21267,-53.94387,2026-10-03 04:38:00,NOAA-21,URUARÁ,PARÁ,Brasil,1508159,15,33,,,,Amazônia,3.4
60e2ee6f-9648-3c0b-8cc8-15bfd036569e,1.91152,-55.78494,2026-10-03 04:38:00,NOAA-21,ÓBIDOS,PARÁ,Brasil,1505106,15,33,,,,Amazônia,2.6
d7a38f2f-018e-3d51-87a1-d096ba64d126,-3.12142,-53.73674,2026-10-03 04:38:00,NOAA-21,URUARÁ,PARÁ,Brasil,1508159,15,33,,,,Amazônia,13.4
96b97c3a-5e1e-34a7-8731-cf59f81dc504,-4.45024,-47.92636,2026-10-03 04:38:00,NOAA-21,DOM ELISEU,PARÁ,Brasil,1502939,15,33,,,,Amazônia,4.9
08195177-d3a0-3582-af61-03afbb6dbd51,1.90742,-55.79126,2026-10-03 04:38:00,NOAA-21,ÓBIDOS,PARÁ,Brasil,1505106,15,33,,,,Amazônia,1.3
e1e7ced0-8574-372a-9821-897fd5c68a75,-3.70005,-50.97775,2026-10-03 04:38:00,NOAA-21,PACAJÁ,PARÁ,Brasil,1505486,15,33,,,,Amazônia,0.7
5523eaa7-f703-37d3-9ef0-d8ce8c14b459,-3.35541,-43.37996,2026-10-03 04:38:00,NOAA-21,URBANO SANTOS,MARANHÃO,Brasil,2112605,21,33,,,,Cerrado,3.3
4b6c9c78-1ef5-3b3b-82d7-232fba4f5622,-1.22149,-54.53374,2026-10-03 04:38:00,NOAA-21,MONTE ALEGRE,PARÁ,Brasil,1504802,15,33,,,,Amazônia,4.9
b006bb36-3646-3b3a-bcb7-a4acb556a894,-3.0124,-53.88986,2026-10-03 04:38:00,NOAA-21,URUARÁ,PARÁ,Brasil,1508159,15,33,,,,Amazônia,4.0
9fbcdfc8-296a-3d6a-91a6-d71b66164602,-3.17171,-54.09339,2026-10-03 04:38:00,NOAA-21,URUARÁ,PARÁ,Brasil,1508159,15,33,,,,Amazônia,1.4
71981247-f814-30c0-9985-1da5d04b8ab3,-2.10963,-49.23588,2026-10-03 04:38:00,NOAA-21,CAMETÁ,PARÁ,Brasil,1502103,15,33,,,,Amazônia,0.6
698c49b0-b788-3192-977d-389586162b12,-3.16592,-54.07788,2026-10-03 04:38:00,NOAA-21,URUARÁ,PARÁ,Brasil,1508159,15,33,,,,Amazônia,1.2
9ffa5706-612d-33da-bdc2-b7276c83869b,-2.8955,-54.14952,2026-10-03 04:38:00,NOAA-21,SANTARÉM,PARÁ,Brasil,1506807,15,33,,,,Amazônia,1.0
9d5576d2-ed1b-3aec-a9c5-5e93c4b08f56,-1.08431,-54.1058,2026-10-03 04:38:00,NOAA-21,MONTE ALEGRE,PARÁ,Brasil,1504802,15,33,,,,Amazônia,2.8
0c7b6667-8794-3fed-a32c-36f9aab09ba3,-3.00382,-50.47357,2026-10-03 04:38:00,NOAA-21,PORTEL,PARÁ,Brasil,1505809,15,33,,,,Amazônia,2.0
f57a6b05-2e90-3090-b539-9276974057a1,-3.26638,-49.51979,2026-10-03 04:38:00,NOAA-21,BAIÃO,PARÁ,Brasil,1501204,15,33,,,,Amazônia,1.3
7dfd8df2-6010-35c1-b865-0b26f3c11de1,-2.92811,-54.10233,2026-10-03 04:38:00,NOAA-21,SANTARÉM,PARÁ,Brasil,1506807,15,33,,,,Amazônia,4.7
d6eaae5f-61bd-36f6-8313-3c3332fa0d3b,-3.11161,-50.28451,2026-10-03 04:38:00,NOAA-21,PORTEL,PARÁ,Brasil,1505809,15,33,,,,Amazônia,0.8
43413215-90c6-3d76-a956-bfa884521bde,-2.57157,-49.11084,2026-10-03 04:38:00,NOAA-21,MOJU,PARÁ,Brasil,1504703,15,33,,,,Amazônia,0.8
85643e80-3ebf-3d7a-a502-c65df6ebef08,-3.55512,-53.26968,2026-10-03 04:38:00,NOAA-21,URUARÁ,PARÁ,Brasil,1508159,15,33,,,,Amazônia,0.8
5b57f20c-b552-307f-b489-d91af11a5814,-3.11946,-50.27842,2026-10-03 04:38:00,NOAA-21,PORTEL,PARÁ,Brasil,1505809,15,33,,,,Amazônia,1.2
04d2ef16-207f-3bc8-9bc4-19bdbe65060d,-2.89608,-54.14585,2026-10-03 04:38:00,NOAA-21,SANTARÉM,PARÁ,Brasil,1506807,15,33,,,,Amazônia,2.3
0b7b48b9-a73d-3f10-a988-f280c01b9f1b,-2.88556,-54.13294,2026-10-03 04:38:00,NOAA-21,SANTARÉM,PARÁ,Brasil,1506807,15,33,,,,Amazônia,1.6
410a4e09-26ec-3eec-8cec-52f14ca8c001,-3.07713,-51.27176,2026-10-03 04:38:00,NOAA-21,ANAPU,PARÁ,Brasil,1500859,15,33,,,,Amazônia,1.2
5832b20b-34cc-3731-b168-cff3fc423941,-0.34973,-51.99466,2026-10-03 04:38:00,NOAA-21,MAZAGÃO,AMAPÁ,Brasil,1600402,16,33,,,,Amazônia,1.2
8f7ce9ea-b2d3-3d92-9f6d-8a380de88b75,-3.28385,-53.83301,2026-10-03 04:38:00,NOAA-21,URUARÁ,PARÁ,Brasil,1508159,15,33,,,,Amazônia,2.3
7b9342db-ac8d-3ad9-a288-9f2831eda0b5,-3.1578,-54.07666,2026-10-03 04:38:00,NOAA-21,URUARÁ,PARÁ,Brasil,1508159,15,33,,,,Amazônia,0.4
6590be43-423b-336b-8433-184a8e59b27c,-3.24885,-54.52067,2026-10-03 04:38:00,NOAA-21,MOJUÍ DOS CAMPOS,PARÁ,Brasil,1504752,15,33,,,,Amazônia,0.9
be9f7a6f-0dbd-3641-bd1e-609c9ac7dd4d,-3.1033,-50.30152,2026-10-03 04:38:00,NOAA-21,PORTEL,PARÁ,Brasil,1505809,15,33,,,,Amazônia,1.2
41e52c1b-a231-3763-91f3-3b2457a82254,-2.92403,-54.10169,2026-10-03 04:38:00,NOAA-21,SANTARÉM,PARÁ,Brasil,1506807,15,33,,,,Amazônia,4.7
032231a4-9424-30af-ada3-d1bd9f2effd9,-2.04948,-56.86669,2026-10-03 04:38:00,NOAA-21,NHAMUNDÁ,AMAZONAS,Brasil,1303007,13,33,,,,Amazônia,1.9
0e334cae-ee62-348c-b07f-8353a1c618d8,-2.57887,-49.99783,2026-10-03 04:38:00,NOAA-21,BAGRE,PARÁ,Brasil,1501105,15,33,,,,Amazônia,2.0
2734407d-0bfe-387c-adeb-892f28579b1b,-2.97629,-53.26823,2026-10-03 04:38:00,NOAA-21,MEDICILÂNDIA,PARÁ,Brasil,1504455,15,33,,,,Amazônia,2.3
fbb12104-9b64-3713-96b5-96d35e823949,-3.00549,-53.88161,2026-10-03 04:38:00,NOAA-21,URUARÁ,PARÁ,Brasil,1508159,15,33,,,,Amazônia,1.5
32d7f6cb-be85-3f7d-bb67-d470f0c433e7,-3.25008,-54.51306,2026-10-03 04:38:00,NOAA-21,MOJUÍ DOS CAMPOS,PARÁ,Brasil,1504752,15,33,,,,Amazônia,1.9
004d5466-66f3-316e-b940-a9e060b6aa5f,-3.13675,-53.74268,2026-10-03 04:38:00,NOAA-21,URUARÁ,PARÁ,Brasil,1508159,15,33,,,,Amazônia,3.8
123903ac-83a1-3f88-8af7-0ac6b02faf42,-3.27279,-50.08499,2026-10-03 04:38:00,NOAA-21,PORTEL,PARÁ,Brasil,1505809,15,33,,,,Amazônia,1.9
782a631c-3ffb-37bd-a595-18197957b268,1.78802,-55.61383,2026-10-03 04:38:00,NOAA-21,ÓBIDOS,PARÁ,Brasil,1505106,15,33,,,,Amazônia,7.1
c4ca493f-e5e7-37f7-b73c-bd7154c331d1,-3.21195,-50.91061,2026-10-03 04:38:00,NOAA-21,PORTEL,PARÁ,Brasil,1505809,15,33,,,,Amazônia,1.3
f8f654d3-8368-33a1-ab84-84f2bf0c3070,-3.22114,-54.30737,2026-10-03 04:38:00,NOAA-21,MOJUÍ DOS CAMPOS,PARÁ,Brasil,1504752,15,33,,,,Amazônia,1.4
cd841000-f489-30c9-aa38-84eca4316537,-3.1908,-54.10409,2026-10-03 04:38:00,NOAA-21,URUARÁ,PARÁ,Brasil,1508159,15,33,,,,Amazônia,1.5
09f6a45b-711f-3b86-8b81-93a440ed5f5b,-3.76496,-52.29412,2026-10-03 04:38:00,NOAA-21,SENADOR JOSÉ PORFÍRIO,PARÁ,Brasil,1507805,15,33,,,,Amazônia,0.7
da1fe677-4d95-3502-a583-da7e78eecb68,-3.17345,-54.08274,2026-10-03 04:38:00,NOAA-21,URUARÁ,PARÁ,Brasil,1508159,15,33,,,,Amazônia,1.9
64715bf3-36c8-3204-8d28-4647702ed9b8,-3.13785,-53.73584,2026-10-03 04:38:00,NOAA-21,URUARÁ,PARÁ,Brasil,1508159,15,33,,,,Amazônia,4.6
8adfc556-d705-37c1-a586-eb4840a13219,1.73178,-50.80267,2026-10-03 04:38:00,NOAA-21,PRACUÚBA,AMAPÁ,Brasil,1600550,16,33,,,,Amazônia,2.4
ef0b1ad3-4f42-3a1c-b4c6-b28540e8b51c,-2.98406,-50.48902,2026-10-03 04:38:00,NOAA-21,PORTEL,PARÁ,Brasil,1505809,15,33,,,,Amazônia,1.1
fd5b02b4-4b6b-3b36-96ab-ebfcd42e1f3c,-3.07652,-51.2756,2026-10-03 04:38:00,NOAA-21,ANAPU,PARÁ,Brasil,1500859,15,33,,,,Amazônia,1.2
a509aa66-168c-3c15-b29b-756cc08e196c,-3.01007,-53.87875,2026-10-03 04:38:00,NOAA-21,URUARÁ,PARÁ,Brasil,1508159,15,33,,,,Amazônia,1.2
e38891ac-a259-3bbd-87b8-ab26d588531a,-2.97243,-53.26758,2026-10-03 04:38:00,NOAA-21,MEDICILÂNDIA,PARÁ,Brasil,1504455,15,33,,,,Amazônia,2.6
d249e1b8-acf5-3d85-9def-b9fb314daab0,-4.0574,-51.11627,2026-10-03 04:38:00,NOAA-21,PACAJÁ,PARÁ,Brasil,1505486,15,33,,,,Amazônia,1.2
3e9d5ec3-f6f5-3878-839a-7d73ce6daddc,-1.26007,-54.5562,2026-10-03 04:38:00,NOAA-21,MONTE ALEGRE,PARÁ,Brasil,1504802,15,33,,,,Amazônia,1.4
ebf4b351-06ed-3984-a9b9-b7abd07442ba,-3.12371,-53.74764,2026-10-03 04:38:00,NOAA-21,URUARÁ,PARÁ,Brasil,1508159,15,33,,,,Amazônia,4.2
72df979f-7fdc-3341-b9e1-320db9a1848d,-3.22344,-54.31213,2026-10-03 04:38:00,NOAA-21,MOJUÍ DOS CAMPOS,PARÁ,Brasil,1504752,15,33,,,,Amazônia,2.4
3c53d0ad-3998-38b7-816e-2514f1dc0e84,-2.93157,-54.1561,2026-10-03 04:38:00,NOAA-21,SANTARÉM,PARÁ,Brasil,1506807,15,33,,,,Amazônia,1.7
2bdb460e-948b-323e-b4b4-74d31adae183,-2.88965,-54.13358,2026-10-03 04:38:00,NOAA-21,SANTARÉM,PARÁ,Brasil,1506807,15,33,,,,Amazônia,1.6
170be6f9-374d-30d9-b720-6701aba0f947,-3.05925,-54.16842,2026-10-03 04:38:00,NOAA-21,SANTARÉM,PARÁ,Brasil,1506807,15,33,,,,Amazônia,1.5
eba11fca-cc07-3d86-84ab-deb7ef52a635,-2.29045,-47.88029,2026-10-03 04:38:00,NOAA-21,AURORA DO PARÁ,PARÁ,Brasil,1500958,15,33,,,,Amazônia,2.6
b33c2b13-37d2-39a1-9433-8313e8f846cc,-3.30017,-50.3251,2026-10-03 04:38:00,NOAA-21,PORTEL,PARÁ,Brasil,1505809,15,33,,,,Amazônia,2.4
cb30317c-5809-3d9e-bd41-938f31f4df76,-1.96497,-48.37338,2026-10-03 04:38:00,NOAA-21,ACARÁ,PARÁ,Brasil,1500206,15,33,,,,Amazônia,1.5
6f07f798-b712-302e-9921-fd82c0af0cc8,-3.0072,-50.47409,2026-10-03 04:38:00,NOAA-21,PORTEL,PARÁ,Brasil,1505809,15,33,,,,Amazônia,2.0
7ac2a88b-059a-364c-aca8-e7ff00b94477,-3.14182,-53.73647,2026-10-03 04:38:00,NOAA-21,URUARÁ,PARÁ,Brasil,1508159,15,33,,,,Amazônia,1.8
f9c7ab7a-26db-3259-95a9-61637e1b2c25,-3.06605,-49.36502,2026-10-03 04:38:00,NOAA-21,MOJU,PARÁ,Brasil,1504703,15,33,,,,Amazônia,0.7
ff30febf-f73a-332f-ba58-2047f6831133,1.95602,-55.7784,2026-10-03 04:38:00,NOAA-21,ÓBIDOS,PARÁ,Brasil,1505106,15,33,,,,Amazônia,1.9
91a3bb6c-b811-39d4-9c72-c7b0d1a191bf,-3.17577,-54.09406,2026-10-03 04:38:00,NOAA-21,URUARÁ,PARÁ,Brasil,1508159,15,33,,,,Amazônia,1.3
a14ce077-a01d-366e-a9aa-8d33c6652caa,-2.25638,-51.93767,2026-10-03 04:38:00,NOAA-21,PORTEL,PARÁ,Brasil,1505809,15,33,,,,Amazônia,1.4
fbed19e0-5e58-31e1-bf95-06584cd17679,1.96234,-50.88647,2026-10-03 04:38:00,NOAA-21,AMAPÁ,AMAPÁ,Brasil,1600105,16,33,,,,Amazônia,0.6
b6cb6396-c098-35d0-96f7-91ba6ece5cef,-2.88348,-51.03213,2026-10-03 04:38:00,NOAA-21,PORTEL,PARÁ,Brasil,1505809,15,33,,,,Amazônia,0.8
4ef8ebe1-c0f0-3a64-8115-d854a98c3439,-1.24875,-55.87907,2026-10-03 04:38:00,NOAA-21,ÓBIDOS,PARÁ,Brasil,1505106,15,33,,,,Amazônia,1.1
08207181-7733-34be-9e76-bc939feb9162,1.92479,-55.80586,2026-10-03 04:38:00,NOAA-21,ÓBIDOS,PARÁ,Brasil,1505106,15,33,,,,Amazônia,5.4
0cd72dd6-38da-38bd-ab84-a76e862f04f6,-3.00951,-53.88224,2026-10-03 04:38:00,NOAA-21,URUARÁ,PARÁ,Brasil,1508159,15,33,,,,Amazônia,1.5
1235d41a-c830-3ea9-a062-c17f5cbe5c44,-3.29418,-53.8452,2026-10-03 04:38:00,NOAA-21,URUARÁ,PARÁ,Brasil,1508159,15,33,,,,Amazônia,0.8
5b902bbe-7173-30ef-9730-9a43f0301a9e,-4.74283,-43.27196,2026-10-03 04:38:00,NOAA-21,CAXIAS,MARANHÃO,Brasil,2103000,21,33,,,,Cerrado,1.8
2d14e68c-0da0-3adc-a760-291ed0f4b75e,-2.88288,-51.03589,2026-10-03 04:38:00,NOAA-21,PORTEL,PARÁ,Brasil,1505809,15,33,,,,Amazônia,0.8
cce68b2a-b4c2-341e-bbd8-467f1108552d,-3.17288,-54.08627,2026-10-03 04:38:00,NOAA-21,URUARÁ,PARÁ,Brasil,1508159,15,33,,,,Amazônia,1.9
27a9f19b-2471-3903-aff6-a9270c105b93,-2.17401,-49.75816,2026-10-03 04:38:00,NOAA-21,CAMETÁ,PARÁ,Brasil,1502103,15,33,,,,Amazônia,1.2
cc6534c3-d31f-355a-aead-4695ba341497,-3.35426,-43.38758,2026-10-03 04:38:00,NOAA-21,URBANO SANTOS,MARANHÃO,Brasil,2112605,21,33,,,,Cerrado,2.6
294a024d-d186-3f2e-b08d-709b64ce4ff7,-4.18536,-48.66801,2026-10-03 04:38:00,NOAA-21,RONDON DO PARÁ,PARÁ,Brasil,1506187,15,33,,,,Amazônia,1.5
136e7ae9-1442-3d84-82bc-3badd7a2d0a0,1.78315,-55.61459,2026-10-03 04:38:00,NOAA-21,ÓBIDOS,PARÁ,Brasil,1505106,15,33,,,,Amazônia,6.4
5b35e8ec-44b6-3693-91c3-b25638c865b1,-4.05179,-51.08507,2026-10-03 04:38:00,NOAA-21,PACAJÁ,PARÁ,Brasil,1505486,15,33,,,,Amazônia,0.8
53e2d4c6-6ad3-3fc1-a348-0035745dae48,-4.73855,-43.27127,2026-10-03 04:38:00,NOAA-21,CAXIAS,MARANHÃO,Brasil,2103000,21,33,,,,Cerrado,3.9
dcd73314-196d-3b90-a24a-18329e557214,-3.12602,-53.75853,2026-10-03 04:38:00,NOAA-21,URUARÁ,PARÁ,Brasil,1508159,15,33,,,,Amazônia,2.9
2b9ef785-cefe-3244-94af-cb21c28e889a,-2.91702,-54.09317,2026-10-03 04:38:00,NOAA-21,URUARÁ,PARÁ,Brasil,1508159,15,33,,,,Amazônia,2.4
1c7d37bf-d705-3b2d-b9aa-5df56a65d133,-2.15443,-47.74839,2026-10-03 04:38:00,NOAA-21,AURORA DO PARÁ,PARÁ,Brasil,1500958,15,33,,,,Amazônia,2.3
a3ca4ed6-fe50-30ec-830e-ef9c717bdd75,-2.86094,-51.02145,2026-10-03 04:38:00,NOAA-21,PORTEL,PARÁ,Brasil,1505809,15,33,,,,Amazônia,0.6
056409c5-749f-3ce2-add1-e0d76565b004,-3.1226,-53.75448,2026-10-03 04:38:00,NOAA-21,URUARÁ,PARÁ,Brasil,1508159,15,33,,,,Amazônia,3.1
72ce02d5-dc7a-3d7d-a64d-d36577e00d09,-5.18919,-39.74224,2026-10-03 04:38:00,NOAA-21,BOA VIAGEM,CEARÁ,Brasil,2302404,23,33,,,,Caatinga,2.0
26afa1bb-93d9-3509-85b6-3a29fd35e65f,1.73535,-50.80213,2026-10-03 04:38:00,NOAA-21,PRACUÚBA,AMAPÁ,Brasil,1600550,16,33,,,,Amazônia,2.4
25438ad0-b4b9-3759-a858-e95968c7f4da,1.79449,-55.59087,2026-10-03 04:38:00,NOAA-21,ÓBIDOS,PARÁ,Brasil,1505106,15,33,,,,Amazônia,4.0
4b173021-d26c-32e0-a050-3f89207cccbc,-3.1031,-51.28751,2026-10-03 04:38:00,NOAA-21,ANAPU,PARÁ,Brasil,1500859,15,33,,,,Amazônia,1.4
d74f6a67-b944-3bd3-9d56-3f0b950b2676,1.75027,-50.80404,2026-10-03 04:38:00,NOAA-21,PRACUÚBA,AMAPÁ,Brasil,1600550,16,33,,,,Amazônia,1.2
b2bd5987-188a-39e6-bdc3-54c4eb3e07cc,-2.89491,-54.15318,2026-10-03 04:38:00,NOAA-21,SANTARÉM,PARÁ,Brasil,1506807,15,33,,,,Amazônia,1.0
5bdebd19-4156-350c-9ee9-a08ca970f137,-3.13619,-53.74609,2026-10-03 04:38:00,NOAA-21,URUARÁ,PARÁ,Brasil,1508159,15,33,,,,Amazônia,1.4
5312eec2-5777-3910-932e-64c2cb509e6a,-3.22939,-54.30857,2026-10-03 04:38:00,NOAA-21,MOJUÍ DOS CAMPOS,PARÁ,Brasil,1504752,15,33,,,,Amazônia,2.5
6fc1160b-ebfd-3c85-8c32-a3ebe6d801d9,-2.89199,-54.11896,2026-10-03 04:38:00,NOAA-21,SANTARÉM,PARÁ,Brasil,1506807,15,33,,,,Amazônia,4.8
2ae788f3-f3f8-3ad0-8809-dcda5f6972b2,1.92069,-55.81223,2026-10-03 04:38:00,NOAA-21,ÓBIDOS,PARÁ,Brasil,1505106,15,33,,,,Amazônia,2.3
01cfe960-63b1-372d-bbb3-a8e3d6e28be3,-2.96938,-53.26203,2026-10-03 04:38:00,NOAA-21,MEDICILÂNDIA,PARÁ,Brasil,1504455,15,33,,,,Amazônia,2.1
74cf88f3-7d87-3b14-bde3-3d792b26b539,-3.16999,-54.0785,2026-10-03 04:38:00,NOAA-21,URUARÁ,PARÁ,Brasil,1508159,15,33,,,,Amazônia,1.7
540cb7f5-085e-3e47-97ef-7f92b57923b3,-2.25409,-51.92877,2026-10-03 04:38:00,NOAA-21,PORTEL,PARÁ,Brasil,1505809,15,33,,,,Amazônia,3.4
1d4107af-0873-3764-ac8c-6fa4b17ec58d,-1.22085,-54.53785,2026-10-03 04:38:00,NOAA-21,MONTE ALEGRE,PARÁ,Brasil,1504802,15,33,,,,Amazônia,4.9
bb5dba0a-10c8-34f7-8350-12c4c4a21e82,-2.89316,-54.13789,2026-10-03 04:38:00,NOAA-21,SANTARÉM,PARÁ,Brasil,1506807,15,33,,,,Amazônia,2.3
1c459271-2ce2-32d2-831d-64601eeb4430,-2.86438,-51.02198,2026-10-03 04:38:00,NOAA-21,PORTEL,PARÁ,Brasil,1505809,15,33,,,,Amazônia,1.6
5feb1388-851b-3d79-9bed-e54353237419,-2.15389,-47.75188,2026-10-03 04:38:00,NOAA-21,AURORA DO PARÁ,PARÁ,Brasil,1500958,15,33,,,,Amazônia,2.3
7801b02e-cc59-30f7-b3fc-e6eb9256ac84,-3.01064,-53.87529,2026-10-03 04:38:00,NOAA-21,URUARÁ,PARÁ,Brasil,1508159,15,33,,,,Amazônia,1.2
cbb550a0-c4cf-3cba-b435-893e53b85333,-3.28039,-53.82904,2026-10-03 04:38:00,NOAA-21,URUARÁ,PARÁ,Brasil,1508159,15,33,,,,Amazônia,0.7
f1c8f1a5-eb2e-38da-a720-8d7be120cf43,-2.91677,-46.72543,2026-10-03 04:38:00,NOAA-21,PARAGOMINAS,PARÁ,Brasil,1505502,15,33,,,,Amazônia,0.9
f278d147-88b6-39c4-b1f1-349f977ae63c,-2.82864,-46.7051,2026-10-03 04:38:00,NOAA-21,PARAGOMINAS,PARÁ,Brasil,1505502,15,33,,,,Amazônia,1.2
774c1ec5-8632-3297-9995-8e47564f3c21,-2.89257,-54.11532,2026-10-03 04:38:00,NOAA-21,SANTARÉM,PARÁ,Brasil,1506807,15,33,,,,Amazônia,2.4
3bf7e033-b23b-3c4d-9916-fc8b3979a649,-2.78138,-48.65899,2026-10-03 04:38:00,NOAA-21,TAILÂNDIA,PARÁ,Brasil,1507953,15,33,,,,Amazônia,2.1
310c49ab-5eb9-35ac-b065-a9d829e4ae53,-2.87284,-50.31677,2026-10-03 04:38:00,NOAA-21,PORTEL,PARÁ,Brasil,1505809,15,33,,,,Amazônia,1.2
2fb63280-1f8e-3263-87bc-add1ff0af9a5,-3.17866,-54.07636,2026-10-03 04:38:00,NOAA-21,URUARÁ,PARÁ,Brasil,1508159,15,33,,,,Amazônia,2.7
a2eee8a6-59f1-3228-aa0a-303ab121aaf0,-1.27235,-54.56238,2026-10-03 04:38:00,NOAA-21,MONTE ALEGRE,PARÁ,Brasil,1504802,15,33,,,,Amazônia,3.7
a168a429-576b-3f91-84e5-c1e86b092efb,-3.06551,-49.36847,2026-10-03 04:38:00,NOAA-21,MOJU,PARÁ,Brasil,1504703,15,33,,,,Amazônia,0.7
428910ed-d10d-317d-8cdd-9878ea9b3f43,-4.05683,-51.11993,2026-10-03 04:38:00,NOAA-21,PACAJÁ,PARÁ,Brasil,1505486,15,33,,,,Amazônia,1.5
8f47aad4-51da-3468-a186-aba1b2908453,-3.14127,-53.73988,2026-10-03 04:38:00,NOAA-21,URUARÁ,PARÁ,Brasil,1508159,15,33,,,,Amazônia,1.3
bf331950-6d64-30fa-a7c1-20ef4f046110,-0.36849,-52.02033,2026-10-03 04:38:00,NOAA-21,MAZAGÃO,AMAPÁ,Brasil,1600402,16,33,,,,Amazônia,5.2
8d8e689c-1ba2-355f-a908-b78016096f9f,-3.1265,-53.73053,2026-10-03 04:38:00,NOAA-21,URUARÁ,PARÁ,Brasil,1508159,15,33,,,,Amazônia,9.9
d4f3ff68-b793-3481-ae8d-b7b4c19526f4,-3.22468,-54.31165,2026-10-03 04:38:00,NOAA-21,MOJUÍ DOS CAMPOS,PARÁ,Brasil,1504752,15,33,,,,Amazônia,2.5
99a4c71f-f8e9-3986-b910-83cdbef4c44b,-4.05398,-51.11571,2026-10-03 04:38:00,NOAA-21,PACAJÁ,PARÁ,Brasil,1505486,15,33,,,,Amazônia,1.2
aaef03bd-dbb3-3465-aa5c-ef16d3900b14,-3.21213,-53.94721,2026-10-03 04:38:00,NOAA-21,URUARÁ,PARÁ,Brasil,1508159,15,33,,,,Amazônia,3.4
32a2218b-0813-3a28-94bc-b86de9297039,-3.1161,-50.2779,2026-10-03 04:38:00,NOAA-21,PORTEL,PARÁ,Brasil,1505809,15,33,,,,Amazônia,1.2
8df24ab8-f4d5-33d1-a9aa-6ba319b95e67,-3.12595,-53.73395,2026-10-03 04:38:00,NOAA-21,URUARÁ,PARÁ,Brasil,1508159,15,33,,,,Amazônia,9.9
1069b589-0a53-3339-927b-f6a599695755,-3.17057,-54.07491,2026-10-03 04:38:00,NOAA-21,URUARÁ,PARÁ,Brasil,1508159,15,33,,,,Amazônia,1.7
ba69a90b-3f18-35f4-ae94-62b8ce3a5962,-1.44513,-48.91279,2026-10-03 04:38:00,NOAA-21,PONTA DE PEDRAS,PARÁ,Brasil,1505700,15,33,,,,Amazônia,1.2
e493a8be-def6-3121-aebd-65a53cabbf8f,-1.41373,-48.89741,2026-10-03 04:38:00,NOAA-21,PONTA DE PEDRAS,PARÁ,Brasil,1505700,15,33,,,,Amazônia,2.0
3584b757-76c1-339d-9238-db65468784f5,-5.1897,-39.73866,2026-10-03 04:38:00,NOAA-21,BOA VIAGEM,CEARÁ,Brasil,2302404,23,33,,,,Caatinga,1.6
1fc27231-bc96-31bb-b9ba-cd5023a29f01,-3.09817,-51.09596,2026-10-03 04:38:00,NOAA-21,PORTEL,PARÁ,Brasil,1505809,15,33,,,,Amazônia,1.3
b6404a99-7927-3205-9bf4-4b1783a7ee79,-3.27167,-50.02718,2026-10-03 04:38:00,NOAA-21,PORTEL,PARÁ,Brasil,1505809,15,33,,,,Amazônia,0.8
d67a1a6d-e0a5-34ab-815e-714405955fdb,-2.93647,-54.10087,2026-10-03 04:38:00,NOAA-21,SANTARÉM,PARÁ,Brasil,1506807,15,33,,,,Amazônia,1.5
aae867b4-90f1-3161-8c80-8af2ed45af7c,-2.02407,-54.30762,2026-10-03 04:38:00,NOAA-21,MONTE ALEGRE,PARÁ,Brasil,1504802,15,33,,,,Amazônia,2.5
a3f7ab92-88f8-3739-8f06-6536837af4fc,-4.24201,-48.67685,2026-10-03 04:38:00,NOAA-21,RONDON DO PARÁ,PARÁ,Brasil,1506187,15,33,,,,Amazônia,2.1
11ed27af-ca00-358b-9d50-0c238999f8d6,-3.26584,-49.52324,2026-10-03 04:38:00,NOAA-21,BAIÃO,PARÁ,Brasil,1501204,15,33,,,,Amazônia,1.8
034f8d8d-27da-3438-a872-11d07935519d,-2.87229,-50.32034,2026-10-03 04:38:00,NOAA-21,PORTEL,PARÁ,Brasil,1505809,15,33,,,,Amazônia,1.2
2b5f4014-2f65-30b0-99e9-8ef8c442ff5a,-2.90718,-54.12884,2026-10-03 04:38:00,NOAA-21,SANTARÉM,PARÁ,Brasil,1506807,15,33,,,,Amazônia,2.6
3f638993-3c42-38ad-9a33-26be4bcf055d,-4.18813,-48.67197,2026-10-03 04:38:00,NOAA-21,RONDON DO PARÁ,PARÁ,Brasil,1506187,15,33,,,,Amazônia,1.5
b50ab78f-65e7-3303-aec1-57b69fd69248,0.62633,-54.40862,2026-10-03 04:38:00,NOAA-21,ALMEIRIM,PARÁ,Brasil,1500503,15,33,,,,Amazônia,1.8
ca065111-0135-397f-9e0a-0d6c3be5abab,-3.18329,-54.09905,2026-10-03 04:38:00,NOAA-21,URUARÁ,PARÁ,Brasil,1508159,15,33,,,,Amazônia,2.0
7d0d4eca-703c-3e03-902f-16e541e6a2f4,-0.36478,-52.01975,2026-10-03 04:38:00,NOAA-21,MAZAGÃO,AMAPÁ,Brasil,1600402,16,33,,,,Amazônia,5.2
1e482fcc-2c4d-3373-994b-4db878b36c78,-4.04779,-51.08826,2026-10-03 04:38:00,NOAA-21,PACAJÁ,PARÁ,Brasil,1505486,15,33,,,,Amazônia,1.7
e2c158ce-0b64-3ae5-8372-f5bcc83c7d78,-3.01119,-53.87184,2026-10-03 04:38:00,NOAA-21,URUARÁ,PARÁ,Brasil,1508159,15,33,,,,Amazônia,1.7
09f6af19-78ba-37fe-9a05-a26ce9aecb87,-2.97493,-54.09579,2026-10-03 04:38:00,NOAA-21,SANTARÉM,PARÁ,Brasil,1506807,15,33,,,,Amazônia,0.8
6606643d-0442-34b8-9cfe-377b44785d90,-3.12991,-53.73458,2026-10-03 04:38:00,NOAA-21,URUARÁ,PARÁ,Brasil,1508159,15,33,,,,Amazônia,9.9
5a596452-fd87-3406-b3dc-2abfb7a1d700,-4.18866,-48.66852,2026-10-03 04:38:00,NOAA-21,RONDON DO PARÁ,PARÁ,Brasil,1506187,15,33,,,,Amazônia,1.5
20ff2ebd-942c-3356-bf46-3d4926c40ddf,-3.71266,-50.65761,2026-10-03 04:38:00,NOAA-21,PACAJÁ,PARÁ,Brasil,1505486,15,33,,,,Amazônia,2.2
4afe1d46-23ba-3f46-af42-1a90885d391b,-1.15194,-48.9624,2026-10-03 04:38:00,NOAA-21,PONTA DE PEDRAS,PARÁ,Brasil,1505700,15,33,,,,Amazônia,1.3
615280d3-228f-3b7e-b671-7b5904a2f2bb,-2.92052,-54.09743,2026-10-03 04:38:00,NOAA-21,URUARÁ,PARÁ,Brasil,1508159,15,33,,,,Amazônia,2.4
e73820ee-9d07-30e1-9893-c4ed0854af96,-3.2288,-54.31229,2026-10-03 04:38:00,NOAA-21,MOJUÍ DOS CAMPOS,PARÁ,Brasil,1504752,15,33,,,,Amazônia,2.5
68db3c34-887d-3585-88f9-6458fcde76da,-1.0854,-54.1053,2026-10-03 04:38:00,NOAA-21,MONTE ALEGRE,PARÁ,Brasil,1504802,15,33,,,,Amazônia,2.8
2e8947bd-8492-37fe-9f97-b52ab588a44e,-4.29052,-48.56055,2026-10-03 04:38:00,NOAA-21,RONDON DO PARÁ,PARÁ,Brasil,1506187,15,33,,,,Amazônia,1.4
7acf59a9-645d-3419-a112-70189dfc24d5,-2.89139,-54.14893,2026-10-03 04:38:00,NOAA-21,SANTARÉM,PARÁ,Brasil,1506807,15,33,,,,Amazônia,1.0
778b24e1-3ead-364f-9219-ae109d457a32,1.78476,-55.59236,2026-10-03 04:38:00,NOAA-21,ÓBIDOS,PARÁ,Brasil,1505106,15,33,,,,Amazônia,2.5
0b11bc57-9d62-3c75-9829-b724002f8045,1.91562,-55.77859,2026-10-03 04:38:00,NOAA-21,ÓBIDOS,PARÁ,Brasil,1505106,15,33,,,,Amazônia,2.6
f168b668-737f-3aef-ba99-99c2b49ce95e,-3.17518,-54.09763,2026-10-03 04:38:00,NOAA-21,URUARÁ,PARÁ,Brasil,1508159,15,33,,,,Amazônia,0.9
8da23c3b-dde1-3242-aa1a-ee2f54cd0081,-1.73758,-57.17406,2026-10-03 04:38:00,NOAA-21,NHAMUNDÁ,AMAZONAS,Brasil,1303007,13,33,,,,Amazônia,2.6
99bb9aca-61c6-3b1a-977b-c0cc6eb8fc7a,-3.82013,-52.20467,2026-10-03 04:38:00,NOAA-21,SENADOR JOSÉ PORFÍRIO,PARÁ,Brasil,1507805,15,33,,,,Amazônia,1.0
187554f9-2843-3eff-b587-0275293b5575,-4.35817,-43.83072,2026-10-03 04:38:00,NOAA-21,CODÓ,MARANHÃO,Brasil,2103307,21,33,,,,Cerrado,1.0
6ef046b9-4acf-3a76-9891-4bd90ba987a8,-3.01987,-53.89463,2026-10-03 04:38:00,NOAA-21,URUARÁ,PARÁ,Brasil,1508159,15,33,,,,Amazônia,1.9
f7fddded-5f8c-31f9-a834-a66e95127846,-2.57049,-54.74556,2026-10-03 04:38:00,NOAA-21,SANTARÉM,PARÁ,Brasil,1506807,15,33,,,,Amazônia,2.5
878b82c1-e83a-3b63-9e4e-ac0f3a55f9e1,-2.17848,-49.77322,2026-10-03 04:38:00,NOAA-21,CAMETÁ,PARÁ,Brasil,1502103,15,33,,,,Amazônia,3.2
e57d8376-36cf-3b0d-8b73-53bc3963f883,-3.17924,-54.0983,2026-10-03 04:38:00,NOAA-21,URUARÁ,PARÁ,Brasil,1508159,15,33,,,,Amazônia,0.9
fbe15a57-4aa5-33e1-a9d3-8a80e969fde9,-3.00662,-53.87465,2026-10-03 04:38:00,NOAA-21,URUARÁ,PARÁ,Brasil,1508159,15,33,,,,Amazônia,0.9
0870f694-e7b8-3a09-a5b6-04f6e454915a,-4.45676,-47.9234,2026-10-03 04:38:00,NOAA-21,DOM ELISEU,PARÁ,Brasil,1502939,15,33,,,,Amazônia,13.7
80c3bae1-7e9c-39d3-baa8-6b16d98e0836,-3.28893,-53.82668,2026-10-03 04:38:00,NOAA-21,URUARÁ,PARÁ,Brasil,1508159,15,33,,,,Amazônia,4.2
83fe0589-2e62-32fe-b336-a1513cab3f95,-1.68851,-48.2035,2026-10-03 04:38:00,NOAA-21,BUJARU,PARÁ,Brasil,1501907,15,33,,,,Amazônia,1.6
16732c76-d94e-325e-b3cd-7da3b313a0eb,-3.32217,-54.17024,2026-10-03 04:38:00,NOAA-21,URUARÁ,PARÁ,Brasil,1508159,15,33,,,,Amazônia,1.2
0e22f4d0-192d-3fb4-b791-37d8607d8c98,-3.55649,-52.25172,2026-10-03 04:38:00,NOAA-21,ALTAMIRA,PARÁ,Brasil,1500602,15,33,,,,Amazônia,0.8
346c789a-7e66-3043-a89a-018dc37b6892,-3.12936,-53.738,2026-10-03 04:38:00,NOAA-21,URUARÁ,PARÁ,Brasil,1508159,15,33,,,,Amazônia,4.8
ff86f02a-5e9b-3fd4-ac37-bfa928d732db,-3.28439,-53.82957,2026-10-03 04:38:00,NOAA-21,URUARÁ,PARÁ,Brasil,1508159,15,33,,,,Amazônia,4.2
044437c8-321e-39ce-8aa3-647f1d5e0694,-3.1037,-51.2837,2026-10-03 04:38:00,NOAA-21,ANAPU,PARÁ,Brasil,1500859,15,33,,,,Amazônia,1.4
61b4080b-32c5-3743-90fd-45cb29b9e24b,-0.90794,-47.90889,2026-10-03 04:38:00,NOAA-21,CURUÇÁ,PARÁ,Brasil,1502905,15,33,,,,Amazônia,1.4
5ecdf0b3-63e8-3b12-94c9-c78a51eb27b1,-3.12198,-53.73332,2026-10-03 04:38:00,NOAA-21,URUARÁ,PARÁ,Brasil,1508159,15,33,,,,Amazônia,3.4
c852efd0-1192-3b5f-8025-6189cbf73b0e,-2.98479,-53.26468,2026-10-03 04:38:00,NOAA-21,MEDICILÂNDIA,PARÁ,Brasil,1504455,15,33,,,,Amazônia,1.0
9ed64ef1-834a-33e3-b540-0395e5eb70fb,-3.12427,-53.74422,2026-10-03 04:38:00,NOAA-21,URUARÁ,PARÁ,Brasil,1508159,15,33,,,,Amazônia,4.2
a47a6580-4dc9-3384-9374-e4e8448cf0ce,-3.05635,-54.1605,2026-10-03 04:38:00,NOAA-21,SANTARÉM,PARÁ,Brasil,1506807,15,33,,,,Amazônia,1.7
16da5558-9fa4-35fb-93e6-8ffed7775148,-3.22404,-54.30846,2026-10-03 04:38:00,NOAA-21,MOJUÍ DOS CAMPOS,PARÁ,Brasil,1504752,15,33,,,,Amazônia,2.4
c22c7b94-21fc-306d-bf50-6bfe89aa721b,-1.08312,-54.11348,2026-10-03 04:38:00,NOAA-21,MONTE ALEGRE,PARÁ,Brasil,1504802,15,33,,,,Amazônia,1.8
e887a370-7d14-319e-ac66-a4a3e3010bc3,-3.12539,-53.73737,2026-10-03 04:38:00,NOAA-21,URUARÁ,PARÁ,Brasil,1508159,15,33,,,,Amazônia,4.8
1ec7daa8-2485-311a-913d-c454bc29308c,-3.51351,-54.60514,2026-10-03 04:38:00,NOAA-21,PLACAS,PARÁ,Brasil,1505650,15,33,,,,Amazônia,1.3
7c9309be-f719-3a9f-8fdf-fe45f6b35fcb,-3.13444,-53.73179,2026-10-03 04:38:00,NOAA-21,URUARÁ,PARÁ,Brasil,1508159,15,33,,,,Amazônia,4.6
02167b75-a109-3a4a-8767-6212466ef8b7,-3.77003,-51.86061,2026-10-03 04:38:00,NOAA-21,SENADOR JOSÉ PORFÍRIO,PARÁ,Brasil,1507805,15,33,,,,Amazônia,0.8
27c14214-5f0d-363b-8088-96dfad4ef351,-2.04909,-56.86798,2026-10-03 04:38:00,NOAA-21,NHAMUNDÁ,AMAZONAS,Brasil,1303007,13,33,,,,Amazônia,0.8
3290da5e-135d-35bf-a752-f4856d167248,-2.89257,-54.14157,2026-10-03 04:38:00,NOAA-21,SANTARÉM,PARÁ,Brasil,1506807,15,33,,,,Amazônia,2.3
f0dc8c6b-f747-3461-94ff-09bb1ba7bf57,-3.28784,-53.83358,2026-10-03 04:38:00,NOAA-21,URUARÁ,PARÁ,Brasil,1508159,15,33,,,,Amazônia,2.3
dc086b4b-10b9-330a-a706-533cb1a1aa7a,-0.49948,-49.10785,2026-10-03 04:38:00,NOAA-21,CACHOEIRA DO ARARI,PARÁ,Brasil,1502004,15,33,,,,Amazônia,1.2
e0d2f53a-ac1a-3c02-9569-8df7397f0afb,-2.88788,-54.14465,2026-10-03 04:38:00,NOAA-21,SANTARÉM,PARÁ,Brasil,1506807,15,33,,,,Amazônia,6.2
97f4cf2b-e358-3e88-a034-4ad625e7e290,-1.10563,-54.14,2026-10-03 04:38:00,NOAA-21,MONTE ALEGRE,PARÁ,Brasil,1504802,15,33,,,,Amazônia,1.6
93615d3c-af97-317f-969c-81816e8f14c0,2.35064,-50.75189,2026-10-03 04:38:00,NOAA-21,CALÇOENE,AMAPÁ,Brasil,1600204,16,33,,,,Amazônia,3.2
63de41f6-3f90-30e7-9cf0-e9d1d441d347,-4.18482,-48.67145,2026-10-03 04:38:00,NOAA-21,RONDON DO PARÁ,PARÁ,Brasil,1506187,15,33,,,,Amazônia,1.5
94176db6-4c39-3fba-9e98-89562c033bbe,-3.92136,-45.78051,2026-10-03 04:38:00,NOAA-21,SANTA LUZIA,MARANHÃO,Brasil,2110005,21,33,,,,Amazônia,1.3
eba2b697-5e3a-3e21-abe3-446989ce664b,-2.27943,-45.24574,2026-10-03 04:38:00,NOAA-21,SANTA HELENA,MARANHÃO,Brasil,2109809,21,33,,,,Amazônia,3.3
7fd1d224-deff-3972-87ad-c0a5c68c747c,-2.56827,-49.11033,2026-10-03 04:38:00,NOAA-21,MOJU,PARÁ,Brasil,1504703,15,33,,,,Amazônia,1.6
d07f58b8-d5aa-325b-9525-316142263ecf,-3.43718,-50.66298,2026-10-03 04:38:00,NOAA-21,PORTEL,PARÁ,Brasil,1505809,15,33,,,,Amazônia,0.8
da601685-f896-355e-bddc-6e24c19029fb,-3.21137,-50.91433,2026-10-03 04:38:00,NOAA-21,PORTEL,PARÁ,Brasil,1505809,15,33,,,,Amazônia,1.0
550e9116-7992-39c1-8301-5f9eec70c42f,-2.95751,-54.07451,2026-10-03 04:38:00,NOAA-21,URUARÁ,PARÁ,Brasil,1508159,15,33,,,,Amazônia,2.0
bc9879d0-d19a-3d31-a2da-47dc708273f6,-3.35066,-43.38313,2026-10-03 04:38:00,NOAA-21,URBANO SANTOS,MARANHÃO,Brasil,2112605,21,33,,,,Cerrado,1.9
afb0afac-581e-387f-b0af-00b2cff3149c,-3.11553,-50.28146,2026-10-03 04:38:00,NOAA-21,PORTEL,PARÁ,Brasil,1505809,15,33,,,,Amazônia,1.4
5b3016c6-02e6-346b-bf5f-e06a9c8f0cba,-3.42059,-48.33625,2026-10-03 04:38:00,NOAA-21,PARAGOMINAS,PARÁ,Brasil,1505502,15,33,,,,Amazônia,2.9
59e74777-ad88-39f6-acdd-b7f72431268e,-2.78468,-48.6595,2026-10-03 04:38:00,NOAA-21,TAILÂNDIA,PARÁ,Brasil,1507953,15,33,,,,Amazônia,0.9
81be2518-257e-3e85-8ac9-4ab90d1130b7,-3.13841,-53.73242,2026-10-03 04:38:00,NOAA-21,URUARÁ,PARÁ,Brasil,1508159,15,33,,,,Amazônia,4.6
85da1466-bb29-35a9-a335-b336a40724cc,-3.10769,-50.28755,2026-10-03 04:38:00,NOAA-21,PORTEL,PARÁ,Brasil,1505809,15,33,,,,Amazônia,2.1
f69755c9-7de3-36eb-83d4-a1bf6a77784b,-3.21537,-50.91115,2026-10-03 04:38:00,NOAA-21,PORTEL,PARÁ,Brasil,1505809,15,33,,,,Amazônia,0.9
6cdc41d9-3c44-3be5-b1ed-bad038b8fa54,-2.24981,-51.93237,2026-10-03 04:38:00,NOAA-21,PORTEL,PARÁ,Brasil,1505809,15,33,,,,Amazônia,1.5
d692a839-75e3-35d9-900d-e11f611e733e,-4.60603,-46.78409,2026-10-03 04:38:00,NOAA-21,BOM JESUS DAS SELVAS,MARANHÃO,Brasil,2102036,21,33,,,,Amazônia,1.2
4af1cbeb-8207-3c21-a131-0c18e531cf15,-2.18957,-46.57153,2026-10-03 04:38:00,NOAA-21,CACHOEIRA DO PIRIÁ,PARÁ,Brasil,1501956,15,33,,,,Amazônia,0.8
5ebb122c-2133-3674-8170-f52ee8da3c8d,-2.25343,-51.93294,2026-10-03 04:38:00,NOAA-21,PORTEL,PARÁ,Brasil,1505809,15,33,,,,Amazônia,1.5
fed63680-6eb5-398e-8b08-164eb01dbcd3,-4.45359,-47.92688,2026-10-03 04:38:00,NOAA-21,DOM ELISEU,PARÁ,Brasil,1502939,15,33,,,,Amazônia,4.9
2c4b68e7-6af8-3bc4-a4b8-221aebdd3e6c,-3.50384,-53.20557,2026-10-03 04:38:00,NOAA-21,MEDICILÂNDIA,PARÁ,Brasil,1504455,15,33,,,,Amazônia,1.7
8006ff24-d929-3542-bcd4-0a771f15c61c,-1.18782,-49.2969,2026-10-03 04:38:00,NOAA-21,MUANÁ,PARÁ,Brasil,1504901,15,33,,,,Amazônia,4.0
8144be17-5211-3ac9-b327-1e4102d9531b,-2.91068,-54.13315,2026-10-03 04:38:00,NOAA-21,SANTARÉM,PARÁ,Brasil,1506807,15,33,,,,Amazônia,2.1
7795d899-214c-347f-858d-331d65ba8a1b,-2.86153,-51.01771,2026-10-03 04:38:00,NOAA-21,PORTEL,PARÁ,Brasil,1505809,15,33,,,,Amazônia,1.2
38c57422-a03e-3193-b8a7-0d43a15683b4,-0.40811,-51.98577,2026-10-03 04:38:00,NOAA-21,MAZAGÃO,AMAPÁ,Brasil,1600402,16,33,,,,Amazônia,1.4
cfd9cb20-6f4f-3fc6-907e-a529b16899e4,-2.8914,-45.40846,2026-10-03 04:38:00,NOAA-21,PEDRO DO ROSÁRIO,MARANHÃO,Brasil,2108256,21,33,,,,Amazônia,2.6
4b08f5ff-174a-3735-9eb4-44604e5eac15,-3.2833,-53.83643,2026-10-03 04:38:00,NOAA-21,URUARÁ,PARÁ,Brasil,1508159,15,33,,,,Amazônia,2.3
b93de069-a3db-3c8a-a40a-f104c730e528,-2.9246,-54.09807,2026-10-03 04:38:00,NOAA-21,URUARÁ,PARÁ,Brasil,1508159,15,33,,,,Amazônia,2.7
be65ff42-f6c0-39a9-9727-0c43667426f0,-1.44567,-48.90936,2026-10-03 04:38:00,NOAA-21,PONTA DE PEDRAS,PARÁ,Brasil,1505700,15,33,,,,Amazônia,0.9
0018baeb-e338-36a4-a2f5-083c7a049445,-3.70928,-50.65708,2026-10-03 04:38:00,NOAA-21,PACAJÁ,PARÁ,Brasil,1505486,15,33,,,,Amazônia,2.2
e7b38838-4244-37f9-b402-87b844c3d90d,-3.29019,-53.84459,2026-10-03 04:38:00,NOAA-21,URUARÁ,PARÁ,Brasil,1508159,15,33,,,,Amazônia,0.8
ead9999e-49b1-32d9-94f5-b5b942c6a33e,-3.10441,-50.29437,2026-10-03 04:38:00,NOAA-21,PORTEL,PARÁ,Brasil,1505809,15,33,,,,Amazônia,1.4
54012724-f1d6-3ff9-9992-efb3385b0368,-3.29074,-53.84112,2026-10-03 04:38:00,NOAA-21,URUARÁ,PARÁ,Brasil,1508159,15,33,,,,Amazônia,0.8
62558039-50b8-35bf-a496-da21d0056957,-3.11974,-53.74702,2026-10-03 04:38:00,NOAA-21,URUARÁ,PARÁ,Brasil,1508159,15,33,,,,Amazônia,11.4
63277c63-7c76-3c8f-a807-12e4ba0446b3,-3.32405,-51.67588,2026-10-03 04:38:00,NOAA-21,ANAPU,PARÁ,Brasil,1500859,15,33,,,,Amazônia,1.6
1ed24281-2089-3bdd-b4e0-6e34c6b8ea77,-2.99943,-54.23072,2026-10-03 04:38:00,NOAA-21,SANTARÉM,PARÁ,Brasil,1506807,15,33,,,,Amazônia,1.8
7d9537fe-274e-35a9-a02f-1a1766e8529c,-4.45731,-47.91985,2026-10-03 04:38:00,NOAA-21,DOM ELISEU,PARÁ,Brasil,1502939,15,33,,,,Amazônia,1.0
9ad31c11-d8d5-3485-9d25-cd969028d28c,0.69802,-51.43326,2026-10-03 04:38:00,NOAA-21,PORTO GRANDE,AMAPÁ,Brasil,1600535,16,33,,,,Amazônia,1.8
08c49d4b-49ae-3b3b-8412-d9bae8855366,-3.22527,-54.30797,2026-10-03 04:38:00,NOAA-21,MOJUÍ DOS CAMPOS,PARÁ,Brasil,1504752,15,33,,,,Amazônia,2.5
c7f7ff14-911a-3939-9fdc-e9adac60496c,-2.60621,-48.25548,2026-10-03 04:38:00,NOAA-21,TOMÉ-AÇU,PARÁ,Brasil,1508001,15,33,,,,Amazônia,2.7
2aa4c7f6-1835-3d90-894b-0fcb73b6cf6d,-2.57832,-50.00137,2026-10-03 04:38:00,NOAA-21,BAGRE,PARÁ,Brasil,1501105,15,33,,,,Amazônia,1.1
107ea78e-fc5e-3537-9056-5f784f94887a,0.62259,-54.41357,2026-10-03 04:38:00,NOAA-21,ALMEIRIM,PARÁ,Brasil,1500503,15,33,,,,Amazônia,1.2
3c485d14-c02b-3904-aeb4-af1389394eb7,-2.88044,-51.03214,2026-10-03 04:38:00,NOAA-21,PORTEL,PARÁ,Brasil,1505809,15,33,,,,Amazônia,0.9
e1bac683-238f-3645-8738-202581422583,-1.08416,-54.11296,2026-10-03 04:38:00,NOAA-21,MONTE ALEGRE,PARÁ,Brasil,1504802,15,33,,,,Amazônia,1.6
92effc78-9489-3342-ba84-b0da480c09b5,-3.12769,-53.74827,2026-10-03 04:38:00,NOAA-21,URUARÁ,PARÁ,Brasil,1508159,15,33,,,,Amazônia,4.2
56721a8d-4549-34fc-95ec-7fc79cd93dbc,1.79854,-55.58481,2026-10-03 04:38:00,NOAA-21,ÓBIDOS,PARÁ,Brasil,1505106,15,33,,,,Amazônia,2.8
bcda2bc6-6bc8-3529-8b3a-b40be147d43f,-2.28991,-47.88377,2026-10-03 04:38:00,NOAA-21,AURORA DO PARÁ,PARÁ,Brasil,1500958,15,33,,,,Amazônia,1.6
a37394ed-8b3a-3dfb-b938-88ec3117271a,-2.92673,-50.42491,2026-10-03 04:38:00,NOAA-21,PORTEL,PARÁ,Brasil,1505809,15,33,,,,Amazônia,0.8
e8728d0d-dcb0-38ae-87b3-ca2f40f4257a,-2.89836,-54.07908,2026-10-03 04:38:00,NOAA-21,URUARÁ,PARÁ,Brasil,1508159,15,33,,,,Amazônia,0.7
87fe6173-9117-3b8c-9319-f0669a1c18a8,-4.06146,-51.09042,2026-10-03 04:38:00,NOAA-21,PACAJÁ,PARÁ,Brasil,1505486,15,33,,,,Amazônia,1.1
187d0035-20df-34a8-a1be-82184e6d518e,-2.98014,-53.26889,2026-10-03 04:38:00,NOAA-21,MEDICILÂNDIA,PARÁ,Brasil,1504455,15,33,,,,Amazônia,2.3
64769588-02a3-39d4-a7e0-1117af3a093d,-1.14585,-54.15816,2026-10-03 04:38:00,NOAA-21,MONTE ALEGRE,PARÁ,Brasil,1504802,15,33,,,,Amazônia,2.1
21815101-44da-37d8-b984-72a4f05fe31f,-3.18733,-54.09982,2026-10-03 04:38:00,NOAA-21,URUARÁ,PARÁ,Brasil,1508159,15,33,,,,Amazônia,2.0
2e5bcb33-4281-3d4f-9052-b8d7dd7d4765,0.98719,-50.01268,2026-10-03 04:38:00,NOAA-21,MACAPÁ,AMAPÁ,Brasil,1600303,16,33,,,,Amazônia,1.3
bdda4502-eb00-3293-b00e-2a8c008008a8,-4.27824,-47.02,2026-10-03 04:38:00,NOAA-21,BOM JARDIM,MARANHÃO,Brasil,2102002,21,33,,,,Amazônia,1.5
5d2f9572-686f-3ed4-9093-2ba4ef3bb276,-3.01585,-53.89399,2026-10-03 04:38:00,NOAA-21,URUARÁ,PARÁ,Brasil,1508159,15,33,,,,Amazônia,1.9
70421f1f-f2ef-3764-86d6-bf7c18830953,-1.7664,-55.02971,2026-10-03 04:38:00,NOAA-21,ALENQUER,PARÁ,Brasil,1500404,15,33,,,,Amazônia,1.8
c6f21739-984a-3acd-a73b-1b65ecc33201,-4.9084,-45.70997,2026-10-03 04:38:00,NOAA-21,ARAME,MARANHÃO,Brasil,2100956,21,33,,,,Amazônia,1.3
2e2eabb6-08ce-31e4-a374-3785085e8715,-2.93217,-54.15245,2026-10-03 04:38:00,NOAA-21,SANTARÉM,PARÁ,Brasil,1506807,15,33,,,,Amazônia,3.2
1cff4938-65d9-36cf-835c-116289b1c008,-4.98439,-44.88468,2026-10-03 04:38:00,NOAA-21,JOSELÂNDIA,MARANHÃO,Brasil,2105609,21,33,,,,Cerrado,1.4
de712d8a-e7bd-3b84-9937-3a261a961f65,-3.0759,-51.27944,2026-10-03 04:38:00,NOAA-21,ANAPU,PARÁ,Brasil,1500859,15,33,,,,Amazônia,1.4
c759b455-18cb-3fe5-a564-b7c98129f2b4,-3.12215,-48.67718,2026-10-03 04:38:00,NOAA-21,TAILÂNDIA,PARÁ,Brasil,1507953,15,33,,,,Amazônia,2.8
1d7a5ed4-a62e-3c06-8a35-d6fcc9f35653,-3.1144,-50.28859,2026-10-03 04:38:00,NOAA-21,PORTEL,PARÁ,Brasil,1505809,15,33,,,,Amazônia,1.4
a3409603-c6a6-3403-8054-ac6ee85842df,-2.71751,-54.5043,2026-10-03 04:38:00,NOAA-21,SANTARÉM,PARÁ,Brasil,1506807,15,33,,,,Amazônia,2.5
2266bd55-5d5d-305d-ad5b-e5b535fd264d,1.74249,-50.80105,2026-10-03 04:38:00,NOAA-21,PRACUÚBA,AMAPÁ,Brasil,1600550,16,33,,,,Amazônia,2.9
1d2baf12-ff56-39b8-9b1f-a84f85470f19,-3.12086,-53.74016,2026-10-03 04:38:00,NOAA-21,URUARÁ,PARÁ,Brasil,1508159,15,33,,,,Amazônia,13.4
b8b44539-516e-302c-921f-f1ac61a0bd33,-2.89205,-45.40416,2026-10-03 04:38:00,NOAA-21,PEDRO DO ROSÁRIO,MARANHÃO,Brasil,2108256,21,33,,,,Amazônia,2.6
c417dea1-ed8f-34cd-909d-eaa796f358ce,-3.02043,-53.89114,2026-10-03 04:38:00,NOAA-21,URUARÁ,PARÁ,Brasil,1508159,15,33,,,,Amazônia,1.9
c6de294c-d3cd-3178-aee8-5bc773bcbe09,-1.64415,-55.14677,2026-10-03 04:38:00,NOAA-21,CURUÁ,PARÁ,Brasil,1502855,15,33,,,,Amazônia,1.2
433866fa-59a6-3c8e-9a78-bcbb3b87baa8,-4.73485,-43.26646,2026-10-03 04:38:00,NOAA-21,CAXIAS,MARANHÃO,Brasil,2103000,21,33,,,,Cerrado,3.9
16f14220-2057-3f1a-984f-338ee1a645ee,-3.03015,-48.4167,2026-10-03 04:38:00,NOAA-21,TOMÉ-AÇU,PARÁ,Brasil,1508001,15,33,,,,Amazônia,1.5
01bdb6d5-2f71-3d7d-b1da-9a1a757e01c0,-4.35407,-43.83006,2026-10-03 04:38:00,NOAA-21,CODÓ,MARANHÃO,Brasil,2103307,21,33,,,,Cerrado,1.0
023e52d8-4fdd-3c37-abf9-00aa80c00015,-3.13166,-53.74889,2026-10-03 04:38:00,NOAA-21,URUARÁ,PARÁ,Brasil,1508159,15,33,,,,Amazônia,1.4
883baf84-be84-3f04-a4aa-2cabbdc2a531,-3.87745,-51.89283,2026-10-03 04:38:00,NOAA-21,SENADOR JOSÉ PORFÍRIO,PARÁ,Brasil,1507805,15,33,,,,Amazônia,1.3
ec96f06e-2613-3e38-9c88-d5f5ffed91c3,-3.13222,-53.74547,2026-10-03 04:38:00,NOAA-21,URUARÁ,PARÁ,Brasil,1508159,15,33,,,,Amazônia,1.4
6ee81ef0-8134-3eef-b23c-147e612fe8b4,-3.13961,-53.75015,2026-10-03 04:38:00,NOAA-21,URUARÁ,PARÁ,Brasil,1508159,15,33,,,,Amazônia,1.2
309d2876-efc0-3f10-b733-eead7f8a6cd7,0.62193,-54.40928,2026-10-03 04:38:00,NOAA-21,ALMEIRIM,PARÁ,Brasil,1500503,15,33,,,,Amazônia,1.8
6c491281-5088-3d7c-8986-9fca50173123,-3.08098,-54.40062,2026-10-03 04:38:00,NOAA-21,MOJUÍ DOS CAMPOS,PARÁ,Brasil,1504752,15,33,,,,Amazônia,1.0
3206460e-d694-33be-b7d2-db7d898035ed,-2.91409,-54.0853,2026-10-03 04:38:00,NOAA-21,URUARÁ,PARÁ,Brasil,1508159,15,33,,,,Amazônia,2.4
c79fb252-a824-31f2-9122-e7571202593c,-2.96207,-51.51217,2026-10-03 04:38:00,NOAA-21,ANAPU,PARÁ,Brasil,1500859,15,33,,,,Amazônia,1.1
706e337f-5b84-3d18-939f-4401514f84bd,-3.29363,-53.84866,2026-10-03 04:38:00,NOAA-21,URUARÁ,PARÁ,Brasil,1508159,15,33,,,,Amazônia,2.0
0d7d735c-6034-3d1c-aca4-4fa8f426529d,-2.984,-53.26953,2026-10-03 04:38:00,NOAA-21,MEDICILÂNDIA,PARÁ,Brasil,1504455,15,33,,,,Amazônia,1.5
246f1927-5677-3b3c-b6a1-1d273248bdc6,-3.12253,-53.7299,2026-10-03 04:38:00,NOAA-21,URUARÁ,PARÁ,Brasil,1508159,15,33,,,,Amazônia,3.4
05449ba6-d955-3d16-8176-22ca5d6ba9c4,0.60139,-51.56059,2026-10-03 04:38:00,NOAA-21,PORTO GRANDE,AMAPÁ,Brasil,1600535,16,33,,,,Amazônia,1.9
47476213-6ea0-3dd3-8224-4815b12b4050,-3.88099,-51.89338,2026-10-03 04:38:00,NOAA-21,SENADOR JOSÉ PORFÍRIO,PARÁ,Brasil,1507805,15,33,,,,Amazônia,1.0
7a4d5094-0a1c-3cae-8b88-aa2fef569033,-3.01131,-41.14256,2026-10-03 04:38:00,NOAA-21,BARROQUINHA,CEARÁ,Brasil,2302057,23,33,,,,Caatinga,6.5
8ca1e185-7e4a-3529-a7b6-38c9ff2e4f0a,-1.08012,-54.10512,2026-10-03 04:38:00,NOAA-21,MONTE ALEGRE,PARÁ,Brasil,1504802,15,33,,,,Amazônia,2.8
7dce3f4f-6685-334b-9b4a-7deaf3632f30,-1.99354,-49.65075,2026-10-03 04:38:00,NOAA-21,LIMOEIRO DO AJURU,PARÁ,Brasil,1504000,15,33,,,,Amazônia,0.8
db49929a-1c6d-3247-a2a8-2d95224ab12a,-3.12483,-53.74079,2026-10-03 04:38:00,NOAA-21,URUARÁ,PARÁ,Brasil,1508159,15,33,,,,Amazônia,4.8
aef18d0c-93fa-30bb-83ba-6ecb5c9f976b,-3.27931,-53.83585,2026-10-03 04:38:00,NOAA-21,URUARÁ,PARÁ,Brasil,1508159,15,33,,,,Amazônia,0.9
052a269d-d04e-366c-9884-26dce0de2941,-3.41156,-52.83363,2026-10-03 04:38:00,NOAA-21,MEDICILÂNDIA,PARÁ,Brasil,1504455,15,33,,,,Amazônia,5.3
f12c1253-2bed-3bd1-8b99-a61e1795636b,-2.48575,-56.09622,2026-10-03 04:38:00,NOAA-21,JURUTI,PARÁ,Brasil,1503903,15,33,,,,Amazônia,2.2
a658297b-7e72-3ea8-882d-6b0387587860,-2.1757,-49.7692,2026-10-03 04:38:00,NOAA-21,CAMETÁ,PARÁ,Brasil,1502103,15,33,,,,Amazônia,1.2
f89cf551-cf87-3a8a-b871-16bec771d2d2,-2.96678,-54.09451,2026-10-03 04:38:00,NOAA-21,SANTARÉM,PARÁ,Brasil,1506807,15,33,,,,Amazônia,2.0
7487616f-bc20-3ead-958f-ab181851332c,-2.04954,-56.86514,2026-10-03 04:38:00,NOAA-21,NHAMUNDÁ,AMAZONAS,Brasil,1303007,13,33,,,,Amazônia,0.8
57a06a9e-6868-3982-a819-3511c2763ad4,-1.08791,-54.11034,2026-10-03 04:38:00,NOAA-21,MONTE ALEGRE,PARÁ,Brasil,1504802,15,33,,,,Amazônia,1.3
b1a18ec1-2cab-399b-b4ad-e69286527ea6,-3.10552,-50.28725,2026-10-03 04:38:00,NOAA-21,PORTEL,PARÁ,Brasil,1505809,15,33,,,,Amazônia,2.1
6ff0522c-9511-3c34-bb29-6c978b4470ff,-3.29527,-53.83828,2026-10-03 04:38:00,NOAA-21,URUARÁ,PARÁ,Brasil,1508159,15,33,,,,Amazônia,1.1
a0db5a4a-c502-3245-8202-3a0e3e1c6c33,-2.87117,-50.3275,2026-10-03 04:38:00,NOAA-21,PORTEL,PARÁ,Brasil,1505809,15,33,,,,Amazônia,1.2
f9205f03-5ee6-3138-8a45-4f403761506d,-3.15816,-48.73261,2026-10-03 04:38:00,NOAA-21,TAILÂNDIA,PARÁ,Brasil,1507953,15,33,,,,Amazônia,2.7
3e05cc9a-a91b-3b7f-a056-34b51edb8686,-3.40134,-54.06867,2026-10-03 04:38:00,NOAA-21,URUARÁ,PARÁ,Brasil,1508159,15,33,,,,Amazônia,0.9
3d0c2514-858d-36bf-af3d-e57e806e10fc,-3.10825,-50.28399,2026-10-03 04:38:00,NOAA-21,PORTEL,PARÁ,Brasil,1505809,15,33,,,,Amazônia,0.8
f9129f68-3e89-355f-b3ec-abe64fb4671f,-3.10542,-50.30182,2026-10-03 04:38:00,NOAA-21,PORTEL,PARÁ,Brasil,1505809,15,33,,,,Amazônia,1.2
5708d782-9f0f-33dd-b15b-f3dc8c6fa041,-4.04837,-51.08452,2026-10-03 04:38:00,NOAA-21,PACAJÁ,PARÁ,Brasil,1505486,15,33,,,,Amazônia,1.0
ec3748db-71fc-36ec-8fe5-8d9c30cb3f12,-1.26869,-54.55761,2026-10-03 04:38:00,NOAA-21,MONTE ALEGRE,PARÁ,Brasil,1504802,15,33,,,,Amazônia,2.8
ff18b0e7-13d2-3be8-9395-5afab32b2850,-3.14072,-53.74331,2026-10-03 04:38:00,NOAA-21,URUARÁ,PARÁ,Brasil,1508159,15,33,,,,Amazônia,1.3
4dc0e855-506a-3c02-a0a5-421dcc932a70,-3.00606,-53.87813,2026-10-03 04:38:00,NOAA-21,URUARÁ,PARÁ,Brasil,1508159,15,33,,,,Amazônia,0.9
1f1a40e4-816f-319e-a5d2-da699ce12b60,-3.01698,-53.887,2026-10-03 04:38:00,NOAA-21,URUARÁ,PARÁ,Brasil,1508159,15,33,,,,Amazônia,2.1
811e7313-52c4-38cc-a6d2-c3387aebc4c0,-1.27667,-54.56303,2026-10-03 04:38:00,NOAA-21,MONTE ALEGRE,PARÁ,Brasil,1504802,15,33,,,,Amazônia,3.7
32572822-3d73-3be1-bc04-50c96e1a60e6,-2.88103,-51.02837,2026-10-03 04:38:00,NOAA-21,PORTEL,PARÁ,Brasil,1505809,15,33,,,,Amazônia,2.0
d1077798-4ebb-3477-aa63-0f54ddbdc4d8,-2.93097,-54.15974,2026-10-03 04:38:00,NOAA-21,SANTARÉM,PARÁ,Brasil,1506807,15,33,,,,Amazônia,1.7
7916730b-79f1-3e46-b2d7-8775e4405bff,-2.97027,-54.09877,2026-10-03 04:38:00,NOAA-21,SANTARÉM,PARÁ,Brasil,1506807,15,33,,,,Amazônia,2.0
8a63c87f-9aed-33fc-95fc-833bcdf1c6e4,-0.24582,-48.48992,2026-10-03 04:38:00,NOAA-21,SOURE,PARÁ,Brasil,1507904,15,33,,,,Amazônia,2.2
8a825c02-ab4c-3861-8eda-62947dbb287d,-2.95856,-51.51162,2026-10-03 04:38:00,NOAA-21,ANAPU,PARÁ,Brasil,1500859,15,33,,,,Amazônia,1.0
1b054ac8-532f-3bbb-8dfb-d45a396d9e20,-3.12713,-53.75169,2026-10-03 04:38:00,NOAA-21,URUARÁ,PARÁ,Brasil,1508159,15,33,,,,Amazônia,3.1
4b026ae5-dd44-3ebd-9d32-63459847e906,-1.63968,-55.14609,2026-10-03 04:38:00,NOAA-21,CURUÁ,PARÁ,Brasil,1502855,15,33,,,,Amazônia,1.2
0ffb5b42-3c7c-3436-b88c-ec465ad50c5c,-3.07304,-51.27506,2026-10-03 04:38:00,NOAA-21,ANAPU,PARÁ,Brasil,1500859,15,33,,,,Amazônia,1.2
04d7f26c-0a2b-3d8b-885e-b0119aeef020,-2.88849,-54.11467,2026-10-03 04:38:00,NOAA-21,SANTARÉM,PARÁ,Brasil,1506807,15,33,,,,Amazônia,2.4
85786b5c-ff93-3b8c-ae29-9a565f507c3f,-2.97549,-53.27312,2026-10-03 04:38:00,NOAA-21,MEDICILÂNDIA,PARÁ,Brasil,1504455,15,33,,,,Amazônia,2.3
3dab7189-fdf3-3bf4-9ab9-f13785d38209,-4.73426,-43.27056,2026-10-03 04:38:00,NOAA-21,CAXIAS,MARANHÃO,Brasil,2103000,21,33,,,,Cerrado,3.9
160006e0-9776-37d9-b58a-391e6f66d48d,-3.28494,-53.82613,2026-10-03 04:38:00,NOAA-21,URUARÁ,PARÁ,Brasil,1508159,15,33,,,,Amazônia,4.2
c30c2f62-aa51-3b2b-9dfe-d8ed3d638f18,-1.53774,-47.51352,2026-10-03 04:38:00,NOAA-21,SÃO MIGUEL DO GUAMÁ,PARÁ,Brasil,1507607,15,33,,,,Amazônia,4.0
1143c812-0ff1-33b4-906a-81b493f667a4,-1.08478,-54.10912,2026-10-03 04:38:00,NOAA-21,MONTE ALEGRE,PARÁ,Brasil,1504802,15,33,,,,Amazônia,2.8
c3beadad-e8b3-3f9d-9e72-2dfee41a610c,-3.2862,-53.84397,2026-10-03 04:38:00,NOAA-21,URUARÁ,PARÁ,Brasil,1508159,15,33,,,,Amazônia,1.0
8a9f37a5-d885-3f81-92b5-5ccedcad24bd,1.73892,-50.80159,2026-10-03 04:38:00,NOAA-21,PRACUÚBA,AMAPÁ,Brasil,1600550,16,33,,,,Amazônia,2.9
d43deddc-371e-358a-964e-e1dd6d4fbc3e,-2.90594,-54.084,2026-10-03 04:38:00,NOAA-21,URUARÁ,PARÁ,Brasil,1508159,15,33,,,,Amazônia,1.3
61355c44-ebdb-3e98-a990-5468c2fcc091,-2.89023,-54.12993,2026-10-03 04:38:00,NOAA-21,SANTARÉM,PARÁ,Brasil,1506807,15,33,,,,Amazônia,1.7
42154f5e-5566-3771-90af-eb64fdc48d67,-2.82384,-50.49733,2026-10-03 04:38:00,NOAA-21,PORTEL,PARÁ,Brasil,1505809,15,33,,,,Amazônia,1.1
f7fe710e-8d93-3004-a710-513398ca4d01,-2.33809,-51.94547,2026-10-03 04:38:00,NOAA-21,PORTO DE MOZ,PARÁ,Brasil,1505908,15,33,,,,Amazônia,2.8
c2bf9e61-c90a-3325-b131-60d6cedfddc2,-1.03832,-49.20929,2026-10-03 04:38:00,NOAA-21,MUANÁ,PARÁ,Brasil,1504901,15,33,,,,Amazônia,1.6
0b642515-d66a-3db7-9353-b10b76f2071d,-3.02,-54.23389,2026-10-03 04:38:00,NOAA-21,SANTARÉM,PARÁ,Brasil,1506807,15,33,,,,Amazônia,0.9
e6a6ca6b-3c92-31ef-9412-d2f3103d4ebc,-3.88035,-51.89738,2026-10-03 04:38:00,NOAA-21,SENADOR JOSÉ PORFÍRIO,PARÁ,Brasil,1507805,15,33,,,,Amazônia,1.7
73acbb33-919b-31ec-a2c5-0c7c86bc4dec,-2.96619,-54.09813,2026-10-03 04:38:00,NOAA-21,SANTARÉM,PARÁ,Brasil,1506807,15,33,,,,Amazônia,2.0
1eb9d79f-5e59-3261-ad14-6f31a115e3b1,-3.17054,-54.10054,2026-10-03 04:38:00,NOAA-21,URUARÁ,PARÁ,Brasil,1508159,15,33,,,,Amazônia,1.3
f596440c-df18-3e20-9cf7-b8c52e0d89de,-2.9656,-54.10175,2026-10-03 04:38:00,NOAA-21,SANTARÉM,PARÁ,Brasil,1506807,15,33,,,,Amazônia,2.3
0f5bc54a-21a2-3152-9467-89f080125605,-3.28549,-53.82268,2026-10-03 04:38:00,NOAA-21,URUARÁ,PARÁ,Brasil,1508159,15,33,,,,Amazônia,2.6
7125f9d3-f657-3097-9b28-c96dace4125e,-3.12824,-53.74485,2026-10-03 04:38:00,NOAA-21,URUARÁ,PARÁ,Brasil,1508159,15,33,,,,Amazônia,4.2
fe2e93dc-afe7-3943-94cd-546ebb10f325,-3.10599,-50.29824,2026-10-03 04:38:00,NOAA-21,PORTEL,PARÁ,Brasil,1505809,15,33,,,,Amazônia,1.1
71a81855-44df-3b07-bb5c-9ea2845dcb25,-4.06082,-51.11683,2026-10-03 04:38:00,NOAA-21,PACAJÁ,PARÁ,Brasil,1505486,15,33,,,,Amazônia,1.8
17bf38e2-d7ff-30ba-8c26-b4d04a159352,-3.05575,-54.16415,2026-10-03 04:38:00,NOAA-21,SANTARÉM,PARÁ,Brasil,1506807,15,33,,,,Amazônia,1.7
a9a777ae-882c-3dac-b87d-988f498555e3,-3.29473,-53.84174,2026-10-03 04:38:00,NOAA-21,URUARÁ,PARÁ,Brasil,1508159,15,33,,,,Amazônia,0.8
6bb5c53b-cc73-3832-8488-de29479e5b4c,-3.28093,-53.82561,2026-10-03 04:38:00,NOAA-21,URUARÁ,PARÁ,Brasil,1508159,15,33,,,,Amazônia,0.7
62e1dd08-ccd9-39fe-8635-ed0effea83fc,-2.97403,-53.2578,2026-10-03 04:38:00,NOAA-21,MEDICILÂNDIA,PARÁ,Brasil,1504455,15,33,,,,Amazônia,2.1
0492c94b-acaa-3c75-be66-d37fbd21af62,-3.30073,-50.32153,2026-10-03 04:38:00,NOAA-21,PORTEL,PARÁ,Brasil,1505809,15,33,,,,Amazônia,1.9
a29c56c0-1c61-3887-95dc-70a2dd8e3159,-3.07999,-51.27613,2026-10-03 04:38:00,NOAA-21,ANAPU,PARÁ,Brasil,1500859,15,33,,,,Amazônia,1.3
c01bf2f2-d494-321f-99b9-29e200b9e94f,-3.10385,-50.29795,2026-10-03 04:38:00,NOAA-21,PORTEL,PARÁ,Brasil,1505809,15,33,,,,Amazônia,1.4
e8d882fa-3ecb-325d-ab6f-b2e5a018a8ba,-2.88004,-51.0316,2026-10-03 04:38:00,NOAA-21,PORTEL,PARÁ,Brasil,1505809,15,33,,,,Amazônia,0.8
c3df74d0-04b1-3720-a0c7-16a4eab5f120,-3.13047,-53.73116,2026-10-03 04:38:00,NOAA-21,URUARÁ,PARÁ,Brasil,1508159,15,33,,,,Amazônia,9.9
e32fdced-f806-37ae-857e-b065cfaced08,-3.98405,-45.8803,2026-10-03 04:38:00,NOAA-21,SANTA LUZIA,MARANHÃO,Brasil,2110005,21,33,,,,Amazônia,0.7
8b57f403-bfaf-3479-b194-660b2ddeb3dc,-3.00895,-53.88573,2026-10-03 04:38:00,NOAA-21,URUARÁ,PARÁ,Brasil,1508159,15,33,,,,Amazônia,1.5
a28ee1af-afe3-3564-a139-e42f55265507,-3.24109,-54.51572,2026-10-03 04:38:00,NOAA-21,MOJUÍ DOS CAMPOS,PARÁ,Brasil,1504752,15,33,,,,Amazônia,1.3
ea6bcf84-9bd7-3ea7-ba26-a8578a971f53,-2.98094,-53.26401,2026-10-03 04:38:00,NOAA-21,MEDICILÂNDIA,PARÁ,Brasil,1504455,15,33,,,,Amazônia,2.1
6c5e2ae1-82cd-3eec-a00a-29dabdb4a310,-3.1775,-54.08345,2026-10-03 04:38:00,NOAA-21,URUARÁ,PARÁ,Brasil,1508159,15,33,,,,Amazônia,3.7
cc6703ba-166c-3051-a518-fb2a7375b9fa,2.35423,-50.75135,2026-10-03 04:38:00,NOAA-21,CALÇOENE,AMAPÁ,Brasil,1600204,16,33,,,,Amazônia,2.3
e794d065-ac92-330c-b052-07ccb450ff80,-3.98341,-45.88449,2026-10-03 04:38:00,NOAA-21,SANTA LUZIA,MARANHÃO,Brasil,2110005,21,33,,,,Amazônia,1.1
a59eb6ac-4483-34a9-802f-6cdd2ed733b9,-2.91759,-54.08955,2026-10-03 04:38:00,NOAA-21,URUARÁ,PARÁ,Brasil,1508159,15,33,,,,Amazônia,1.0
1775e069-e73e-3c78-b96c-1bf54559c513,-4.89117,-45.45443,2026-10-03 04:38:00,NOAA-21,LAGOA GRANDE DO MARANHÃO,MARANHÃO,Brasil,2105963,21,33,,,,Cerrado,1.7
c7388435-5db0-33f7-a094-1ce005f4089b,1.78962,-55.5916,2026-10-03 04:38:00,NOAA-21,ÓBIDOS,PARÁ,Brasil,1505106,15,33,,,,Amazônia,2.5
3a18c356-3dd0-3796-bd81-ea5d70a0e199,1.03752,-50.02051,2026-10-03 04:38:00,NOAA-21,MACAPÁ,AMAPÁ,Brasil,1600303,16,33,,,,Amazônia,1.4
ef35f21c-cf8b-3aae-81e8-53789cf7d72f,-2.88847,-54.14093,2026-10-03 04:38:00,NOAA-21,SANTARÉM,PARÁ,Brasil,1506807,15,33,,,,Amazônia,6.2
2818dcbb-e316-323b-a2b2-c580de1b7769,-3.28675,-53.8405,2026-10-03 04:38:00,NOAA-21,URUARÁ,PARÁ,Brasil,1508159,15,33,,,,Amazônia,1.0
cec5fb09-33e8-3457-a7e4-0a4988e25b19,-3.2728,-54.00671,2026-10-03 04:38:00,NOAA-21,URUARÁ,PARÁ,Brasil,1508159,15,33,,,,Amazônia,1.6
6158f0f4-77fe-367f-a172-4862e41ddae6,-1.25941,-54.56028,2026-10-03 04:38:00,NOAA-21,MONTE ALEGRE,PARÁ,Brasil,1504802,15,33,,,,Amazônia,1.4
da804bf0-b951-3745-ac81-cd0eb66bb8cc,1.73598,-50.8062,2026-10-03 04:38:00,NOAA-21,PRACUÚBA,AMAPÁ,Brasil,1600550,16,33,,,,Amazônia,2.4
6de6e5e7-0db8-3116-9778-f061aaa7c411,-4.06088,-51.09411,2026-10-03 04:38:00,NOAA-21,PACAJÁ,PARÁ,Brasil,1505486,15,33,,,,Amazônia,1.1
c40d42d0-2c0c-3ac7-9d40-0a4749b37baa,-3.77616,-52.14386,2026-10-03 04:38:00,NOAA-21,SENADOR JOSÉ PORFÍRIO,PARÁ,Brasil,1507805,15,33,,,,Amazônia,0.8
53d3c7ea-a854-3213-8d82-00a6355aaa2e,-3.13388,-53.73521,2026-10-03 04:38:00,NOAA-21,URUARÁ,PARÁ,Brasil,1508159,15,33,,,,Amazônia,4.6
29dd9686-1ec1-3835-9228-8aff84292588,-4.28998,-48.56401,2026-10-03 04:38:00,NOAA-21,RONDON DO PARÁ,PARÁ,Brasil,1506187,15,33,,,,Amazônia,1.1
787c849b-69de-33e8-a683-18b496b1a823,-1.0899,-49.27118,2026-10-03 04:38:00,NOAA-21,MUANÁ,PARÁ,Brasil,1504901,15,33,,,,Amazônia,0.7
3d22bbf2-d297-34c0-9601-ab7317503a45,-3.88229,-52.18455,2026-10-03 04:38:00,NOAA-21,SENADOR JOSÉ PORFÍRIO,PARÁ,Brasil,1507805,15,33,,,,Amazônia,0.7
a3f0f42d-2918-320d-a6f7-00d74618d927,-3.14238,-53.73304,2026-10-03 04:38:00,NOAA-21,URUARÁ,PARÁ,Brasil,1508159,15,33,,,,Amazônia,1.8
950b0b7a-d31d-39cb-8aa4-71d04a2ec153,-3.06659,-49.36158,2026-10-03 04:38:00,NOAA-21,MOJU,PARÁ,Brasil,1504703,15,33,,,,Amazônia,0.9
3e6f098e-8c87-38be-ba4d-44f6b48740a0,-3.22817,-54.30907,2026-10-03 04:38:00,NOAA-21,MOJUÍ DOS CAMPOS,PARÁ,Brasil,1504752,15,33,,,,Amazônia,2.4
02c2040f-96c4-3e33-b321-d00839bb83d7,-1.26503,-54.55285,2026-10-03 04:38:00,NOAA-21,MONTE ALEGRE,PARÁ,Brasil,1504802,15,33,,,,Amazônia,1.0
7803d38e-d902-369e-a4c7-31864f8aba2b,-2.91734,-46.72168,2026-10-03 04:38:00,NOAA-21,PARAGOMINAS,PARÁ,Brasil,1505502,15,33,,,,Amazônia,0.9
a884ad68-d87d-301d-a40e-69daa707d0ff,-3.76939,-51.86462,2026-10-03 04:38:00,NOAA-21,SENADOR JOSÉ PORFÍRIO,PARÁ,Brasil,1507805,15,33,,,,Amazônia,1.3
1ff54067-2c8a-3b38-aab8-b070c3ed56a3,-1.27169,-54.56648,2026-10-03 04:38:00,NOAA-21,MONTE ALEGRE,PARÁ,Brasil,1504802,15,33,,,,Amazônia,3.8
eb492c4c-bcf2-3f34-b7d0-7bd95e08ea0f,-3.12658,-53.7551,2026-10-03 04:38:00,NOAA-21,URUARÁ,PARÁ,Brasil,1508159,15,33,,,,Amazônia,3.1
71675dab-78c7-3cbb-9049-695f6669ca19,-2.17346,-49.76167,2026-10-03 04:38:00,NOAA-21,CAMETÁ,PARÁ,Brasil,1502103,15,33,,,,Amazônia,1.2
0f8ff296-1b5c-37e7-91f3-d2557744090f,-1.105,-54.14396,2026-10-03 04:38:00,NOAA-21,MONTE ALEGRE,PARÁ,Brasil,1504802,15,33,,,,Amazônia,1.6
ef3df86e-37c3-3f83-9c7f-7f5051736a01,-3.88327,-49.68756,2026-10-03 04:38:00,NOAA-21,TUCURUÍ,PARÁ,Brasil,1508100,15,33,,,,Amazônia,3.1
0d5f3aec-7fce-3fbb-b20a-fa8ea5ea2dba,-3.16186,-54.07729,2026-10-03 04:38:00,NOAA-21,URUARÁ,PARÁ,Brasil,1508159,15,33,,,,Amazônia,1.2
cc275d40-e224-3e41-959d-91745fe933f8,-3.24947,-54.51686,2026-10-03 04:38:00,NOAA-21,MOJUÍ DOS CAMPOS,PARÁ,Brasil,1504752,15,33,,,,Amazônia,1.9
99ed0d92-b389-3f3b-b581-a4ebe6b469bf,-1.27732,-54.55896,2026-10-03 04:38:00,NOAA-21,MONTE ALEGRE,PARÁ,Brasil,1504802,15,33,,,,Amazônia,3.7
c55d7d54-a07f-3acd-ad46-12af31a81967,-1.26738,-54.56579,2026-10-03 04:38:00,NOAA-21,MONTE ALEGRE,PARÁ,Brasil,1504802,15,33,,,,Amazônia,2.4
e80bab8a-c432-31e9-ba0c-39633913e5e7,-3.13333,-53.73863,2026-10-03 04:38:00,NOAA-21,URUARÁ,PARÁ,Brasil,1508159,15,33,,,,Amazônia,3.8
6cea7f96-81e3-3505-b45f-2e581c502392,-3.29183,-53.8342,2026-10-03 04:38:00,NOAA-21,URUARÁ,PARÁ,Brasil,1508159,15,33,,,,Amazônia,1.1
6da37c00-be32-3f26-a0bb-7aa908dc3101,-3.1288,-53.74142,2026-10-03 04:38:00,NOAA-21,URUARÁ,PARÁ,Brasil,1508159,15,33,,,,Amazônia,4.8
554dc915-e55c-35fb-96a0-8d7cbc1ea48e,-3.01641,-53.8905,2026-10-03 04:38:00,NOAA-21,URUARÁ,PARÁ,Brasil,1508159,15,33,,,,Amazônia,1.9
0755f660-333b-3af6-9d46-e655d2c7649d,-3.29128,-53.83766,2026-10-03 04:38:00,NOAA-21,URUARÁ,PARÁ,Brasil,1508159,15,33,,,,Amazônia,1.1
37fc7fbf-7c90-321f-873c-440742ba5ff6,-2.9211,-54.0938,2026-10-03 04:38:00,NOAA-21,URUARÁ,PARÁ,Brasil,1508159,15,33,,,,Amazônia,2.4
c7ea7c85-d020-382d-b55c-50767e04d92e,-3.17866,-54.10188,2026-10-03 04:38:00,NOAA-21,URUARÁ,PARÁ,Brasil,1508159,15,33,,,,Amazônia,0.9
91862283-b129-3652-ab4a-95298001bf2e,-2.91351,-54.08893,2026-10-03 04:38:00,NOAA-21,URUARÁ,PARÁ,Brasil,1508159,15,33,,,,Amazônia,2.4
fb85087f-cecc-3dd5-8a01-aab38bb4a551,-3.51609,-50.31462,2026-10-03 04:38:00,NOAA-21,PACAJÁ,PARÁ,Brasil,1505486,15,33,,,,Amazônia,1.6
3abf3aa5-8ae1-3998-92f8-16acb3e5c806,-1.11574,-47.73313,2026-10-03 04:38:00,NOAA-21,SÃO FRANCISCO DO PARÁ,PARÁ,Brasil,1507409,15,33,,,,Amazônia,0.6
6c37c147-f66e-325a-82e6-fb1605c082dd,-0.34903,-51.9991,2026-10-03 04:38:00,NOAA-21,MAZAGÃO,AMAPÁ,Brasil,1600402,16,33,,,,Amazônia,1.2
0adb2620-71cb-35a4-ad25-22e6c30207e9,-3.21669,-53.94454,2026-10-03 04:38:00,NOAA-21,URUARÁ,PARÁ,Brasil,1508159,15,33,,,,Amazônia,2.5
627b9e54-4ab6-3ced-8bb4-cf30c68c3b72,1.92889,-55.79947,2026-10-03 04:38:00,NOAA-21,ÓBIDOS,PARÁ,Brasil,1505106,15,33,,,,Amazônia,5.4
1d9fef08-3bfb-3ad0-bad8-88bb804c3902,-3.24528,-54.51628,2026-10-03 04:38:00,NOAA-21,MOJUÍ DOS CAMPOS,PARÁ,Brasil,1504752,15,33,,,,Amazônia,1.3
0f5ba5aa-01f8-3fdf-a67a-88a4c0076330,-2.27501,-48.74484,2026-10-03 04:38:00,NOAA-21,ACARÁ,PARÁ,Brasil,1500206,15,33,,,,Amazônia,1.4
33bb2bbc-c7a3-35a1-a491-543f2c688053,-1.26372,-54.56097,2026-10-03 04:38:00,NOAA-21,MONTE ALEGRE,PARÁ,Brasil,1504802,15,33,,,,Amazônia,2.8
f0d4757c-a96c-3cc8-9d85-a3c0884d23f4,-3.71324,-50.654,2026-10-03 04:38:00,NOAA-21,PACAJÁ,PARÁ,Brasil,1505486,15,33,,,,Amazônia,2.2
9b8087db-ede2-3a29-8010-9ccf1b9dbbd3,-2.89663,-54.08994,2026-10-03 04:38:00,NOAA-21,URUARÁ,PARÁ,Brasil,1508159,15,33,,,,Amazônia,1.5
2707df5b-f135-330a-b9fc-e60902d64bfb,2.09228,-50.7475,2026-10-03 04:38:00,NOAA-21,AMAPÁ,AMAPÁ,Brasil,1600105,16,33,,,,Amazônia,1.1
d06e1c21-418a-34bd-ad75-28aa2d0b416b,-2.17625,-49.76569,2026-10-03 04:38:00,NOAA-21,CAMETÁ,PARÁ,Brasil,1502103,15,33,,,,Amazônia,1.2
82cfb5aa-2aac-3e8a-bf9b-a061dd8825fa,-2.92808,-54.15182,2026-10-03 04:38:00,NOAA-21,SANTARÉM,PARÁ,Brasil,1506807,15,33,,,,Amazônia,1.8
007f440a-4681-36d4-a186-14568d3a016e,-3.19138,-54.10051,2026-10-03 04:38:00,NOAA-21,URUARÁ,PARÁ,Brasil,1508159,15,33,,,,Amazônia,1.5
81c3b495-5c5d-38b7-99e3-ca54dfdb30a3,-4.45622,-47.92695,2026-10-03 04:38:00,NOAA-21,DOM ELISEU,PARÁ,Brasil,1502939,15,33,,,,Amazônia,13.7
d10ca3de-ab04-3df9-8bea-1e4c88262e84,-4.3611,-47.77805,2026-10-03 04:38:00,NOAA-21,DOM ELISEU,PARÁ,Brasil,1502939,15,33,,,,Amazônia,1.0
6e34df24-d888-349c-b706-e51f8e919895,-2.89315,-54.11168,2026-10-03 04:38:00,NOAA-21,SANTARÉM,PARÁ,Brasil,1506807,15,33,,,,Amazônia,2.4
993c5bcd-2812-3bf1-a4f3-de3b3e273b3d,0.98075,-50.12829,2026-10-03 04:38:00,NOAA-21,MACAPÁ,AMAPÁ,Brasil,1600303,16,33,,,,Amazônia,1.5
f97050cf-d673-3603-a6de-ee3d8c152c84,-3.11497,-50.28503,2026-10-03 04:38:00,NOAA-21,PORTEL,PARÁ,Brasil,1505809,15,33,,,,Amazônia,1.4
e042012e-865b-3c0a-8039-3ddef90e52d3,-2.87173,-50.32391,2026-10-03 04:38:00,NOAA-21,PORTEL,PARÁ,Brasil,1505809,15,33,,,,Amazônia,1.2
dd6eadf1-47da-3125-b4ae-840f1faf47e8,-3.56414,-50.28639,2026-10-03 04:38:00,NOAA-21,PACAJÁ,PARÁ,Brasil,1505486,15,33,,,,Amazônia,1.1
5664795f-62fd-35de-8c95-3ffd783fb2b6,0.70167,-51.43271,2026-10-03 04:38:00,NOAA-21,PORTO GRANDE,AMAPÁ,Brasil,1600535,16,33,,,,Amazônia,1.8
87b12aa3-3f84-3ac5-aa00-4ed384157788,1.79936,-55.59015,2026-10-03 04:38:00,NOAA-21,ÓBIDOS,PARÁ,Brasil,1505106,15,33,,,,Amazônia,4.0
98cd8cce-c251-3cdf-908d-c5ef9cfe3fa9,-4.02066,-44.82781,2026-10-03 04:38:00,NOAA-21,LAGO VERDE,MARANHÃO,Brasil,2105906,21,33,,,,Amazônia,1.9
57ba3687-e727-3094-85a9-1f93b567a2f9,-2.22879,-51.92485,2026-10-03 04:38:00,NOAA-21,PORTEL,PARÁ,Brasil,1505809,15,33,,,,Amazônia,1.9
4ae3e7bd-3503-3b4b-8df0-4b7fbc1c22e2,-1.14993,-54.1871,2026-10-03 04:38:00,NOAA-21,MONTE ALEGRE,PARÁ,Brasil,1504802,15,33,,,,Amazônia,1.7
5d424c99-042a-3c4d-832a-f7f49c202b77,-0.35133,-52.00855,2026-10-03 04:38:00,NOAA-21,MAZAGÃO,AMAPÁ,Brasil,1600402,16,33,,,,Amazônia,2.0
d7efa4b4-fb58-386e-880d-92161aca8162,-5.71334,-44.32599,2026-10-03 04:40:00,NOAA-21,SÃO DOMINGOS DO MARANHÃO,MARANHÃO,Brasil,2110708,21,33,,,,Cerrado,0.9
f9fe3706-07dc-369e-9886-7aacc4057b6a,-4.26714,-50.74793,2026-10-03 04:40:00,NOAA-21,NOVO REPARTIMENTO,PARÁ,Brasil,1505064,15,33,,,,Amazônia,3.1
e9894e44-9278-33c2-a993-3f953e46a7e7,-4.28226,-50.78359,2026-10-03 04:40:00,NOAA-21,NOVO REPARTIMENTO,PARÁ,Brasil,1505064,15,33,,,,Amazônia,1.3
2e05e6c4-40f0-3446-adcf-ff762762f101,-5.29924,-45.80329,2026-10-03 04:40:00,NOAA-21,ITAIPAVA DO GRAJAÚ,MARANHÃO,Brasil,2105351,21,33,,,,Cerrado,2.8
da06aa00-e3c3-3e29-879c-796ff71125ff,-6.02143,-53.53516,2026-10-03 04:40:00,NOAA-21,ALTAMIRA,PARÁ,Brasil,1500602,15,33,,,,Amazônia,0.9
0e1d4f77-e77b-3f87-8374-e1312d2c06e3,-6.84105,-59.26701,2026-10-03 04:40:00,NOAA-21,APUÍ,AMAZONAS,Brasil,1300144,13,33,,,,Amazônia,2.6
23eb7aab-a477-3088-8b5e-d18216ccbb8d,-5.95863,-43.65203,2026-10-03 04:40:00,NOAA-21,LAGOA DO MATO,MARANHÃO,Brasil,2105922,21,33,,,,Cerrado,2.0
4966a4e9-bb19-3687-a88f-6509c804983d,-7.46695,-54.99363,2026-10-03 04:40:00,NOAA-21,ALTAMIRA,PARÁ,Brasil,1500602,15,33,,,,Amazônia,1.2
78a4f821-fdee-3d73-aa59-f3f067d38bb3,-5.7353,-43.28403,2026-10-03 04:40:00,NOAA-21,PARNARAMA,MARANHÃO,Brasil,2107803,21,33,,,,Cerrado,7.8
93a41062-1414-396b-8ae8-b16ddabc7a80,-5.13515,-45.57933,2026-10-03 04:40:00,NOAA-21,ITAIPAVA DO GRAJAÚ,MARANHÃO,Brasil,2105351,21,33,,,,Cerrado,8.8
eeb5f92d-d1dd-30d6-ac3f-081b22111eea,-5.61741,-44.38185,2026-10-03 04:40:00,NOAA-21,SÃO DOMINGOS DO MARANHÃO,MARANHÃO,Brasil,2110708,21,33,,,,Cerrado,14.7
e7af9733-f254-30b1-a5e3-fca4295401c9,-4.211,-53.56679,2026-10-03 04:40:00,NOAA-21,ALTAMIRA,PARÁ,Brasil,1500602,15,33,,,,Amazônia,4.1
4c4a25e9-3718-3905-bc8d-0ff368713eef,-4.81004,-49.87635,2026-10-03 04:40:00,NOAA-21,NOVO REPARTIMENTO,PARÁ,Brasil,1505064,15,33,,,,Amazônia,1.4
71b5eb46-ba06-3606-8d75-ba07c81f387a,-4.71221,-56.15147,2026-10-03 04:40:00,NOAA-21,ITAITUBA,PARÁ,Brasil,1503606,15,33,,,,Amazônia,2.4
252e7e3e-758e-33bc-a2b5-f2786f0f6db8,-5.74484,-45.0593,2026-10-03 04:40:00,NOAA-21,BARRA DO CORDA,MARANHÃO,Brasil,2101608,21,33,,,,Cerrado,5.4
5084e879-9fe5-36b8-b6ef-8d32ea1cf568,-5.3448,-50.08902,2026-10-03 04:40:00,NOAA-21,ITUPIRANGA,PARÁ,Brasil,1503705,15,33,,,,Amazônia,1.6
83d087d6-2892-3bb8-b268-cef5c99d5cfb,-5.95957,-43.65003,2026-10-03 04:40:00,NOAA-21,LAGOA DO MATO,MARANHÃO,Brasil,2105922,21,33,,,,Cerrado,2.9
9831ab4a-579d-3dc1-bd7b-130ae76f15eb,-3.62629,-60.21139,2026-10-03 04:40:00,NOAA-21,CAREIRO,AMAZONAS,Brasil,1301100,13,33,,,,Amazônia,1.8
86262989-6e38-3a22-ab28-d8535c746238,-9.69992,-57.46211,2026-10-03 04:40:00,NOAA-21,APIACÁS,MATO GROSSO,Brasil,5100805,51,33,,,,Amazônia,6.7
efa603d9-2edd-3d04-a93c-61cd708402db,-4.26772,-50.74432,2026-10-03 04:40:00,NOAA-21,NOVO REPARTIMENTO,PARÁ,Brasil,1505064,15,33,,,,Amazônia,5.2
ab16dcca-dbfe-3f84-9e49-edb206f7edd6,-4.2806,-50.77219,2026-10-03 04:40:00,NOAA-21,NOVO REPARTIMENTO,PARÁ,Brasil,1505064,15,33,,,,Amazônia,1.4
26435f45-2073-3670-8e61-deffb26bdc00,-5.64025,-44.36718,2026-10-03 04:40:00,NOAA-21,SÃO DOMINGOS DO MARANHÃO,MARANHÃO,Brasil,2110708,21,33,,,,Cerrado,3.7
652b16e2-1503-31b6-9b8e-a9a434048f8d,-3.85098,-55.80796,2026-10-03 04:40:00,NOAA-21,AVEIRO,PARÁ,Brasil,1501006,15,33,,,,Amazônia,3.7
4bbe699a-056b-3dfc-9e5f-b2687dc48f16,-5.10138,-47.55693,2026-10-03 04:40:00,NOAA-21,CIDELÂNDIA,MARANHÃO,Brasil,2103257,21,33,,,,Amazônia,0.9
a235e4a6-245b-35b2-b36d-a72accd0a81a,-5.73633,-45.14201,2026-10-03 04:40:00,NOAA-21,BARRA DO CORDA,MARANHÃO,Brasil,2101608,21,33,,,,Cerrado,6.8
68fc2484-9f9e-30f2-83a1-e1953c87da5c,-5.76321,-43.9865,2026-10-03 04:40:00,NOAA-21,BURITI BRAVO,MARANHÃO,Brasil,2102309,21,33,,,,Cerrado,0.6
4992636c-9199-3ca9-9219-a2ebff4f00b8,-5.74449,-45.15475,2026-10-03 04:40:00,NOAA-21,BARRA DO CORDA,MARANHÃO,Brasil,2101608,21,33,,,,Cerrado,6.8
fc6c366a-cd7f-36a0-9f4a-7f9c686a493b,-6.31383,-43.61601,2026-10-03 04:40:00,NOAA-21,PASSAGEM FRANCA,MARANHÃO,Brasil,2107902,21,33,,,,Cerrado,3.6
efbb0aec-3deb-3f81-a24a-e13092216190,-10.36738,-39.87074,2026-10-03 04:40:00,NOAA-21,ANDORINHA,BAHIA,Brasil,2901353,29,33,,,,Caatinga,3.0
79bc6019-c895-36ed-afdd-57acd7ad4063,-5.73871,-45.15229,2026-10-03 04:40:00,NOAA-21,BARRA DO CORDA,MARANHÃO,Brasil,2101608,21,33,,,,Cerrado,7.5
d37dec7d-e677-3303-97c8-011dabaf9df2,-5.25534,-55.92638,2026-10-03 04:40:00,NOAA-21,TRAIRÃO,PARÁ,Brasil,1508050,15,33,,,,Amazônia,2.5
a2c6a4b3-3f99-3727-bbdb-1730dadb38bf,-5.85369,-53.46577,2026-10-03 04:40:00,NOAA-21,ALTAMIRA,PARÁ,Brasil,1500602,15,33,,,,Amazônia,3.5
e27d1e64-5b70-3628-9065-f25f24380a95,-4.84823,-49.95684,2026-10-03 04:40:00,NOAA-21,ITUPIRANGA,PARÁ,Brasil,1503705,15,33,,,,Amazônia,1.7
5f77325c-0c09-31c3-8890-a2e0a10d417d,-6.88924,-43.73748,2026-10-03 04:40:00,NOAA-21,GUADALUPE,PIAUÍ,Brasil,2204501,22,33,,,,Cerrado,2.0
b0c26e11-5d37-3272-83cd-8ea2b87a9cce,-9.16779,-61.40903,2026-10-03 04:40:00,NOAA-21,COLNIZA,MATO GROSSO,Brasil,5103254,51,33,,,,Amazônia,7.7
e3dc6608-b133-33e4-9e60-e736ddccc3ec,-6.83118,-47.43374,2026-10-03 04:40:00,NOAA-21,ESTREITO,MARANHÃO,Brasil,2104057,21,33,,,,Cerrado,0.6
739afbf1-70ba-3d18-9055-d2c868c4741f,-5.85631,-53.47809,2026-10-03 04:40:00,NOAA-21,ALTAMIRA,PARÁ,Brasil,1500602,15,33,,,,Amazônia,4.3
2001ab63-79f3-3e91-8cd1-a0595959825c,-6.21408,-60.02215,2026-10-03 04:40:00,NOAA-21,NOVO ARIPUANÃ,AMAZONAS,Brasil,1303304,13,33,,,,Amazônia,2.3
e0daddce-e6c5-3acf-b639-6d440b00ce80,-9.16861,-61.40472,2026-10-03 04:40:00,NOAA-21,COLNIZA,MATO GROSSO,Brasil,5103254,51,33,,,,Amazônia,7.7
3352be03-f683-35d0-b1ba-7e75b9d57a55,-6.01618,-53.54368,2026-10-03 04:40:00,NOAA-21,ALTAMIRA,PARÁ,Brasil,1500602,15,33,,,,Amazônia,2.0
5b7855e8-0977-3bf6-84e3-d49f1f0d4fe8,-7.46756,-54.99009,2026-10-03 04:40:00,NOAA-21,ALTAMIRA,PARÁ,Brasil,1500602,15,33,,,,Amazônia,1.2
15884705-c379-337f-878a-39fc3df891d6,-7.2813,-47.42427,2026-10-03 04:40:00,NOAA-21,CAROLINA,MARANHÃO,Brasil,2102804,21,33,,,,Cerrado,1.0
35e8ae52-3e6b-3e75-956d-acbad3639c65,-5.7529,-45.15103,2026-10-03 04:40:00,NOAA-21,BARRA DO CORDA,MARANHÃO,Brasil,2101608,21,33,,,,Cerrado,1.1
9cf9a20c-0910-3cde-9eb2-0bc0e9bcf067,-4.81389,-49.87341,2026-10-03 04:40:00,NOAA-21,NOVO REPARTIMENTO,PARÁ,Brasil,1505064,15,33,,,,Amazônia,2.1
00c7e6d4-91b9-3efa-b477-938dbbcaee68,-4.11793,-55.02073,2026-10-03 04:40:00,NOAA-21,RURÓPOLIS,PARÁ,Brasil,1506195,15,33,,,,Amazônia,1.0
34e7576a-cf55-307f-8d23-8d0077962668,-4.11923,-55.01286,2026-10-03 04:40:00,NOAA-21,RURÓPOLIS,PARÁ,Brasil,1506195,15,33,,,,Amazônia,1.6
cb4c04f4-80b3-3397-960b-56eeb40ff378,-5.36836,-49.59029,2026-10-03 04:40:00,NOAA-21,ITUPIRANGA,PARÁ,Brasil,1503705,15,33,,,,Amazônia,1.3
696c821f-94e5-3554-bea9-a039f75451ae,-5.9559,-43.6454,2026-10-03 04:40:00,NOAA-21,LAGOA DO MATO,MARANHÃO,Brasil,2105922,21,33,,,,Cerrado,2.0
3afe78a3-fbc4-33e5-bcf1-739b3f3ff3c5,-5.27443,-43.36152,2026-10-03 04:40:00,NOAA-21,MATÕES,MARANHÃO,Brasil,2106607,21,33,,,,Cerrado,0.5
418f09d1-81de-3399-8f28-f4122b579a2e,-9.46434,-40.37603,2026-10-03 04:40:00,NOAA-21,JUAZEIRO,BAHIA,Brasil,2918407,29,33,,,,Caatinga,22.1
a60d311c-6c3a-3abc-9e16-10475440bb6e,-6.21643,-53.2621,2026-10-03 04:40:00,NOAA-21,SÃO FÉLIX DO XINGU,PARÁ,Brasil,1507300,15,33,,,,Amazônia,2.7
9b41ee28-d1b5-3bfb-b559-14735c7de5fc,-6.00256,-53.53249,2026-10-03 04:40:00,NOAA-21,ALTAMIRA,PARÁ,Brasil,1500602,15,33,,,,Amazônia,2.8
436f64cd-5bb2-3868-b5e4-1164f6411d12,-5.73994,-45.159,2026-10-03 04:40:00,NOAA-21,BARRA DO CORDA,MARANHÃO,Brasil,2101608,21,33,,,,Cerrado,3.5
67658a61-6163-3fb9-94f5-021f03d00f24,-5.74134,-45.14931,2026-10-03 04:40:00,NOAA-21,BARRA DO CORDA,MARANHÃO,Brasil,2101608,21,33,,,,Cerrado,9.0
aa542543-766c-3c7a-bd79-c46e1845344e,-4.29806,-50.77122,2026-10-03 04:40:00,NOAA-21,NOVO REPARTIMENTO,PARÁ,Brasil,1505064,15,33,,,,Amazônia,1.3
ca4324bf-fe4a-3a62-a901-e74f4a711e78,-5.74642,-45.1534,2026-10-03 04:40:00,NOAA-21,BARRA DO CORDA,MARANHÃO,Brasil,2101608,21,33,,,,Cerrado,5.0
3fb2b0ff-2f48-3fa0-a3d8-21d177c79d53,-6.01693,-53.53908,2026-10-03 04:40:00,NOAA-21,ALTAMIRA,PARÁ,Brasil,1500602,15,33,,,,Amazônia,2.0
152a19c3-0c3c-34f1-890d-320f4600dce8,-5.76681,-43.99088,2026-10-03 04:40:00,NOAA-21,BURITI BRAVO,MARANHÃO,Brasil,2102309,21,33,,,,Cerrado,0.6
efc2d4de-eb3c-3fc9-af23-25f0a6af4daa,-4.40343,-49.97226,2026-10-03 04:40:00,NOAA-21,NOVO REPARTIMENTO,PARÁ,Brasil,1505064,15,33,,,,Amazônia,2.3
c2272aaf-8245-385a-b774-41965d19a255,-4.11858,-55.0168,2026-10-03 04:40:00,NOAA-21,RURÓPOLIS,PARÁ,Brasil,1506195,15,33,,,,Amazônia,1.0
cdd2c638-ba5c-31c9-8e4c-332d0c57719f,-11.6511,-42.41172,2026-10-03 04:40:00,NOAA-21,GENTIO DO OURO,BAHIA,Brasil,2911303,29,33,,,,Caatinga,1.7
679b7b92-d01e-32c6-827c-f7987150dc4d,-4.28117,-50.76858,2026-10-03 04:40:00,NOAA-21,NOVO REPARTIMENTO,PARÁ,Brasil,1505064,15,33,,,,Amazônia,2.1
b286b9fa-9333-3b95-9050-8c9e2f46d67d,-6.92575,-49.62085,2026-10-03 04:40:00,NOAA-21,SAPUCAIA,PARÁ,Brasil,1507755,15,33,,,,Amazônia,1.2
8899adcb-db3f-3b18-9b69-094a93777a96,-5.74096,-45.05877,2026-10-03 04:40:00,NOAA-21,BARRA DO CORDA,MARANHÃO,Brasil,2101608,21,33,,,,Cerrado,3.4
8100dc2c-2de1-3611-819c-1775907b7155,-5.21789,-46.02028,2026-10-03 04:40:00,NOAA-21,ARAME,MARANHÃO,Brasil,2100956,21,33,,,,Amazônia,1.5
55de30ed-5ea0-3427-a9bb-8c37416730bf,-4.21176,-53.56196,2026-10-03 04:40:00,NOAA-21,ALTAMIRA,PARÁ,Brasil,1500602,15,33,,,,Amazônia,1.1
3f2d45a5-0c4f-34e8-b145-f899194d975b,-5.41031,-45.19055,2026-10-03 04:40:00,NOAA-21,BARRA DO CORDA,MARANHÃO,Brasil,2101608,21,33,,,,Cerrado,1.8
c173bb24-fc89-35cc-b07c-c02a739a7678,-5.61794,-44.37829,2026-10-03 04:40:00,NOAA-21,SÃO DOMINGOS DO MARANHÃO,MARANHÃO,Brasil,2110708,21,33,,,,Cerrado,14.7
0dcc9e1c-a1d4-3848-ae04-7ea2e026391d,-4.78481,-55.71515,2026-10-03 04:40:00,NOAA-21,TRAIRÃO,PARÁ,Brasil,1508050,15,33,,,,Amazônia,1.1
ed3e1b7e-ab00-399f-9847-cb0a005ae1a6,-6.31647,-43.3397,2026-10-03 04:40:00,NOAA-21,SUCUPIRA DO RIACHÃO,MARANHÃO,Brasil,2111953,21,33,,,,Cerrado,3.4
8d6a4b40-a1c7-3394-9a0a-b0659cce1d06,-4.43039,-55.75179,2026-10-03 04:40:00,NOAA-21,ITAITUBA,PARÁ,Brasil,1503606,15,33,,,,Amazônia,4.2
48e1da8c-3590-386c-adbf-cb0ea0bfb676,-5.13584,-45.57485,2026-10-03 04:40:00,NOAA-21,ITAIPAVA DO GRAJAÚ,MARANHÃO,Brasil,2105351,21,33,,,,Cerrado,8.8
cabd2f35-0c91-3dfa-9e8a-1e8681f7f5eb,-4.40784,-49.96581,2026-10-03 04:40:00,NOAA-21,NOVO REPARTIMENTO,PARÁ,Brasil,1505064,15,33,,,,Amazônia,1.1
1414b28a-1fcb-3b46-9aba-ae5ff4d4efc6,-4.3003,-50.77897,2026-10-03 04:40:00,NOAA-21,NOVO REPARTIMENTO,PARÁ,Brasil,1505064,15,33,,,,Amazônia,0.8
9a494dd5-a48e-35ae-b5e8-c95e31fc46fb,-6.10323,-47.65766,2026-10-03 04:40:00,NOAA-21,MAURILÂNDIA DO TOCANTINS,TOCANTINS,Brasil,1712801,17,33,,,,Cerrado,2.5
135479cd-42db-39f8-9ba6-8c6643afea24,-5.42772,-49.14497,2026-10-03 04:40:00,NOAA-21,MARABÁ,PARÁ,Brasil,1504208,15,33,,,,Amazônia,0.7
8e08478e-e114-3ff0-8d7f-d8fbc2efdf00,-11.71549,-43.48808,2026-10-03 04:40:00,NOAA-21,BARRA,BAHIA,Brasil,2902708,29,33,,,,Cerrado,3.6
571a7803-839d-375a-9f4e-210dbbb55925,-6.15754,-49.48198,2026-10-03 04:40:00,NOAA-21,ELDORADO DO CARAJÁS,PARÁ,Brasil,1502954,15,33,,,,Amazônia,0.8
6ed47b2f-45ee-3561-b14d-29e6afab95b9,-11.203,-54.12659,2026-10-03 04:40:00,NOAA-21,MARCELÂNDIA,MATO GROSSO,Brasil,5105580,51,33,,,,Amazônia,1.8
1e0471d7-1da0-3f22-98a7-8cb215b3b7bb,-10.36715,-39.49734,2026-10-03 04:40:00,NOAA-21,MONTE SANTO,BAHIA,Brasil,2921500,29,33,,,,Caatinga,3.2
fab1a0e2-42c7-3eec-a1c1-201dc980787d,-4.29468,-50.7707,2026-10-03 04:40:00,NOAA-21,NOVO REPARTIMENTO,PARÁ,Brasil,1505064,15,33,,,,Amazônia,2.3
50ec6666-be7e-32a9-8fed-b97a37dedaa3,-4.28564,-50.78412,2026-10-03 04:40:00,NOAA-21,NOVO REPARTIMENTO,PARÁ,Brasil,1505064,15,33,,,,Amazônia,1.3
a48a5b01-da89-3c58-8335-ba68e3a62217,-5.94254,-43.64737,2026-10-03 04:40:00,NOAA-21,LAGOA DO MATO,MARANHÃO,Brasil,2105922,21,33,,,,Cerrado,25.9
84addafb-2066-385a-a0c5-f0b90344038d,-5.15062,-46.04167,2026-10-03 04:40:00,NOAA-21,ARAME,MARANHÃO,Brasil,2100956,21,33,,,,Amazônia,1.1
1098c35f-f026-38d5-bd70-8565151563be,-3.51769,-54.60581,2026-10-03 04:40:00,NOAA-21,PLACAS,PARÁ,Brasil,1505650,15,33,,,,Amazônia,7.1
cf7fc844-c176-392a-a880-15b1d60cfff8,-5.99573,-53.55046,2026-10-03 04:40:00,NOAA-21,ALTAMIRA,PARÁ,Brasil,1500602,15,33,,,,Amazônia,1.0
302b6463-271a-3c0c-a6d5-fd4ff461b47d,-4.29182,-50.7888,2026-10-03 04:40:00,NOAA-21,NOVO REPARTIMENTO,PARÁ,Brasil,1505064,15,33,,,,Amazônia,1.1
7ed70c41-f026-36a2-bdd8-4ce0c448c3ec,-4.78997,-55.71139,2026-10-03 04:40:00,NOAA-21,TRAIRÃO,PARÁ,Brasil,1508050,15,33,,,,Amazônia,1.9
9223e882-c2e2-3a2b-b467-f06063bf3a53,-4.2924,-50.78517,2026-10-03 04:40:00,NOAA-21,NOVO REPARTIMENTO,PARÁ,Brasil,1505064,15,33,,,,Amazônia,1.0
0d4b3753-3aa4-3240-bce1-5ba4c8c672d0,-7.46352,-54.98945,2026-10-03 04:40:00,NOAA-21,ALTAMIRA,PARÁ,Brasil,1500602,15,33,,,,Amazônia,1.6
2f4db7e1-693a-37a7-b933-343c458bca2f,-5.60388,-44.90459,2026-10-03 04:40:00,NOAA-21,TUNTUM,MARANHÃO,Brasil,2112308,21,33,,,,Cerrado,1.4
d35c44bc-d414-302a-9141-1ed10f3a536b,-6.00633,-53.53301,2026-10-03 04:40:00,NOAA-21,ALTAMIRA,PARÁ,Brasil,1500602,15,33,,,,Amazônia,2.8
ddabffaf-93aa-3e72-ab29-380f940af02e,-6.9185,-59.28099,2026-10-03 04:40:00,NOAA-21,APUÍ,AMAZONAS,Brasil,1300144,13,33,,,,Amazônia,0.9
3cd0f624-0a22-3156-a99b-d8661c51803a,-5.59925,-44.90896,2026-10-03 04:40:00,NOAA-21,TUNTUM,MARANHÃO,Brasil,2112308,21,33,,,,Cerrado,1.9
ecfbdee1-71ff-3322-8383-1f0434d37558,-9.46483,-40.37222,2026-10-03 04:40:00,NOAA-21,JUAZEIRO,BAHIA,Brasil,2918407,29,33,,,,Caatinga,22.1
65f71a63-3ec7-3572-99be-f98ee5189628,-6.20108,-60.02835,2026-10-03 04:40:00,NOAA-21,NOVO ARIPUANÃ,AMAZONAS,Brasil,1303304,13,33,,,,Amazônia,1.7
00b1582f-505a-3cb4-a63f-53ece1c4ce9e,-9.45409,-40.36683,2026-10-03 04:40:00,NOAA-21,JUAZEIRO,BAHIA,Brasil,2918407,29,33,,,,Caatinga,112.6
1a2eceac-da97-3c1b-9692-87db97314f63,-5.74018,-45.14257,2026-10-03 04:40:00,NOAA-21,BARRA DO CORDA,MARANHÃO,Brasil,2101608,21,33,,,,Cerrado,11.6
3a8e5ec5-e134-3b7a-9ebb-18f6b0bcecc5,-5.21725,-46.02461,2026-10-03 04:40:00,NOAA-21,ARAME,MARANHÃO,Brasil,2100956,21,33,,,,Amazônia,1.5
411268b0-519e-3036-8ace-b889efbaf1fb,-4.28621,-50.78049,2026-10-03 04:40:00,NOAA-21,NOVO REPARTIMENTO,PARÁ,Brasil,1505064,15,33,,,,Amazônia,1.3
da24ec9b-f66d-32fb-8ce1-f076d0e73358,-5.63621,-44.36657,2026-10-03 04:40:00,NOAA-21,SÃO DOMINGOS DO MARANHÃO,MARANHÃO,Brasil,2110708,21,33,,,,Cerrado,4.4
1181732a-3e30-3dd9-9b56-85eca8dfba58,-5.74835,-45.1553,2026-10-03 04:40:00,NOAA-21,BARRA DO CORDA,MARANHÃO,Brasil,2101608,21,33,,,,Cerrado,6.8
0f7a373a-4eff-3f67-9638-00dabe12b49d,-9.46628,-40.36076,2026-10-03 04:40:00,NOAA-21,JUAZEIRO,BAHIA,Brasil,2918407,29,33,,,,Caatinga,4.2
12573116-69ac-38fb-910e-12713d77cb51,-5.19648,-46.16348,2026-10-03 04:40:00,NOAA-21,ARAME,MARANHÃO,Brasil,2100956,21,33,,,,Amazônia,2.4
4db0a6be-6be5-3f70-ab2a-b09073739236,-4.31606,-50.78884,2026-10-03 04:40:00,NOAA-21,NOVO REPARTIMENTO,PARÁ,Brasil,1505064,15,33,,,,Amazônia,2.4
a6852fb4-2ed1-32a9-9ba5-63f323d36109,-4.30368,-50.7795,2026-10-03 04:40:00,NOAA-21,NOVO REPARTIMENTO,PARÁ,Brasil,1505064,15,33,,,,Amazônia,0.9
a653b785-5d5f-3efe-a1ea-342fce179535,-6.05506,-62.53231,2026-10-03 04:40:00,NOAA-21,MANICORÉ,AMAZONAS,Brasil,1302702,13,33,,,,Amazônia,1.2
13ccfda2-9bfb-32c9-a19b-3743f92f84ad,-4.29692,-50.77845,2026-10-03 04:40:00,NOAA-21,NOVO REPARTIMENTO,PARÁ,Brasil,1505064,15,33,,,,Amazônia,0.8
b675c0b2-8728-3419-adea-108daa6dc745,-5.85711,-53.47333,2026-10-03 04:40:00,NOAA-21,ALTAMIRA,PARÁ,Brasil,1500602,15,33,,,,Amazônia,1.2
32b5f8e2-726c-33fc-aa42-e483c68fbf7c,-3.8483,-55.96297,2026-10-03 04:40:00,NOAA-21,AVEIRO,PARÁ,Brasil,1501006,15,33,,,,Amazônia,5.3
b57a43be-af47-3576-b3c7-5cfe36a39272,-5.72284,-43.27786,2026-10-03 04:40:00,NOAA-21,PARNARAMA,MARANHÃO,Brasil,2107803,21,33,,,,Cerrado,1.5
98949cd7-f768-321c-bbf0-e75595d0d8c9,-3.62707,-60.20677,2026-10-03 04:40:00,NOAA-21,CAREIRO,AMAZONAS,Brasil,1301100,13,33,,,,Amazônia,1.8
ad39e1ba-0cb2-3831-b084-a28cc926228e,-6.02331,-43.59613,2026-10-03 04:40:00,NOAA-21,LAGOA DO MATO,MARANHÃO,Brasil,2105922,21,33,,,,Cerrado,3.8
507a0e52-91b7-3598-98b6-bc3015218278,-6.20469,-53.26438,2026-10-03 04:40:00,NOAA-21,SÃO FÉLIX DO XINGU,PARÁ,Brasil,1507300,15,33,,,,Amazônia,3.0
d2ba8f41-91c1-37b4-82d6-1f8b0eda0f3e,-4.26434,-50.74379,2026-10-03 04:40:00,NOAA-21,NOVO REPARTIMENTO,PARÁ,Brasil,1505064,15,33,,,,Amazônia,2.2
d4dddb95-4763-3655-9c62-05f418be091e,-6.20834,-60.021,2026-10-03 04:40:00,NOAA-21,NOVO ARIPUANÃ,AMAZONAS,Brasil,1303304,13,33,,,,Amazônia,1.8
7f4f08d1-92bf-3360-8efb-ed1a11a1b5e3,-5.85678,-53.47052,2026-10-03 04:40:00,NOAA-21,ALTAMIRA,PARÁ,Brasil,1500602,15,33,,,,Amazônia,2.3
6335c18e-15d3-34c3-967a-ada99d7a5c01,-5.89479,-55.48848,2026-10-03 04:40:00,NOAA-21,ITAITUBA,PARÁ,Brasil,1503606,15,33,,,,Amazônia,1.7
aeca4f46-007b-3eac-adc7-be9fc297e2e0,-6.20908,-60.01682,2026-10-03 04:40:00,NOAA-21,NOVO ARIPUANÃ,AMAZONAS,Brasil,1303304,13,33,,,,Amazônia,1.8
245bd91e-4244-390e-8cc5-3647200dd9fb,-6.24959,-52.68736,2026-10-03 04:40:00,NOAA-21,SÃO FÉLIX DO XINGU,PARÁ,Brasil,1507300,15,33,,,,Amazônia,2.9
e65886fa-b748-3a10-9a9d-2a8edb514976,-6.01995,-53.54425,2026-10-03 04:40:00,NOAA-21,ALTAMIRA,PARÁ,Brasil,1500602,15,33,,,,Amazônia,2.0
2f10788a-7134-3ac2-b274-b111e3fc1df8,-9.46115,-40.35614,2026-10-03 04:40:00,NOAA-21,JUAZEIRO,BAHIA,Brasil,2918407,29,33,,,,Caatinga,7.4
f849110c-2399-39f3-bb27-29f7e52b1aa8,-5.88138,-49.0499,2026-10-03 04:40:00,NOAA-21,ELDORADO DO CARAJÁS,PARÁ,Brasil,1502954,15,33,,,,Amazônia,0.9
84d2fb82-00c0-3d1e-ad4c-dfcdc8d10565,-4.28003,-50.7758,2026-10-03 04:40:00,NOAA-21,NOVO REPARTIMENTO,PARÁ,Brasil,1505064,15,33,,,,Amazônia,1.4
1530be40-9b0d-3312-bda4-fd589747f369,-4.29297,-50.78154,2026-10-03 04:40:00,NOAA-21,NOVO REPARTIMENTO,PARÁ,Brasil,1505064,15,33,,,,Amazônia,1.0
adc37aa5-b858-3983-a9cb-9434d6ba460d,-10.36322,-39.49969,2026-10-03 04:40:00,NOAA-21,MONTE SANTO,BAHIA,Brasil,2921500,29,33,,,,Caatinga,2.7
257b340b-0eea-3670-b9de-f6e869864249,-6.92905,-49.62136,2026-10-03 04:40:00,NOAA-21,SAPUCAIA,PARÁ,Brasil,1507755,15,33,,,,Amazônia,3.2
792a7d91-b3e7-38f6-a89d-1d856bb2abcb,-5.75175,-45.14428,2026-10-03 04:40:00,NOAA-21,BARRA DO CORDA,MARANHÃO,Brasil,2101608,21,33,,,,Cerrado,2.5
862a2240-b5cd-31c3-800a-b3dc54c5cc33,-4.39734,-49.96774,2026-10-03 04:40:00,NOAA-21,NOVO REPARTIMENTO,PARÁ,Brasil,1505064,15,33,,,,Amazônia,2.9
c0ebbff8-66e4-33ea-a0c4-1ab3aa551c49,-3.67383,-54.18938,2026-10-03 04:40:00,NOAA-21,URUARÁ,PARÁ,Brasil,1508159,15,33,,,,Amazônia,1.2
df9cd174-1a5a-3700-980d-98175ab1b019,-6.91912,-59.27744,2026-10-03 04:40:00,NOAA-21,APUÍ,AMAZONAS,Brasil,1300144,13,33,,,,Amazônia,0.9
b5b32f20-144e-3a16-8c65-fadda37b9c26,-5.9468,-43.64802,2026-10-03 04:40:00,NOAA-21,LAGOA DO MATO,MARANHÃO,Brasil,2105922,21,33,,,,Cerrado,10.6
0cad40a9-e690-3485-87d8-912872d2a781,-5.13888,-45.57988,2026-10-03 04:40:00,NOAA-21,ITAIPAVA DO GRAJAÚ,MARANHÃO,Brasil,2105351,21,33,,,,Cerrado,1.8
26a83d0d-f030-3378-810d-374665424200,-5.48405,-44.6315,2026-10-03 04:40:00,NOAA-21,SANTA FILOMENA DO MARANHÃO,MARANHÃO,Brasil,2109759,21,33,,,,Cerrado,1.8
8a73a216-7763-3bda-bbfd-848b2470c33a,-6.50674,-41.74588,2026-10-03 04:40:00,NOAA-21,VALENÇA DO PIAUÍ,PIAUÍ,Brasil,2211308,22,33,,,,Caatinga,4.7
c0ec8c6e-122e-3de9-a350-4c5c0809c789,-11.71682,-43.42522,2026-10-03 04:40:00,NOAA-21,BARRA,BAHIA,Brasil,2902708,29,33,,,,Cerrado,3.7
e16af413-bbf8-33c4-a945-c6219f880581,-6.01241,-53.54311,2026-10-03 04:40:00,NOAA-21,ALTAMIRA,PARÁ,Brasil,1500602,15,33,,,,Amazônia,1.5
3208465c-faaa-3e2c-b7b2-fd34f488fc81,-4.42676,-55.74617,2026-10-03 04:40:00,NOAA-21,ITAITUBA,PARÁ,Brasil,1503606,15,33,,,,Amazônia,2.3
fec8e6bb-4caf-39ef-8f2c-007ffb870173,-4.26377,-50.7474,2026-10-03 04:40:00,NOAA-21,NOVO REPARTIMENTO,PARÁ,Brasil,1505064,15,33,,,,Amazônia,2.1
5ed34347-9ecd-3dab-a0b3-3b3dbcf3e952,-5.94739,-43.64405,2026-10-03 04:40:00,NOAA-21,LAGOA DO MATO,MARANHÃO,Brasil,2105922,21,33,,,,Cerrado,16.1
93f315c3-ef36-3531-a9dc-9ee83dfb654f,-5.89121,-55.48368,2026-10-03 04:40:00,NOAA-21,ITAITUBA,PARÁ,Brasil,1503606,15,33,,,,Amazônia,3.8
a00ee41e-dbca-36e0-9d0a-3f85439c7fe1,-6.15762,-43.68542,2026-10-03 04:40:00,NOAA-21,PASSAGEM FRANCA,MARANHÃO,Brasil,2107902,21,33,,,,Cerrado,2.0
c979dfc5-cc1e-32bd-8c81-75321147e823,-5.85526,-53.48004,2026-10-03 04:40:00,NOAA-21,ALTAMIRA,PARÁ,Brasil,1500602,15,33,,,,Amazônia,4.3
85bcdb39-7852-3ee2-8fee-26c4b8fe0096,-6.86187,-59.25318,2026-10-03 04:40:00,NOAA-21,APUÍ,AMAZONAS,Brasil,1300144,13,33,,,,Amazônia,1.7
d6bfb933-ce7f-3ee4-a0cc-ddbcad03dd9b,-5.95164,-43.64473,2026-10-03 04:40:00,NOAA-21,LAGOA DO MATO,MARANHÃO,Brasil,2105922,21,33,,,,Cerrado,16.1
51fd0d11-d6d5-3766-8778-2e4af0617a5d,-4.28168,-50.78722,2026-10-03 04:40:00,NOAA-21,NOVO REPARTIMENTO,PARÁ,Brasil,1505064,15,33,,,,Amazônia,1.6
3599ed60-2b5c-3d9a-9acd-4c6b74600932,-6.32024,-43.34447,2026-10-03 04:40:00,NOAA-21,SUCUPIRA DO RIACHÃO,MARANHÃO,Brasil,2111953,21,33,,,,Cerrado,10.1
81f84970-8b17-30de-8e92-e2209328b7a8,-4.9861,-45.64518,2026-10-03 04:40:00,NOAA-21,ARAME,MARANHÃO,Brasil,2100956,21,33,,,,Amazônia,0.3
f2be6381-dfc3-3fac-aefe-0fc9955f7d8f,-9.45922,-40.37143,2026-10-03 04:40:00,NOAA-21,JUAZEIRO,BAHIA,Brasil,2918407,29,33,,,,Caatinga,16.5
abc6e9b2-c1ca-3b37-844a-7166f3abfa95,-5.74557,-45.05445,2026-10-03 04:40:00,NOAA-21,BARRA DO CORDA,MARANHÃO,Brasil,2101608,21,33,,,,Cerrado,5.4
c4e3c21e-cb18-3ba2-a88f-b880023e4c14,-6.16539,-52.76298,2026-10-03 04:40:00,NOAA-21,SÃO FÉLIX DO XINGU,PARÁ,Brasil,1507300,15,33,,,,Amazônia,1.5
3e960ff3-75e3-3c89-8ae0-471b6cd1dda1,-3.84955,-55.80526,2026-10-03 04:40:00,NOAA-21,AVEIRO,PARÁ,Brasil,1501006,15,33,,,,Amazônia,3.5
3609bfc5-fd75-3224-8e6f-8eb26d1d1415,-6.23532,-53.14431,2026-10-03 04:40:00,NOAA-21,SÃO FÉLIX DO XINGU,PARÁ,Brasil,1507300,15,33,,,,Amazônia,2.2
50b4df08-603c-3e64-bddc-810c8eb70cbb,-11.72358,-43.49949,2026-10-03 04:40:00,NOAA-21,BARRA,BAHIA,Brasil,2902708,29,33,,,,Cerrado,11.8
20481f52-5d42-3ae9-b01d-ca72e330d42d,-5.11935,-48.4363,2026-10-03 04:40:00,NOAA-21,SÃO PEDRO DA ÁGUA BRANCA,MARANHÃO,Brasil,2111532,21,33,,,,Amazônia,1.8
81676dee-fce9-35be-99ed-2f960b5ebd49,-4.81113,-49.86945,2026-10-03 04:40:00,NOAA-21,NOVO REPARTIMENTO,PARÁ,Brasil,1505064,15,33,,,,Amazônia,1.9
e551af6a-c36a-3404-ab6a-9205401d3e8b,-6.01011,-53.53353,2026-10-03 04:40:00,NOAA-21,ALTAMIRA,PARÁ,Brasil,1500602,15,33,,,,Amazônia,1.9
0d771099-4adf-3397-ba00-f2be52ed99c6,-6.91368,-59.27655,2026-10-03 04:40:00,NOAA-21,APUÍ,AMAZONAS,Brasil,1300144,13,33,,,,Amazônia,0.6
0de0e9aa-8644-3035-beac-3cbf371d2487,-3.51832,-54.602,2026-10-03 04:40:00,NOAA-21,PLACAS,PARÁ,Brasil,1505650,15,33,,,,Amazônia,7.1
1dc32384-8750-37a9-b606-d310ec603a78,-4.53815,-50.78306,2026-10-03 04:40:00,NOAA-21,NOVO REPARTIMENTO,PARÁ,Brasil,1505064,15,33,,,,Amazônia,0.9
b3a3193e-7780-3228-b445-c4ebb441b47f,-5.25171,-55.92082,2026-10-03 04:40:00,NOAA-21,TRAIRÃO,PARÁ,Brasil,1508050,15,33,,,,Amazônia,2.5
cfd66d58-78d2-3bb0-8730-67d83c2aa3e8,-5.73945,-45.14742,2026-10-03 04:40:00,NOAA-21,BARRA DO CORDA,MARANHÃO,Brasil,2101608,21,33,,,,Cerrado,11.6
e02cff50-f796-39ed-bd49-80825cfe45d9,-3.95919,-55.32382,2026-10-03 04:40:00,NOAA-21,AVEIRO,PARÁ,Brasil,1501006,15,33,,,,Amazônia,1.1
6ae59887-e847-3332-9f18-59bf5f4ab39a,-6.84226,-59.26002,2026-10-03 04:40:00,NOAA-21,APUÍ,AMAZONAS,Brasil,1300144,13,33,,,,Amazônia,1.2
0f34c659-8409-3655-86f0-c02f0898e9b7,-5.74274,-45.13961,2026-10-03 04:40:00,NOAA-21,BARRA DO CORDA,MARANHÃO,Brasil,2101608,21,33,,,,Cerrado,10.2
f00eca57-da0f-3807-841d-e916a5f65185,-3.8521,-55.96827,2026-10-03 04:40:00,NOAA-21,AVEIRO,PARÁ,Brasil,1501006,15,33,,,,Amazônia,2.5
7aebda00-e91f-3616-adc0-8c2fec4b9488,-5.74257,-45.15285,2026-10-03 04:40:00,NOAA-21,BARRA DO CORDA,MARANHÃO,Brasil,2101608,21,33,,,,Cerrado,7.5
22713143-a9fc-3867-890f-4ba9cfb7e42d,-5.74404,-45.14313,2026-10-03 04:40:00,NOAA-21,BARRA DO CORDA,MARANHÃO,Brasil,2101608,21,33,,,,Cerrado,11.6
4d11e678-0980-3918-9111-f4201df9a7cd,-6.33625,-43.36225,2026-10-03 04:40:00,NOAA-21,SUCUPIRA DO RIACHÃO,MARANHÃO,Brasil,2111953,21,33,,,,Cerrado,7.1
279bfa85-295b-3900-9478-fb7be10ff640,-9.44896,-40.36219,2026-10-03 04:40:00,NOAA-21,JUAZEIRO,BAHIA,Brasil,2918407,29,33,,,,Caatinga,0.6
11f5a611-dfec-3dcb-b9c9-36e68a3caea1,-6.23463,-53.14856,2026-10-03 04:40:00,NOAA-21,SÃO FÉLIX DO XINGU,PARÁ,Brasil,1507300,15,33,,,,Amazônia,2.2
d1edb598-4586-3613-9c39-a943e947a4ae,-5.76736,-43.98711,2026-10-03 04:40:00,NOAA-21,BURITI BRAVO,MARANHÃO,Brasil,2102309,21,33,,,,Cerrado,0.6
7aac339b-28fb-3279-a86a-d00b6ba5ce63,-5.89411,-55.49252,2026-10-03 04:40:00,NOAA-21,ITAITUBA,PARÁ,Brasil,1503606,15,33,,,,Amazônia,1.9
33e4863c-e7c9-3923-970c-20fbce45fb4f,-3.64098,-55.49957,2026-10-03 04:40:00,NOAA-21,AVEIRO,PARÁ,Brasil,1501006,15,33,,,,Amazônia,1.7
c5839bca-e86c-3f7b-b167-b7f82ab44c98,-4.26829,-50.74069,2026-10-03 04:40:00,NOAA-21,NOVO REPARTIMENTO,PARÁ,Brasil,1505064,15,33,,,,Amazônia,5.2
694533ca-eac9-38aa-b32c-e6914835e455,-9.79663,-54.10765,2026-10-03 04:40:00,NOAA-21,MATUPÁ,MATO GROSSO,Brasil,5105606,51,33,,,,Amazônia,3.3
189714ca-f648-30c1-b10a-5cc1b36ad408,-5.13719,-45.57734,2026-10-03 04:40:00,NOAA-21,ITAIPAVA DO GRAJAÚ,MARANHÃO,Brasil,2105351,21,33,,,,Cerrado,10.1
90b5c6d4-c238-3950-bfa7-b5e4fe4dadc0,-4.30144,-50.77176,2026-10-03 04:40:00,NOAA-21,NOVO REPARTIMENTO,PARÁ,Brasil,1505064,15,33,,,,Amazônia,1.3
1622d528-8034-3d9a-8e49-0fc09ca789f0,-9.47141,-40.36537,2026-10-03 04:40:00,NOAA-21,JUAZEIRO,BAHIA,Brasil,2918407,29,33,,,,Caatinga,95.2
e8688feb-e6bf-3f09-aa1b-4b4318ce2bec,-4.20921,-53.56379,2026-10-03 04:40:00,NOAA-21,ALTAMIRA,PARÁ,Brasil,1500602,15,33,,,,Amazônia,1.6
1c4d50f0-74fe-3088-bfbe-9be55d0fb07f,-9.45873,-40.37524,2026-10-03 04:40:00,NOAA-21,JUAZEIRO,BAHIA,Brasil,2918407,29,33,,,,Caatinga,16.5
a7a9d1b5-a70d-3eb7-af18-df75d1ebde33,-5.94563,-43.65594,2026-10-03 04:40:00,NOAA-21,LAGOA DO MATO,MARANHÃO,Brasil,2105922,21,33,,,,Cerrado,31.5
a5d9a052-72fe-3916-930f-afaa6c006304,-4.27109,-50.74484,2026-10-03 04:40:00,NOAA-21,NOVO REPARTIMENTO,PARÁ,Brasil,1505064,15,33,,,,Amazônia,5.2
779f44f7-c420-31b0-890a-a4366b063263,-4.28959,-50.78102,2026-10-03 04:40:00,NOAA-21,NOVO REPARTIMENTO,PARÁ,Brasil,1505064,15,33,,,,Amazônia,1.0
0567cfe6-383b-3784-a922-182386c0ae93,-5.74716,-45.14854,2026-10-03 04:40:00,NOAA-21,BARRA DO CORDA,MARANHÃO,Brasil,2101608,21,33,,,,Cerrado,2.5
4934aedb-9d69-3393-a0f0-992f98d2e6b3,-6.15705,-43.68929,2026-10-03 04:40:00,NOAA-21,PASSAGEM FRANCA,MARANHÃO,Brasil,2107902,21,33,,,,Cerrado,2.0
cbeceb58-2fd4-33c0-b667-138470f23612,-11.6507,-42.41503,2026-10-03 04:40:00,NOAA-21,GENTIO DO OURO,BAHIA,Brasil,2911303,29,33,,,,Caatinga,1.7
770d5506-8907-3fb1-a924-c2c550d67272,-5.10026,-56.25577,2026-10-03 04:40:00,NOAA-21,TRAIRÃO,PARÁ,Brasil,1508050,15,33,,,,Amazônia,2.0
0ed99281-25c7-31bd-8e2a-d769dd72b9d0,-5.85603,-53.47524,2026-10-03 04:40:00,NOAA-21,ALTAMIRA,PARÁ,Brasil,1500602,15,33,,,,Amazônia,2.3
756ad0cf-c118-35e9-949a-7988500f750b,-6.51501,-55.38981,2026-10-03 04:40:00,NOAA-21,NOVO PROGRESSO,PARÁ,Brasil,1505031,15,33,,,,Amazônia,2.4
1176b8df-6bd3-3efc-901f-1c357c5618b6,-6.20029,-53.26816,2026-10-03 04:40:00,NOAA-21,SÃO FÉLIX DO XINGU,PARÁ,Brasil,1507300,15,33,,,,Amazônia,3.0
ff179886-88c3-355f-b0e5-0b108380e7dc,-5.13655,-45.58168,2026-10-03 04:40:00,NOAA-21,ITAIPAVA DO GRAJAÚ,MARANHÃO,Brasil,2105351,21,33,,,,Cerrado,3.9
28c9e749-34ad-34f4-a42a-aae7774d47e4,-5.95356,-43.66121,2026-10-03 04:40:00,NOAA-21,LAGOA DO MATO,MARANHÃO,Brasil,2105922,21,33,,,,Cerrado,4.0
b2160d71-b131-3504-b5cb-6dd1b6ae4fe0,-5.39621,-45.39403,2026-10-03 04:40:00,NOAA-21,BARRA DO CORDA,MARANHÃO,Brasil,2101608,21,33,,,,Cerrado,1.3
0b29e334-206c-3ddd-9844-fba32ce2e32d,-5.88985,-55.49176,2026-10-03 04:40:00,NOAA-21,ITAITUBA,PARÁ,Brasil,1503606,15,33,,,,Amazônia,2.1
962ba2f5-f819-3cc7-ab23-525070aee89f,-5.74519,-45.14988,2026-10-03 04:40:00,NOAA-21,BARRA DO CORDA,MARANHÃO,Brasil,2101608,21,33,,,,Cerrado,6.8
592d1b1a-fde0-3ed6-82ec-4a90f842eae6,-10.2744,-57.73609,2026-10-03 04:40:00,NOAA-21,NOVA BANDEIRANTES,MATO GROSSO,Brasil,5106158,51,33,,,,Amazônia,1.9
b41f9ca8-31c2-3948-9821-ba41fe08e8ee,-4.45409,-49.69283,2026-10-03 04:40:00,NOAA-21,NOVO REPARTIMENTO,PARÁ,Brasil,1505064,15,33,,,,Amazônia,0.7
043a5fbb-1f80-39ac-a32d-e81c79ed0bf6,-4.28902,-50.78465,2026-10-03 04:40:00,NOAA-21,NOVO REPARTIMENTO,PARÁ,Brasil,1505064,15,33,,,,Amazônia,1.0
d3d7cc34-37c8-3a3f-b972-e765ff9f6a74,-3.67847,-54.18641,2026-10-03 04:40:00,NOAA-21,URUARÁ,PARÁ,Brasil,1508159,15,33,,,,Amazônia,1.3
e9d7e119-feea-34be-8306-88542ccd69de,-10.35697,-40.56223,2026-10-03 04:40:00,NOAA-21,CAMPO FORMOSO,BAHIA,Brasil,2906006,29,33,,,,Caatinga,1.4
12e0b18e-5931-3fdf-9b18-53a8107dc422,-5.82917,-45.00862,2026-10-03 04:40:00,NOAA-21,FERNANDO FALCÃO,MARANHÃO,Brasil,2104081,21,33,,,,Cerrado,2.7
f453f987-3434-38bc-bb96-109c0d4274c3,-7.02955,-44.63565,2026-10-03 04:40:00,NOAA-21,BENEDITO LEITE,MARANHÃO,Brasil,2101806,21,33,,,,Cerrado,0.6
1956ae0b-4948-3f07-bb2a-951ab5cf1341,-9.46531,-40.3684,2026-10-03 04:40:00,NOAA-21,JUAZEIRO,BAHIA,Brasil,2918407,29,33,,,,Caatinga,95.2
a18ba268-c67c-3bb5-bfd0-04d973013aff,-6.2201,-53.26289,2026-10-03 04:40:00,NOAA-21,SÃO FÉLIX DO XINGU,PARÁ,Brasil,1507300,15,33,,,,Amazônia,2.7
10170da7-deda-316d-b4e8-c61af9ee4a28,-5.13347,-45.57671,2026-10-03 04:40:00,NOAA-21,ITAIPAVA DO GRAJAÚ,MARANHÃO,Brasil,2105351,21,33,,,,Cerrado,10.1
baf81ee7-96d1-320b-af9f-002366985bbb,-9.9585,-55.32816,2026-10-03 04:40:00,NOAA-21,NOVO MUNDO,MATO GROSSO,Brasil,5106265,51,33,,,,Amazônia,2.6
f711fb52-c535-3547-864c-b37859f6392e,-4.98981,-45.64568,2026-10-03 04:40:00,NOAA-21,ARAME,MARANHÃO,Brasil,2100956,21,33,,,,Amazônia,0.5
3cacdcbb-43cd-3e2c-bfcb-2aa459ebffa0,-6.8489,-59.29426,2026-10-03 04:40:00,NOAA-21,APUÍ,AMAZONAS,Brasil,1300144,13,33,,,,Amazônia,5.5
7b33248c-0fb3-3108-bc06-5bf8eaee9300,-5.93221,-46.34998,2026-10-03 04:40:00,NOAA-21,GRAJAÚ,MARANHÃO,Brasil,2104800,21,33,,,,Cerrado,1.8
bed382c0-505c-352a-b517-8d6846319dcc,-5.22153,-46.02081,2026-10-03 04:40:00,NOAA-21,ARAME,MARANHÃO,Brasil,2100956,21,33,,,,Amazônia,1.0
0f5b44ff-4eec-39da-8d56-a4381f3d903a,-4.81398,-46.8229,2026-10-03 04:40:00,NOAA-21,BOM JESUS DAS SELVAS,MARANHÃO,Brasil,2102036,21,33,,,,Amazônia,1.5
c4f51293-9179-3e5b-b487-cf7d4bab607e,-5.59535,-44.90837,2026-10-03 04:40:00,NOAA-21,TUNTUM,MARANHÃO,Brasil,2112308,21,33,,,,Cerrado,1.9
b7cb899a-9cb6-3909-b4c4-c6df5390bb00,-9.47044,-40.37301,2026-10-03 04:40:00,NOAA-21,JUAZEIRO,BAHIA,Brasil,2918407,29,33,,,,Caatinga,22.1
9bf5acfb-174c-3806-a1ff-9b278ad9c9d3,-6.92852,-49.62481,2026-10-03 04:40:00,NOAA-21,SAPUCAIA,PARÁ,Brasil,1507755,15,33,,,,Amazônia,3.2
6ba30b86-2fbf-3097-9805-512701aad393,-5.73705,-45.13719,2026-10-03 04:40:00,NOAA-21,BARRA DO CORDA,MARANHÃO,Brasil,2101608,21,33,,,,Cerrado,1.8
a92dbe48-1631-3f72-963b-02e8f49547c2,-5.74975,-45.1456,2026-10-03 04:40:00,NOAA-21,BARRA DO CORDA,MARANHÃO,Brasil,2101608,21,33,,,,Cerrado,2.3
268717ab-16dc-35a8-950b-7eb4022fd505,-6.01316,-53.53849,2026-10-03 04:40:00,NOAA-21,ALTAMIRA,PARÁ,Brasil,1500602,15,33,,,,Amazônia,1.5
93bd82dc-ffc4-337e-a41c-75a7ad60030c,-5.8575,-53.46604,2026-10-03 04:40:00,NOAA-21,ALTAMIRA,PARÁ,Brasil,1500602,15,33,,,,Amazônia,1.3
650073e6-96b9-3985-9577-e5dacfa73e2b,-7.48422,-47.59149,2026-10-03 04:40:00,NOAA-21,BARRA DO OURO,TOCANTINS,Brasil,1703073,17,33,,,,Cerrado,0.8
367455d8-1965-31ad-9012-b7b35dc97e8b,-6.22382,-52.68751,2026-10-03 04:40:00,NOAA-21,SÃO FÉLIX DO XINGU,PARÁ,Brasil,1507300,15,33,,,,Amazônia,0.9
b89095f8-af67-3dbd-951a-1b971154a38e,-6.84376,-59.26053,2026-10-03 04:40:00,NOAA-21,APUÍ,AMAZONAS,Brasil,1300144,13,33,,,,Amazônia,1.4
4a18b04d-b6c1-3400-93a5-ae4d394c26f9,-4.12285,-55.0174,2026-10-03 04:40:00,NOAA-21,RURÓPOLIS,PARÁ,Brasil,1506195,15,33,,,,Amazônia,1.0
35ec3c0a-e95f-379a-9097-9280fbdf9ade,-5.94505,-43.65989,2026-10-03 04:40:00,NOAA-21,LAGOA DO MATO,MARANHÃO,Brasil,2105922,21,33,,,,Cerrado,31.5
b7603b8b-506d-3978-acc5-1487007a7c4f,-4.27167,-50.7412,2026-10-03 04:40:00,NOAA-21,NOVO REPARTIMENTO,PARÁ,Brasil,1505064,15,33,,,,Amazônia,5.2
5ef6e80c-cef2-3086-a137-91cde2e89143,-5.25613,-55.92172,2026-10-03 04:40:00,NOAA-21,TRAIRÃO,PARÁ,Brasil,1508050,15,33,,,,Amazônia,2.5
38474d31-243e-3930-a188-33f5a410cd9d,-11.71614,-43.43032,2026-10-03 04:40:00,NOAA-21,BARRA,BAHIA,Brasil,2902708,29,33,,,,Cerrado,3.7
8c058369-9335-3b60-a017-fe12dfca1f82,-5.22089,-46.02515,2026-10-03 04:40:00,NOAA-21,ARAME,MARANHÃO,Brasil,2100956,21,33,,,,Amazônia,1.0
806713e1-7593-3427-84f1-97669dad9e7e,-4.79293,-55.72089,2026-10-03 04:40:00,NOAA-21,TRAIRÃO,PARÁ,Brasil,1508050,15,33,,,,Amazônia,4.0
2646a910-8edd-3f9b-8429-8c5d08b3e618,-6.91306,-59.28011,2026-10-03 04:40:00,NOAA-21,APUÍ,AMAZONAS,Brasil,1300144,13,33,,,,Amazônia,0.6
d109e524-05a3-3f52-8bc0-606ec2934875,-5.55833,-43.96597,2026-10-03 04:40:00,NOAA-21,FORTUNA,MARANHÃO,Brasil,2104206,21,33,,,,Cerrado,1.8
6c3ecdc1-92e4-3c07-a01f-d473acaed1cc,-4.78849,-55.72032,2026-10-03 04:40:00,NOAA-21,TRAIRÃO,PARÁ,Brasil,1508050,15,33,,,,Amazônia,4.0
6e84227f-d66d-38f8-9767-5731cf593418,-4.98677,-45.64074,2026-10-03 04:40:00,NOAA-21,ARAME,MARANHÃO,Brasil,2100956,21,33,,,,Amazônia,0.6
ba4fd5ba-ff2f-3891-92eb-9f00d766a8fd,-5.74204,-45.14444,2026-10-03 04:40:00,NOAA-21,BARRA DO CORDA,MARANHÃO,Brasil,2101608,21,33,,,,Cerrado,10.2
d0a9d24e-42b2-36eb-8b96-453072ec2529,-6.21932,-53.26106,2026-10-03 04:40:00,NOAA-21,SÃO FÉLIX DO XINGU,PARÁ,Brasil,1507300,15,33,,,,Amazônia,2.4
71fb2939-8f1d-3c77-8e2b-bba97a1bed03,-5.94313,-43.64338,2026-10-03 04:40:00,NOAA-21,LAGOA DO MATO,MARANHÃO,Brasil,2105922,21,33,,,,Cerrado,9.1
2ed7ec9b-e900-3dc9-b0be-3a41cdafe81f,-4.30311,-50.78311,2026-10-03 04:40:00,NOAA-21,NOVO REPARTIMENTO,PARÁ,Brasil,1505064,15,33,,,,Amazônia,1.6
0fbda2d7-a7d5-3e6a-a953-767849c6150a,-6.00707,-53.5285,2026-10-03 04:40:00,NOAA-21,ALTAMIRA,PARÁ,Brasil,1500602,15,33,,,,Amazônia,2.8
a8f0ab43-90d2-3a30-bfe3-1c18f5d802b5,-3.5891,-54.53507,2026-10-03 04:40:00,NOAA-21,PLACAS,PARÁ,Brasil,1505650,15,33,,,,Amazônia,1.6
092309c3-3da5-335a-9477-26aa0accf78f,-6.09925,-47.66087,2026-10-03 04:40:00,NOAA-21,MAURILÂNDIA DO TOCANTINS,TOCANTINS,Brasil,1712801,17,33,,,,Cerrado,2.2
0e7184ca-ab57-3693-8afa-dc693a407186,-5.09571,-56.25496,2026-10-03 04:40:00,NOAA-21,TRAIRÃO,PARÁ,Brasil,1508050,15,33,,,,Amazônia,2.0
7e01eef9-e300-3667-8617-c80535ec33ac,-9.95761,-55.33334,2026-10-03 04:40:00,NOAA-21,NOVO MUNDO,MATO GROSSO,Brasil,5106265,51,33,,,,Amazônia,3.4
9c39ace4-4763-39bc-a0b6-9911c74669a9,-5.75576,-45.29261,2026-10-03 04:40:00,NOAA-21,BARRA DO CORDA,MARANHÃO,Brasil,2101608,21,33,,,,Cerrado,1.2
20e9c238-3cdd-3f93-881c-ef0c8abdd5f4,-3.85175,-55.80344,2026-10-03 04:40:00,NOAA-21,AVEIRO,PARÁ,Brasil,1501006,15,33,,,,Amazônia,3.7
eaf38eb1-2032-36db-b5fb-a04bcb2e22d3,-4.29073,-50.77378,2026-10-03 04:40:00,NOAA-21,NOVO REPARTIMENTO,PARÁ,Brasil,1505064,15,33,,,,Amazônia,2.5
fc6900c4-62f2-3fe9-bab8-999792731777,-6.31697,-43.62481,2026-10-03 04:40:00,NOAA-21,PASSAGEM FRANCA,MARANHÃO,Brasil,2107902,21,33,,,,Cerrado,4.1
da4a203c-6c9f-3d4e-95f6-b1639abfae0d,-4.81335,-49.87686,2026-10-03 04:40:00,NOAA-21,NOVO REPARTIMENTO,PARÁ,Brasil,1505064,15,33,,,,Amazônia,2.1
56530b0f-6a32-3bab-b976-738b68fd0d25,-5.72449,-48.94417,2026-10-03 04:40:00,NOAA-21,MARABÁ,PARÁ,Brasil,1504208,15,33,,,,Amazônia,0.7
52734ea9-8fac-3065-b0e6-ea301c4b9e7b,-5.15363,-46.04626,2026-10-03 04:40:00,NOAA-21,ARAME,MARANHÃO,Brasil,2100956,21,33,,,,Amazônia,0.9
1ca64923-7464-3c5e-ab91-0070f70709d0,-7.23284,-46.01276,2026-10-03 04:40:00,NOAA-21,BALSAS,MARANHÃO,Brasil,2101400,21,33,,,,Cerrado,3.4
614d3d6c-c6d2-3c0d-ac80-cdb117eb44a9,-5.37368,-56.05856,2026-10-03 04:40:00,NOAA-21,TRAIRÃO,PARÁ,Brasil,1508050,15,33,,,,Amazônia,2.3
959edb9d-3d51-348d-9d7a-61040bedf5e6,-5.8636,-53.47604,2026-10-03 04:40:00,NOAA-21,ALTAMIRA,PARÁ,Brasil,1500602,15,33,,,,Amazônia,1.6
22f669d0-ff9c-34cc-9b32-5b0bd913ce26,-3.58194,-55.55339,2026-10-03 04:40:00,NOAA-21,AVEIRO,PARÁ,Brasil,1501006,15,33,,,,Amazônia,1.3
e05fc92a-728f-30e0-988e-b6ca7049f03a,-4.78554,-55.71072,2026-10-03 04:40:00,NOAA-21,TRAIRÃO,PARÁ,Brasil,1508050,15,33,,,,Amazônia,1.3
4cc27dc1-7b67-3958-a7c2-e0960622cb48,-5.75958,-45.2932,2026-10-03 04:40:00,NOAA-21,BARRA DO CORDA,MARANHÃO,Brasil,2101608,21,33,,,,Cerrado,1.2
52f36406-f545-3f0e-be04-7acd38c099e1,-9.4597,-40.36762,2026-10-03 04:40:00,NOAA-21,JUAZEIRO,BAHIA,Brasil,2918407,29,33,,,,Caatinga,112.6
a6a882cb-cde4-34bf-b28c-aa12622601c5,-6.92338,-44.56406,2026-10-03 04:40:00,NOAA-21,SÃO DOMINGOS DO AZEITÃO,MARANHÃO,Brasil,2110658,21,33,,,,Cerrado,3.2
40ce256f-30f7-36c4-8250-b819354a5297,-6.50185,-41.7451,2026-10-03 04:40:00,NOAA-21,VALENÇA DO PIAUÍ,PIAUÍ,Brasil,2211308,22,33,,,,Caatinga,2.7
dcd0c973-54d3-327b-a7ff-8dafc11446b2,-7.47079,-44.42357,2026-10-03 04:40:00,NOAA-21,URUÇUÍ,PIAUÍ,Brasil,2211209,22,33,,,,Cerrado,3.2
a4adcf3c-a135-3bc8-8cf9-1f1c87d9dbb3,-5.75101,-45.14912,2026-10-03 04:40:00,NOAA-21,BARRA DO CORDA,MARANHÃO,Brasil,2101608,21,33,,,,Cerrado,2.5
f889b960-fcf8-394d-afe7-cca46b56167d,-5.96288,-43.6527,2026-10-03 04:40:00,NOAA-21,LAGOA DO MATO,MARANHÃO,Brasil,2105922,21,33,,,,Cerrado,2.0
d93b4e75-baaf-368f-868f-4dad6bba35f5,-6.86437,-59.33333,2026-10-03 04:40:00,NOAA-21,APUÍ,AMAZONAS,Brasil,1300144,13,33,,,,Amazônia,1.7
aeba68d7-15fa-3b36-83d2-46dee69185e1,-4.12712,-55.018,2026-10-03 04:40:00,NOAA-21,RURÓPOLIS,PARÁ,Brasil,1506195,15,33,,,,Amazônia,0.7
b37ec9ef-f28a-330d-bd1b-ddd126943daa,-5.73818,-45.14388,2026-10-03 04:40:00,NOAA-21,BARRA DO CORDA,MARANHÃO,Brasil,2101608,21,33,,,,Cerrado,10.2
b6f26773-7393-3642-9e89-2b66c3466110,-5.59997,-44.90401,2026-10-03 04:40:00,NOAA-21,TUNTUM,MARANHÃO,Brasil,2112308,21,33,,,,Cerrado,1.9
e9bee8e5-9195-3f0c-acf2-33611b5c0617,-5.73094,-43.28338,2026-10-03 04:40:00,NOAA-21,PARNARAMA,MARANHÃO,Brasil,2107803,21,33,,,,Cerrado,7.8
016cc409-d731-3ec6-9c20-2ebd52169a64,-5.74905,-45.15045,2026-10-03 04:40:00,NOAA-21,BARRA DO CORDA,MARANHÃO,Brasil,2101608,21,33,,,,Cerrado,6.8
a1c5f77a-5d67-3ba3-a59c-d71448529ab0,-6.02389,-43.59207,2026-10-03 04:40:00,NOAA-21,LAGOA DO MATO,MARANHÃO,Brasil,2105922,21,33,,,,Cerrado,3.8
f3d30bca-37d4-36af-aa91-968206dfd5dd,-5.74331,-45.14797,2026-10-03 04:40:00,NOAA-21,BARRA DO CORDA,MARANHÃO,Brasil,2101608,21,33,,,,Cerrado,11.6
4f5b6a99-16c6-3311-95bf-86e503db1739,-5.87169,-50.15843,2026-10-03 04:40:00,NOAA-21,MARABÁ,PARÁ,Brasil,1504208,15,33,,,,Amazônia,1.8
7d8a6640-3ae1-374b-93b2-65820a235793,-5.43172,-43.44608,2026-10-03 04:40:00,NOAA-21,MATÕES,MARANHÃO,Brasil,2106607,21,33,,,,Cerrado,2.4
f3a4de0c-dad3-35f5-88d6-2e5e3cd5df19,-6.01389,-53.53405,2026-10-03 04:40:00,NOAA-21,ALTAMIRA,PARÁ,Brasil,1500602,15,33,,,,Amazônia,1.9
bc14f6d7-123f-3c87-8638-604648eb6264,-5.94989,-43.65658,2026-10-03 04:40:00,NOAA-21,LAGOA DO MATO,MARANHÃO,Brasil,2105922,21,33,,,,Cerrado,31.5
561f516b-a392-307d-80a2-55a481bcaa17,-4.21308,-53.56438,2026-10-03 04:40:00,NOAA-21,ALTAMIRA,PARÁ,Brasil,1500602,15,33,,,,Amazônia,1.6
c7adb02e-f6ea-313f-b438-61c2e675f881,-11.7185,-43.42654,2026-10-03 04:40:00,NOAA-21,BARRA,BAHIA,Brasil,2902708,29,33,,,,Cerrado,8.7
ca4067f7-d388-3ed8-b252-975bdc390f62,-4.81058,-49.8729,2026-10-03 04:40:00,NOAA-21,NOVO REPARTIMENTO,PARÁ,Brasil,1505064,15,33,,,,Amazônia,1.4
18a35f43-a572-3dbd-b9ff-8e10a0840a54,-4.53534,-50.77892,2026-10-03 04:40:00,NOAA-21,NOVO REPARTIMENTO,PARÁ,Brasil,1505064,15,33,,,,Amazônia,1.8
9a87e057-4e98-34a7-8e1f-a5e2da21f9e4,-5.88627,-55.48695,2026-10-03 04:40:00,NOAA-21,ITAITUBA,PARÁ,Brasil,1503606,15,33,,,,Amazônia,3.8
4c583f7c-c904-3146-88c6-cce84a1452a3,-6.31756,-43.62069,2026-10-03 04:40:00,NOAA-21,PASSAGEM FRANCA,MARANHÃO,Brasil,2107902,21,33,,,,Cerrado,3.6
c005994b-ef76-3a8d-8c80-8452ade78e86,-10.36375,-39.49516,2026-10-03 04:40:00,NOAA-21,MONTE SANTO,BAHIA,Brasil,2921500,29,33,,,,Caatinga,2.6
4ff3ba9a-2eaf-3348-8693-379ef28b1902,-5.74569,-45.15821,2026-10-03 04:40:00,NOAA-21,BARRA DO CORDA,MARANHÃO,Brasil,2101608,21,33,,,,Cerrado,5.0
1b796e5a-2d8b-3cf7-964c-6c54765a683d,-6.83983,-59.27406,2026-10-03 04:40:00,NOAA-21,APUÍ,AMAZONAS,Brasil,1300144,13,33,,,,Amazônia,1.1
ed793a12-dfc0-3fdd-b398-8f0bcb9591a6,-6.84284,-59.25668,2026-10-03 04:40:00,NOAA-21,APUÍ,AMAZONAS,Brasil,1300144,13,33,,,,Amazônia,1.2
2ed7874d-6c75-35c2-a6e5-fb761828268f,-6.20399,-53.26875,2026-10-03 04:40:00,NOAA-21,SÃO FÉLIX DO XINGU,PARÁ,Brasil,1507300,15,33,,,,Amazônia,3.0
5a715ac3-019e-3763-9593-49ea57bf54e2,-6.2382,-53.14764,2026-10-03 04:40:00,NOAA-21,SÃO FÉLIX DO XINGU,PARÁ,Brasil,1507300,15,33,,,,Amazônia,3.2
005b8ae0-2ce3-3ca6-af43-2a85c54625c2,-6.85642,-59.25238,2026-10-03 04:40:00,NOAA-21,APUÍ,AMAZONAS,Brasil,1300144,13,33,,,,Amazônia,1.7
7695fa6b-5c10-3c67-aef4-12b7402f432c,-4.26096,-50.74326,2026-10-03 04:40:00,NOAA-21,NOVO REPARTIMENTO,PARÁ,Brasil,1505064,15,33,,,,Amazônia,2.2
438fee56-ad0c-3972-b484-8323421dc355,-6.23831,-53.14914,2026-10-03 04:40:00,NOAA-21,SÃO FÉLIX DO XINGU,PARÁ,Brasil,1507300,15,33,,,,Amazônia,2.2
e53c6ed1-1f11-32d1-b553-f9152a6008eb,-5.95106,-43.64867,2026-10-03 04:40:00,NOAA-21,LAGOA DO MATO,MARANHÃO,Brasil,2105922,21,33,,,,Cerrado,10.6
50b1487c-18ef-3f49-b13c-e4f6e09dd295,-9.70161,-57.45255,2026-10-03 04:40:00,NOAA-21,APIACÁS,MATO GROSSO,Brasil,5100805,51,33,,,,Amazônia,10.3
6730688d-1798-3463-ad32-a1d0b864a278,-3.58555,-54.53068,2026-10-03 04:40:00,NOAA-21,PLACAS,PARÁ,Brasil,1505650,15,33,,,,Amazônia,1.1
f24aee4f-da7f-3394-82eb-b914252b7597,-6.31963,-43.34864,2026-10-03 04:40:00,NOAA-21,SUCUPIRA DO RIACHÃO,MARANHÃO,Brasil,2111953,21,33,,,,Cerrado,10.1
1eb92d30-0ce9-3c02-a99f-5a59c3127159,-4.79068,-55.70709,2026-10-03 04:40:00,NOAA-21,TRAIRÃO,PARÁ,Brasil,1508050,15,33,,,,Amazônia,1.9
d5d09c3b-ffb0-34fa-9179-32a568084dfa,-11.71484,-43.49313,2026-10-03 04:40:00,NOAA-21,BARRA,BAHIA,Brasil,2902708,29,33,,,,Cerrado,3.3
9b0d40d9-122a-3cc2-8193-532939704df0,-5.73888,-45.13905,2026-10-03 04:40:00,NOAA-21,BARRA DO CORDA,MARANHÃO,Brasil,2101608,21,33,,,,Cerrado,10.2
e6c7c1e2-db5c-30f9-929f-93e3517bec7b,-6.18322,-44.64507,2026-10-03 04:40:00,NOAA-21,MIRADOR,MARANHÃO,Brasil,2106706,21,33,,,,Cerrado,1.5
96dd64b4-9731-30db-a1f0-db06b3de5950,-5.7356,-45.14683,2026-10-03 04:40:00,NOAA-21,BARRA DO CORDA,MARANHÃO,Brasil,2101608,21,33,,,,Cerrado,6.8
510d6ced-2221-3b62-9245-cba5803b9da7,-4.26887,-50.73706,2026-10-03 04:40:00,NOAA-21,NOVO REPARTIMENTO,PARÁ,Brasil,1505064,15,33,,,,Amazônia,2.7
2fa14201-6785-3824-bbfa-aeb3bf757974,-5.42519,-44.78265,2026-10-03 04:40:00,NOAA-21,TUNTUM,MARANHÃO,Brasil,2112308,21,33,,,,Cerrado,1.1
754f9472-05cc-3d46-bb45-c72682c23406,-6.83893,-59.25631,2026-10-03 04:40:00,NOAA-21,APUÍ,AMAZONAS,Brasil,1300144,13,33,,,,Amazônia,2.1
8d4704f2-8223-38ee-97e0-fbfea22cbd0e,-6.02818,-43.5927,2026-10-03 04:40:00,NOAA-21,LAGOA DO MATO,MARANHÃO,Brasil,2105922,21,33,,,,Cerrado,1.1
8862052e-f943-34a7-a4d9-102906356f18,-7.23351,-46.00829,2026-10-03 04:40:00,NOAA-21,BALSAS,MARANHÃO,Brasil,2101400,21,33,,,,Cerrado,2.4
454f22c5-b0fb-30e5-8c2f-854ac75ba1cf,-4.26549,-50.73656,2026-10-03 04:40:00,NOAA-21,NOVO REPARTIMENTO,PARÁ,Brasil,1505064,15,33,,,,Amazônia,4.2
55f2a4d8-08d4-3b55-8e1f-46e0f5e21b8b,-5.40721,-45.19288,2026-10-03 04:40:00,NOAA-21,BARRA DO CORDA,MARANHÃO,Brasil,2101608,21,33,,,,Cerrado,1.8
99b0d10e-b64f-3708-8345-62655fde99d4,-4.81666,-49.87738,2026-10-03 04:40:00,NOAA-21,ITUPIRANGA,PARÁ,Brasil,1503705,15,33,,,,Amazônia,2.1
92d5966e-ea3d-3842-a13b-12b99630f827,-4.41116,-49.96633,2026-10-03 04:40:00,NOAA-21,NOVO REPARTIMENTO,PARÁ,Brasil,1505064,15,33,,,,Amazônia,2.3
3feef098-6dc1-341a-abaf-d086a081a48b,-9.95453,-55.32751,2026-10-03 04:40:00,NOAA-21,NOVO MUNDO,MATO GROSSO,Brasil,5106265,51,33,,,,Amazônia,2.6
0aa95b9d-3f9f-38e3-9c5a-7e4fb4b59823,-4.68561,-55.79605,2026-10-03 04:40:00,NOAA-21,TRAIRÃO,PARÁ,Brasil,1508050,15,33,,,,Amazônia,2.1
c75e57c3-2e01-3d5b-8601-f1a1842ffc76,-5.95415,-43.65724,2026-10-03 04:40:00,NOAA-21,LAGOA DO MATO,MARANHÃO,Brasil,2105922,21,33,,,,Cerrado,4.0
98186d39-082e-3c73-b512-708ea7e5685e,-4.79218,-55.72544,2026-10-03 04:40:00,NOAA-21,TRAIRÃO,PARÁ,Brasil,1508050,15,33,,,,Amazônia,4.0
a428df2f-c5f2-3b9b-9c62-01df339ef3e8,-5.43602,-43.44667,2026-10-03 04:40:00,NOAA-21,MATÕES,MARANHÃO,Brasil,2106607,21,33,,,,Cerrado,1.7
2f3df0fb-a44c-39eb-8ed7-86bbd9782890,-5.95473,-43.65328,2026-10-03 04:40:00,NOAA-21,LAGOA DO MATO,MARANHÃO,Brasil,2105922,21,33,,,,Cerrado,2.9
78b12bff-9069-3624-8e16-a238b1435c1f,-5.7459,-45.145,2026-10-03 04:40:00,NOAA-21,BARRA DO CORDA,MARANHÃO,Brasil,2101608,21,33,,,,Cerrado,2.3
4bfda9d4-ac5f-3c7e-bf82-27c021bff0d5,-11.7142,-43.49817,2026-10-03 04:40:00,NOAA-21,BARRA,BAHIA,Brasil,2902708,29,33,,,,Cerrado,3.3
a575f6df-d040-3e8d-adcc-629b77232bb8,-6.50109,-41.75053,2026-10-03 04:40:00,NOAA-21,VALENÇA DO PIAUÍ,PIAUÍ,Brasil,2211308,22,33,,,,Caatinga,4.3
d2374f64-93dd-3e30-ab86-634384c0bd0f,-6.85702,-59.24906,2026-10-03 04:40:00,NOAA-21,APUÍ,AMAZONAS,Brasil,1300144,13,33,,,,Amazônia,1.7
a148bd30-9db9-3ec3-ab87-0b90f8dc97f5,-3.58971,-54.53128,2026-10-03 04:40:00,NOAA-21,PLACAS,PARÁ,Brasil,1505650,15,33,,,,Amazônia,3.5
a2d5143d-e181-3c14-a4b2-80e8fb87a3da,-4.80727,-49.8724,2026-10-03 04:40:00,NOAA-21,NOVO REPARTIMENTO,PARÁ,Brasil,1505064,15,33,,,,Amazônia,1.4
3b49a224-a408-36c9-b430-6b52e03ef2aa,-9.46066,-40.35996,2026-10-03 04:40:00,NOAA-21,JUAZEIRO,BAHIA,Brasil,2918407,29,33,,,,Caatinga,7.4
324c46fb-172d-3d7b-8c76-19e72bd9c761,-5.73748,-45.14875,2026-10-03 04:40:00,NOAA-21,BARRA DO CORDA,MARANHÃO,Brasil,2101608,21,33,,,,Cerrado,9.0
633e8535-e1f6-3b30-9a2f-c0b0fed696bb,-4.30087,-50.77536,2026-10-03 04:40:00,NOAA-21,NOVO REPARTIMENTO,PARÁ,Brasil,1505064,15,33,,,,Amazônia,0.8
dbbab6c9-fe8a-30d1-a674-7977a7408958,-6.05079,-59.9286,2026-10-03 04:40:00,NOAA-21,NOVO ARIPUANÃ,AMAZONAS,Brasil,1303304,13,33,,,,Amazônia,1.2
c3ce2c70-cc94-34d0-abea-63e10f3fd020,-7.83362,-47.9253,2026-10-03 04:40:00,NOAA-21,PALMEIRANTE,TOCANTINS,Brasil,1715705,17,33,,,,Cerrado,1.7
60c08b0e-8075-3d67-ad9a-100bdc2130b8,-5.27384,-43.36567,2026-10-03 04:40:00,NOAA-21,MATÕES,MARANHÃO,Brasil,2106607,21,33,,,,Cerrado,1.0
a88b7886-0229-3407-80c8-431f13fa5528,-4.41393,-49.97032,2026-10-03 04:40:00,NOAA-21,NOVO REPARTIMENTO,PARÁ,Brasil,1505064,15,33,,,,Amazônia,2.3
8ac8e4ed-95aa-3bc0-91ab-a8ab86dac3da,-5.15425,-46.04219,2026-10-03 04:40:00,NOAA-21,ARAME,MARANHÃO,Brasil,2100956,21,33,,,,Amazônia,1.4
71044f82-335e-3f9c-990c-801d0e1b2a80,-5.74064,-45.1542,2026-10-03 04:40:00,NOAA-21,BARRA DO CORDA,MARANHÃO,Brasil,2101608,21,33,,,,Cerrado,9.0
85757b99-044f-3d58-bd92-c2758d38364f,-7.83705,-47.92582,2026-10-03 04:40:00,NOAA-21,PALMEIRANTE,TOCANTINS,Brasil,1715705,17,33,,,,Cerrado,1.7
bafa26e0-2ccc-3bf6-bfa8-9564b568f8e8,-5.85788,-53.46872,2026-10-03 04:40:00,NOAA-21,ALTAMIRA,PARÁ,Brasil,1500602,15,33,,,,Amazônia,1.2
258313d1-f757-3a8c-84c7-b907d23548c3,-5.7272,-43.27846,2026-10-03 04:40:00,NOAA-21,PARNARAMA,MARANHÃO,Brasil,2107803,21,33,,,,Cerrado,1.5
26d70ef5-dffb-38b4-86ef-9d833e63f0ca,-4.27447,-50.74535,2026-10-03 04:40:00,NOAA-21,NOVO REPARTIMENTO,PARÁ,Brasil,1505064,15,33,,,,Amazônia,1.9
fab9fcc6-2fa3-3b6b-804c-c2234dc7bb09,-6.30553,-43.48684,2026-10-03 04:40:00,NOAA-21,SUCUPIRA DO RIACHÃO,MARANHÃO,Brasil,2111953,21,33,,,,Cerrado,4.2
efc1412d-d908-3a51-96f7-7b213d425aa4,-4.4117,-49.96285,2026-10-03 04:40:00,NOAA-21,NOVO REPARTIMENTO,PARÁ,Brasil,1505064,15,33,,,,Amazônia,1.8
faf68618-0b55-3eee-b282-13e90753f593,-4.29973,-50.78259,2026-10-03 04:40:00,NOAA-21,NOVO REPARTIMENTO,PARÁ,Brasil,1505064,15,33,,,,Amazônia,2.6
7bb3a5fc-062e-3fe3-9131-8ab747b31cef,-4.27052,-50.74846,2026-10-03 04:40:00,NOAA-21,NOVO REPARTIMENTO,PARÁ,Brasil,1505064,15,33,,,,Amazônia,3.1
ab5f2f1a-fb65-3774-a4e3-22a04f0f138e,-6.8374,-59.25576,2026-10-03 04:40:00,NOAA-21,APUÍ,AMAZONAS,Brasil,1300144,13,33,,,,Amazônia,1.2
84008c36-aa00-38db-b2ca-ab61f92ceda1,-5.72659,-43.28273,2026-10-03 04:40:00,NOAA-21,PARNARAMA,MARANHÃO,Brasil,2107803,21,33,,,,Cerrado,8.4
8d610f10-f849-3c39-9fe1-35d19d18168e,-6.84953,-59.29076,2026-10-03 04:40:00,NOAA-21,APUÍ,AMAZONAS,Brasil,1300144,13,33,,,,Amazônia,4.0
d7ba227c-b2c4-38a3-9d5a-b6654dc686da,-11.85511,-44.73646,2026-10-03 04:40:00,NOAA-21,ANGICAL,BAHIA,Brasil,2901403,29,33,,,,Cerrado,3.6
e4c22ecd-2523-37b0-8031-8ef47e0b3f57,-9.47092,-40.36919,2026-10-03 04:40:00,NOAA-21,JUAZEIRO,BAHIA,Brasil,2918407,29,33,,,,Caatinga,95.2
c94f8851-38a4-30de-b80e-b5ae4983078b,-4.30425,-50.77589,2026-10-03 04:40:00,NOAA-21,NOVO REPARTIMENTO,PARÁ,Brasil,1505064,15,33,,,,Amazônia,0.9
7b6e1bbc-65df-3997-a7ce-7a51172474e3,-5.95048,-43.65262,2026-10-03 04:40:00,NOAA-21,LAGOA DO MATO,MARANHÃO,Brasil,2105922,21,33,,,,Cerrado,10.6
656de96a-26a2-392c-86ce-fab4ed052098,-3.85028,-55.80071,2026-10-03 04:40:00,NOAA-21,AVEIRO,PARÁ,Brasil,1501006,15,33,,,,Amazônia,5.9
0a600a01-a613-3542-a03b-9a0f9c33de4b,-5.94931,-43.66054,2026-10-03 04:40:00,NOAA-21,LAGOA DO MATO,MARANHÃO,Brasil,2105922,21,33,,,,Cerrado,31.5
2eddf127-8aa0-3d18-aa37-1ebba63f485a,-6.20759,-60.02519,2026-10-03 04:40:00,NOAA-21,NOVO ARIPUANÃ,AMAZONAS,Brasil,1303304,13,33,,,,Amazônia,1.7
c724a4db-ddad-3091-bc3f-a8d4f9cce551,-6.0618,-62.5335,2026-10-03 04:40:00,NOAA-21,MANICORÉ,AMAZONAS,Brasil,1302702,13,33,,,,Amazônia,1.2
138f5b53-9c0a-35c4-82b5-5115d9f44857,-5.85223,-53.47488,2026-10-03 04:40:00,NOAA-21,ALTAMIRA,PARÁ,Brasil,1500602,15,33,,,,Amazônia,5.7
9997fe30-6d08-38c1-9a38-8ea772a4a7ed,-4.78923,-55.71581,2026-10-03 04:40:00,NOAA-21,TRAIRÃO,PARÁ,Brasil,1508050,15,33,,,,Amazônia,4.0
73e84aaf-a414-3754-85a3-52deddf00a03,-5.95532,-43.64934,2026-10-03 04:40:00,NOAA-21,LAGOA DO MATO,MARANHÃO,Brasil,2105922,21,33,,,,Cerrado,2.9
36152819-9332-3d15-8c82-a80c64890662,-7.46258,-54.98839,2026-10-03 04:40:00,NOAA-21,ALTAMIRA,PARÁ,Brasil,1500602,15,33,,,,Amazônia,1.8
04e0bfd6-e7a5-3b23-81e4-573d368e54ff,-5.74184,-45.15766,2026-10-03 04:40:00,NOAA-21,BARRA DO CORDA,MARANHÃO,Brasil,2101608,21,33,,,,Cerrado,7.5
214dd294-9b9b-3d88-90a8-8fbb043d0906,-6.00331,-53.52792,2026-10-03 04:40:00,NOAA-21,ALTAMIRA,PARÁ,Brasil,1500602,15,33,,,,Amazônia,2.8
dad862d9-b7a5-39cf-8500-ed86daa16f5b,-3.64028,-55.50391,2026-10-03 04:40:00,NOAA-21,AVEIRO,PARÁ,Brasil,1501006,15,33,,,,Amazônia,1.7
d783373e-8748-38b2-b3a7-80ca279a6089,-7.22748,-46.04852,2026-10-03 04:40:00,NOAA-21,BALSAS,MARANHÃO,Brasil,2101400,21,33,,,,Cerrado,1.4
1887f35d-8218-3338-b39e-8e10260ae771,-4.80782,-49.86895,2026-10-03 04:40:00,NOAA-21,NOVO REPARTIMENTO,PARÁ,Brasil,1505064,15,33,,,,Amazônia,1.9
85119b53-7cfc-313c-bb03-2f0eaea833ef,-4.43119,-55.74702,2026-10-03 04:40:00,NOAA-21,ITAITUBA,PARÁ,Brasil,1503606,15,33,,,,Amazônia,3.5
e76a6a94-c1fd-30ed-ad07-062126f28de3,-5.37593,-56.04517,2026-10-03 04:40:00,NOAA-21,TRAIRÃO,PARÁ,Brasil,1508050,15,33,,,,Amazônia,2.1
f3683778-f210-3149-946f-cf9f079e69dc,-4.40729,-49.96929,2026-10-03 04:40:00,NOAA-21,NOVO REPARTIMENTO,PARÁ,Brasil,1505064,15,33,,,,Amazônia,1.1
1dff471d-78bb-3bbf-be29-8e391affac79,-5.94622,-43.65199,2026-10-03 04:40:00,NOAA-21,LAGOA DO MATO,MARANHÃO,Brasil,2105922,21,33,,,,Cerrado,10.6
b829b02a-853f-338a-a8d5-a4f9797ab47a,-6.04434,-59.93167,2026-10-03 04:40:00,NOAA-21,NOVO ARIPUANÃ,AMAZONAS,Brasil,1303304,13,33,,,,Amazônia,1.3
e4e9b55e-1dab-3625-97c7-3a561002ffb1,-5.94873,-43.66447,2026-10-03 04:40:00,NOAA-21,LAGOA DO MATO,MARANHÃO,Brasil,2105922,21,33,,,,Cerrado,14.1
0b57a694-7aad-3c9b-a4ff-837b37dc1d2e,-5.37518,-56.04964,2026-10-03 04:40:00,NOAA-21,TRAIRÃO,PARÁ,Brasil,1508050,15,33,,,,Amazônia,1.9
5156c13f-d36a-3fd0-a338-9176f0c48caa,-6.865,-59.3298,2026-10-03 04:40:00,NOAA-21,APUÍ,AMAZONAS,Brasil,1300144,13,33,,,,Amazônia,1.5
56efa30b-b645-383e-b172-48bb60294dac,-9.46676,-40.35693,2026-10-03 04:40:00,NOAA-21,JUAZEIRO,BAHIA,Brasil,2918407,29,33,,,,Caatinga,4.2
4928dd3e-073f-3534-8f06-f98392ab8ea3,-5.13283,-45.58113,2026-10-03 04:40:00,NOAA-21,ITAIPAVA DO GRAJAÚ,MARANHÃO,Brasil,2105351,21,33,,,,Cerrado,3.9
23847b92-582d-39bb-8ea1-2f726742b21f,-3.9154,-54.42654,2026-10-03 04:40:00,NOAA-21,PLACAS,PARÁ,Brasil,1505650,15,33,,,,Amazônia,1.7
01c29611-024f-30ef-b088-9ec3cc4b0caf,-6.34062,-43.36295,2026-10-03 04:40:00,NOAA-21,SUCUPIRA DO RIACHÃO,MARANHÃO,Brasil,2111953,21,33,,,,Cerrado,5.4
026db4ed-e788-3320-8f85-5a20a9576b2d,-4.28844,-50.78827,2026-10-03 04:40:00,NOAA-21,NOVO REPARTIMENTO,PARÁ,Brasil,1505064,15,33,,,,Amazônia,1.1
b3686085-44ba-3db9-a78e-aa9c8d8ff5fc,-4.1141,-54.41136,2026-10-03 04:40:00,NOAA-21,PLACAS,PARÁ,Brasil,1505650,15,33,,,,Amazônia,1.3
08ea120f-43d2-3e50-a5dd-50d397ad7ced,-5.74169,-45.05394,2026-10-03 04:40:00,NOAA-21,BARRA DO CORDA,MARANHÃO,Brasil,2101608,21,33,,,,Cerrado,3.4
5c1710aa-c332-35af-b8bc-2450e9e2adec,-5.13143,-45.57874,2026-10-03 04:40:00,NOAA-21,ITAIPAVA DO GRAJAÚ,MARANHÃO,Brasil,2105351,21,33,,,,Cerrado,8.8
7b929b51-b571-3ac6-9747-f1268c2f501d,-7.47251,-44.42403,2026-10-03 04:40:00,NOAA-21,URUÇUÍ,PIAUÍ,Brasil,2211209,22,33,,,,Cerrado,3.0
c68ab7d7-2f39-31a8-8883-40efc595103e,-5.75028,-45.15396,2026-10-03 04:40:00,NOAA-21,BARRA DO CORDA,MARANHÃO,Brasil,2101608,21,33,,,,Cerrado,5.0
49807520-a7c6-3095-935f-d9fa21e5d759,-4.26154,-50.73966,2026-10-03 04:40:00,NOAA-21,NOVO REPARTIMENTO,PARÁ,Brasil,1505064,15,33,,,,Amazônia,2.2
39f15da5-909b-32e4-9929-610fec754bda,-6.23898,-53.14492,2026-10-03 04:40:00,NOAA-21,SÃO FÉLIX DO XINGU,PARÁ,Brasil,1507300,15,33,,,,Amazônia,2.2
378b564c-680f-3282-af44-4855f1c886a5,-5.7438,-45.15955,2026-10-03 04:40:00,NOAA-21,BARRA DO CORDA,MARANHÃO,Brasil,2101608,21,33,,,,Cerrado,2.7
2e784fc6-e270-3029-a755-9451376a947d,-6.21482,-60.01799,2026-10-03 04:40:00,NOAA-21,NOVO ARIPUANÃ,AMAZONAS,Brasil,1303304,13,33,,,,Amazônia,2.3
61ebd37b-9a5c-38c5-82b6-9b68095e530f,-6.33147,-43.35924,2026-10-03 04:40:00,NOAA-21,SUCUPIRA DO RIACHÃO,MARANHÃO,Brasil,2111953,21,33,,,,Cerrado,5.6
917e958b-976c-3e5c-8e9c-5167f5edff66,-6.10891,-47.66615,2026-10-03 04:40:00,NOAA-21,MAURILÂNDIA DO TOCANTINS,TOCANTINS,Brasil,1712801,17,33,,,,Cerrado,1.9
785bb8aa-e19b-3265-969c-c4d9f0d399e8,-6.84436,-59.25721,2026-10-03 04:40:00,NOAA-21,APUÍ,AMAZONAS,Brasil,1300144,13,33,,,,Amazônia,1.4
1f17da7a-9841-36bd-ac50-15b1bdbb5a13,-11.85256,-44.73832,2026-10-03 04:40:00,NOAA-21,ANGICAL,BAHIA,Brasil,2901403,29,33,,,,Cerrado,2.3
ca5bb61f-a056-3174-8fb1-d3a51bbd3201,-5.64125,-44.36643,2026-10-03 04:40:00,NOAA-21,SÃO DOMINGOS DO MARANHÃO,MARANHÃO,Brasil,2110708,21,33,,,,Cerrado,1.2
7948b2ab-a855-3e93-b49e-39c321adaa3e,-4.40066,-49.96826,2026-10-03 04:40:00,NOAA-21,NOVO REPARTIMENTO,PARÁ,Brasil,1505064,15,33,,,,Amazônia,2.9
b305e62a-617e-32ef-ac6c-1413e4ce209c,-5.9965,-53.54583,2026-10-03 04:40:00,NOAA-21,ALTAMIRA,PARÁ,Brasil,1500602,15,33,,,,Amazônia,1.0
ac644f8c-5812-3b93-ac0e-edd3d036633b,-5.85982,-53.47559,2026-10-03 04:40:00,NOAA-21,ALTAMIRA,PARÁ,Brasil,1500602,15,33,,,,Amazônia,2.3
5b239686-2a4f-3493-a4b9-7a168e7966cc,-11.20235,-54.12711,2026-10-03 04:40:00,NOAA-21,MARCELÂNDIA,MATO GROSSO,Brasil,5105580,51,33,,,,Amazônia,1.2
8e1549fa-ca10-3b7b-a1d0-5ec65c94a7a9,-3.85132,-55.97297,2026-10-03 04:40:00,NOAA-21,AVEIRO,PARÁ,Brasil,1501006,15,33,,,,Amazônia,4.4
d2f4822c-7a65-3fcb-ae64-6ec94300a07f,-6.84044,-59.27055,2026-10-03 04:40:00,NOAA-21,APUÍ,AMAZONAS,Brasil,1300144,13,33,,,,Amazônia,1.1
48a98190-06f8-3a55-80d4-5c6715a309d2,-4.79448,-55.76656,2026-10-03 04:40:00,NOAA-21,TRAIRÃO,PARÁ,Brasil,1508050,15,33,,,,Amazônia,0.9
d485aeb2-9fca-3617-a360-70f20d94c309,-5.06303,-46.09864,2026-10-03 04:40:00,NOAA-21,ARAME,MARANHÃO,Brasil,2100956,21,33,,,,Amazônia,1.3
1be423f3-4df1-3e63-a97d-813959639d32,-5.40456,-50.16242,2026-10-03 04:40:00,NOAA-21,MARABÁ,PARÁ,Brasil,1504208,15,33,,,,Amazônia,2.0
a9e2fd35-2d25-3a22-a5d5-b32dc6d235ce,-6.73454,-44.14678,2026-10-03 04:40:00,NOAA-21,NOVA IORQUE,MARANHÃO,Brasil,2107308,21,33,,,,Cerrado,8.2
193e2e3c-680e-3d3b-91a3-120d1c9192a0,-6.25028,-52.68314,2026-10-03 04:40:00,NOAA-21,SÃO FÉLIX DO XINGU,PARÁ,Brasil,1507300,15,33,,,,Amazônia,0.5
b9e76f0a-6e99-3013-9337-cc00790cba8d,-6.92798,-49.62827,2026-10-03 04:40:00,NOAA-21,SAPUCAIA,PARÁ,Brasil,1507755,15,33,,,,Amazônia,1.2
b50aa8d4-023d-334e-b966-1ecae001a3e2,-6.2186,-53.26541,2026-10-03 04:40:00,NOAA-21,SÃO FÉLIX DO XINGU,PARÁ,Brasil,1507300,15,33,,,,Amazônia,1.4
d67f072e-3801-3ed7-b343-f4096428a8be,-7.85962,-46.6261,2026-10-03 04:40:00,NOAA-21,RIACHÃO,MARANHÃO,Brasil,2109502,21,33,,,,Cerrado,1.9
76832015-0ce5-3ce1-811c-e54808a26058,-5.86091,-53.47369,2026-10-03 04:40:00,NOAA-21,ALTAMIRA,PARÁ,Brasil,1500602,15,33,,,,Amazônia,1.2
3f9da56c-b149-3a30-86bf-ac0e708cca66,-5.73524,-44.4938,2026-10-03 04:40:00,NOAA-21,TUNTUM,MARANHÃO,Brasil,2112308,21,33,,,,Cerrado,0.9
8fbae178-d657-3f88-bd94-851e65525974,-4.79366,-55.71645,2026-10-03 04:40:00,NOAA-21,TRAIRÃO,PARÁ,Brasil,1508050,15,33,,,,Amazônia,4.0
c645efaf-06bb-3a2a-8a05-97dbf9a324cb,-4.99049,-45.6412,2026-10-03 04:40:00,NOAA-21,ARAME,MARANHÃO,Brasil,2100956,21,33,,,,Amazônia,0.6
15dc3a4d-35c1-3dcf-91c7-d18c924f849f,-3.64472,-55.50456,2026-10-03 04:40:00,NOAA-21,AVEIRO,PARÁ,Brasil,1501006,15,33,,,,Amazônia,1.7
9915277b-a924-3c21-8a74-c5e7dbb949e3,-6.23751,-53.15181,2026-10-03 04:40:00,NOAA-21,SÃO FÉLIX DO XINGU,PARÁ,Brasil,1507300,15,33,,,,Amazônia,3.3
b35ac359-a31a-3f41-90c8-fd56f5c8340f,-5.74091,-45.13775,2026-10-03 04:40:00,NOAA-21,BARRA DO CORDA,MARANHÃO,Brasil,2101608,21,33,,,,Cerrado,4.4
220cf072-696f-3696-8b63-9a720d38049a,-6.01766,-53.5346,2026-10-03 04:40:00,NOAA-21,ALTAMIRA,PARÁ,Brasil,1500602,15,33,,,,Amazônia,0.9
a088200b-c3c7-3351-818d-8b8f3acd08a0,-3.76229,-55.53258,2026-10-03 04:40:00,NOAA-21,AVEIRO,PARÁ,Brasil,1501006,15,33,,,,Amazônia,2.0
352a95e7-92db-3b6a-8949-360b2509b081,-5.8639,-53.47887,2026-10-03 04:40:00,NOAA-21,ALTAMIRA,PARÁ,Brasil,1500602,15,33,,,,Amazônia,2.6
8124a4d5-6299-3abd-8be2-a91374be0ee4,-4.79518,-55.76226,2026-10-03 04:40:00,NOAA-21,TRAIRÃO,PARÁ,Brasil,1508050,15,33,,,,Amazônia,0.9
0a210444-1284-380c-aa98-30e9499a71c3,-3.64542,-55.50026,2026-10-03 04:40:00,NOAA-21,AVEIRO,PARÁ,Brasil,1501006,15,33,,,,Amazônia,1.7
be5981de-1861-3dbd-a1ac-fa9e65c30d1a,-4.40839,-49.96233,2026-10-03 04:40:00,NOAA-21,NOVO REPARTIMENTO,PARÁ,Brasil,1505064,15,33,,,,Amazônia,2.3
4d30edbd-6187-31b5-952c-8cc15bfaef6f,-4.16844,-54.3345,2026-10-03 04:40:00,NOAA-21,PLACAS,PARÁ,Brasil,1505650,15,33,,,,Amazônia,1.5
281dd11e-01bb-3dfb-abb2-2186f3c67040,-4.26492,-50.74017,2026-10-03 04:40:00,NOAA-21,NOVO REPARTIMENTO,PARÁ,Brasil,1505064,15,33,,,,Amazônia,2.2
7898f2fc-8e1d-33a3-8b01-a297bb81f3e1,-6.21911,-60.02729,2026-10-03 04:40:00,NOAA-21,NOVO ARIPUANÃ,AMAZONAS,Brasil,1303304,13,33,,,,Amazônia,3.5
e15d7188-d935-3d0b-b156-ea47cb004fa0,-5.89053,-55.48772,2026-10-03 04:40:00,NOAA-21,ITAITUBA,PARÁ,Brasil,1503606,15,33,,,,Amazônia,3.8
20366a63-5eb3-31f3-b6c1-b4bf4abb32ee,-4.21228,-53.56921,2026-10-03 04:40:00,NOAA-21,ALTAMIRA,PARÁ,Brasil,1500602,15,33,,,,Amazônia,1.6
c5999c2e-030b-3354-bfc1-c0409fd89e75,-5.95918,-43.64808,2026-10-03 04:40:00,NOAA-21,LAGOA DO MATO,MARANHÃO,Brasil,2105922,21,33,,,,Cerrado,2.0
446f1af0-dbc1-3cc0-b95d-fc7688ebb6ec,-4.29578,-50.7857,2026-10-03 04:40:00,NOAA-21,NOVO REPARTIMENTO,PARÁ,Brasil,1505064,15,33,,,,Amazônia,2.6
0ea8a62d-0fd3-3b7e-be1c-87737f9a0530,-4.27946,-50.77942,2026-10-03 04:40:00,NOAA-21,NOVO REPARTIMENTO,PARÁ,Brasil,1505064,15,33,,,,Amazônia,2.9
bc7ef80a-0953-3738-a18a-68e4baf290cd,-5.13956,-45.57541,2026-10-03 04:40:00,NOAA-21,ITAIPAVA DO GRAJAÚ,MARANHÃO,Brasil,2105351,21,33,,,,Cerrado,1.8
a313b1ae-9951-3ec7-ab0b-8623b13c8eaa,-5.60706,-48.84391,2026-10-03 04:40:00,NOAA-21,SÃO DOMINGOS DO ARAGUAIA,PARÁ,Brasil,1507151,15,33,,,,Amazônia,0.7
8f22ace7-3a46-3855-bd35-c3253491ee2b,-5.94164,-45.39737,2026-10-03 04:40:00,NOAA-21,FERNANDO FALCÃO,MARANHÃO,Brasil,2104081,21,33,,,,Cerrado,1.5
0473d23c-8b05-3390-b889-b095d0b1ca11,-7.02549,-44.63511,2026-10-03 04:40:00,NOAA-21,BENEDITO LEITE,MARANHÃO,Brasil,2101806,21,33,,,,Cerrado,0.6
e9cfbce6-fd09-344a-a777-894611700f4f,-5.09115,-56.25421,2026-10-03 04:40:00,NOAA-21,TRAIRÃO,PARÁ,Brasil,1508050,15,33,,,,Amazônia,1.2
fadb7cd5-b374-3cc8-812a-173fe1d92443,-4.41197,-55.7525,2026-10-03 04:40:00,NOAA-21,ITAITUBA,PARÁ,Brasil,1503606,15,33,,,,Amazônia,1.2
1524b345-c51a-342b-a40e-c757ce2bdc0e,-6.31586,-43.34386,2026-10-03 04:40:00,NOAA-21,SUCUPIRA DO RIACHÃO,MARANHÃO,Brasil,2111953,21,33,,,,Cerrado,10.1
3e83fc8d-eeb9-376e-9d4b-6f1f07b7e47d,-4.42156,-55.74987,2026-10-03 04:40:00,NOAA-21,ITAITUBA,PARÁ,Brasil,1503606,15,33,,,,Amazônia,1.8
6af93443-8630-3ffc-b916-87e8de9e13e7,-4.40675,-49.97277,2026-10-03 04:40:00,NOAA-21,NOVO REPARTIMENTO,PARÁ,Brasil,1505064,15,33,,,,Amazônia,2.3
d13c5675-cac8-3eaf-9c9c-39865f268bd6,-4.80619,-49.87931,2026-10-03 04:40:00,NOAA-21,NOVO REPARTIMENTO,PARÁ,Brasil,1505064,15,33,,,,Amazônia,1.2
b0480553-5fa3-39f7-9134-27b421705af8,-5.55888,-43.96225,2026-10-03 04:40:00,NOAA-21,FORTUNA,MARANHÃO,Brasil,2104206,21,33,,,,Cerrado,2.3
d74c4ac8-b1c7-3b06-9e6a-620a4af3a436,-4.26039,-50.74686,2026-10-03 04:40:00,NOAA-21,NOVO REPARTIMENTO,PARÁ,Brasil,1505064,15,33,,,,Amazônia,2.1
2aba2449-62f0-3431-b621-307a3774e053,-4.29635,-50.78207,2026-10-03 04:40:00,NOAA-21,NOVO REPARTIMENTO,PARÁ,Brasil,1505064,15,33,,,,Amazônia,2.6
059072d3-4396-33d2-934b-365095619e6e,-5.14093,-45.57785,2026-10-03 04:40:00,NOAA-21,ITAIPAVA DO GRAJAÚ,MARANHÃO,Brasil,2105351,21,33,,,,Cerrado,0.6
349f487b-3205-30a6-8a4b-96505608b056,-4.42597,-55.75084,2026-10-03 04:40:00,NOAA-21,ITAITUBA,PARÁ,Brasil,1503606,15,33,,,,Amazônia,1.8
c87f7bdd-452d-31b7-91f5-53563b8632d1,-8.64663,-45.82599,2026-10-03 04:40:00,NOAA-21,TASSO FRAGOSO,MARANHÃO,Brasil,2112001,21,33,,,,Cerrado,1.8
10bfc41c-ba85-39d9-83f2-33ef9038454b,-10.99059,-59.12803,2026-10-03 04:42:00,NOAA-21,JUÍNA,MATO GROSSO,Brasil,5105150,51,33,,,,Amazônia,6.3
a1f7f063-7027-3c26-9f3f-6a423b32483b,-12.13381,-63.17514,2026-10-03 04:42:00,NOAA-21,SERINGUEIRAS,RONDÔNIA,Brasil,1101500,11,33,,,,Amazônia,3.0
9b7f24aa-f1a0-3545-84ac-dda94f6d200d,-10.98952,-59.13374,2026-10-03 04:42:00,NOAA-21,JUÍNA,MATO GROSSO,Brasil,5105150,51,33,,,,Amazônia,7.7
0841a00b-6548-3c2b-8953-939b289cc1e2,-12.14298,-63.17393,2026-10-03 04:42:00,NOAA-21,SERINGUEIRAS,RONDÔNIA,Brasil,1101500,11,33,,,,Amazônia,2.1
51610c3f-da9f-3256-bade-4dfa38149ba2,-12.13014,-61.1571,2026-10-03 04:42:00,NOAA-21,PARECIS,RONDÔNIA,Brasil,1101450,11,33,,,,Amazônia,2.2
edeb3db2-05e7-34b2-8016-c36e4dfeacdf,-12.86035,-44.69445,2026-10-03 04:42:00,NOAA-21,SÃO DESIDÉRIO,BAHIA,Brasil,2928901,29,33,,,,Cerrado,2.1
8b8ebceb-c46d-3102-822d-37719d8d11a1,-10.99452,-59.1347,2026-10-03 04:42:00,NOAA-21,JUÍNA,MATO GROSSO,Brasil,5105150,51,33,,,,Amazônia,7.6
a1d43514-bc9f-3343-aeea-2146ce61f75a,-12.85269,-44.68449,2026-10-03 04:42:00,NOAA-21,SÃO DESIDÉRIO,BAHIA,Brasil,2928901,29,33,,,,Cerrado,2.7
3a8b45cc-2609-33b0-812e-6a9aaeafb573,-10.99006,-59.13089,2026-10-03 04:42:00,NOAA-21,JUÍNA,MATO GROSSO,Brasil,5105150,51,33,,,,Amazônia,6.3
683610d4-953c-3279-ae1c-49d9d134bbcd,-15.11661,-43.62231,2026-10-03 04:42:00,NOAA-21,JAÍBA,MINAS GERAIS,Brasil,3135050,31,33,,,,Caatinga,3.7
51aba2db-d90c-33d3-a1bb-4fc6c39182d7,-12.13665,-63.17263,2026-10-03 04:42:00,NOAA-21,SERINGUEIRAS,RONDÔNIA,Brasil,1101500,11,33,,,,Amazônia,2.1
47756225-ddcf-3678-8fad-bc06d33a1ac9,-12.85213,-44.68886,2026-10-03 04:42:00,NOAA-21,SÃO DESIDÉRIO,BAHIA,Brasil,2928901,29,33,,,,Cerrado,5.1
68ba8666-9e26-3537-a698-635d4bccf2f9,-13.38607,-41.34449,2026-10-03 04:42:00,NOAA-21,IBICOARA,BAHIA,Brasil,2912202,29,33,,,,Caatinga,1.8
c0ad3eae-c487-3dab-81f4-695ef5795c2f,-10.87705,-57.10707,2026-10-03 04:42:00,NOAA-21,JUARA,MATO GROSSO,Brasil,5105101,51,33,,,,Amazônia,2.7
93c0a1ea-6559-338e-a5e7-17d2f00b7c08,-17.24693,-39.43378,2026-10-03 04:42:00,NOAA-21,PRADO,BAHIA,Brasil,2925501,29,33,,,,Mata Atlântica,2.0
64ab24eb-470e-37a4-a798-f25700b370d3,-10.99399,-59.13758,2026-10-03 04:42:00,NOAA-21,JUÍNA,MATO GROSSO,Brasil,5105150,51,33,,,,Amazônia,7.6
d64651da-e032-3f53-9259-2cd554d6e0fe,-12.05799,-58.0413,2026-10-03 04:42:00,NOAA-21,BRASNORTE,MATO GROSSO,Brasil,5101902,51,33,,,,Amazônia,1.2
1d5afc18-d236-3e17-a759-c030222fb372,-12.85595,-44.69387,2026-10-03 04:42:00,NOAA-21,SÃO DESIDÉRIO,BAHIA,Brasil,2928901,29,33,,,,Cerrado,5.1
420403f3-6592-3ffc-9c60-9a6f7ca41b55,-12.8581,-44.71185,2026-10-03 04:42:00,NOAA-21,SÃO DESIDÉRIO,BAHIA,Brasil,2928901,29,33,,,,Cerrado,3.2
df28cc8f-f6a6-3243-901b-e0d2b871ef31,-15.1186,-43.63023,2026-10-03 04:42:00,NOAA-21,JAÍBA,MINAS GERAIS,Brasil,3135050,31,33,,,,Caatinga,6.5
76a56ec4-4253-3691-bee1-02c9b87f6bb3,-13.50428,-61.13379,2026-10-03 04:42:00,NOAA-21,PIMENTEIRAS DO OESTE,RONDÔNIA,Brasil,1101468,11,33,,,,Amazônia,1.9
2275a031-1818-3232-9bee-3b92dfecb2b5,-10.99506,-59.13186,2026-10-03 04:42:00,NOAA-21,JUÍNA,MATO GROSSO,Brasil,5105150,51,33,,,,Amazônia,3.9
a12e705b-2036-308c-8fed-6b8cb6f5aea8,-12.14013,-63.17644,2026-10-03 04:42:00,NOAA-21,SERINGUEIRAS,RONDÔNIA,Brasil,1101500,11,33,,,,Amazônia,3.0
00463e00-73f3-3571-814f-4c658f904bf7,-15.11925,-43.62465,2026-10-03 04:42:00,NOAA-21,JAÍBA,MINAS GERAIS,Brasil,3135050,31,33,,,,Caatinga,4.7
0861a8cb-b41f-3f86-8ab7-c70685f032aa,-12.86632,-44.7174,2026-10-03 04:42:00,NOAA-21,SÃO DESIDÉRIO,BAHIA,Brasil,2928901,29,33,,,,Cerrado,5.4
9a2ae760-f39b-3ccc-b2b0-1e39d961a278,-10.14306,-61.74255,2026-10-03 04:42:00,NOAA-21,JI-PARANÁ,RONDÔNIA,Brasil,1100122,11,33,,,,Amazônia,2.1
32e1dde4-a12d-35f6-b3ff-7a0cf534d3ca,-12.86092,-44.69006,2026-10-03 04:42:00,NOAA-21,SÃO DESIDÉRIO,BAHIA,Brasil,2928901,29,33,,,,Cerrado,2.1
1c91bab6-4b3a-3ba2-96c1-7739dbc5ed48,-15.11373,-43.62955,2026-10-03 04:42:00,NOAA-21,JAÍBA,MINAS GERAIS,Brasil,3135050,31,33,,,,Caatinga,2.0
80da024b-a66b-3802-925d-38c34197ab6d,-12.13556,-63.17791,2026-10-03 04:42:00,NOAA-21,SERINGUEIRAS,RONDÔNIA,Brasil,1101500,11,33,,,,Amazônia,2.1
a0796ab7-dbb3-3f93-a7ea-966ce9b93dff,-12.85652,-44.68946,2026-10-03 04:42:00,NOAA-21,SÃO DESIDÉRIO,BAHIA,Brasil,2928901,29,33,,,,Cerrado,5.1
401aa75e-e5f9-34de-92c1-5da0e5a7f276,-15.11592,-43.62786,2026-10-03 04:42:00,NOAA-21,JAÍBA,MINAS GERAIS,Brasil,3135050,31,33,,,,Caatinga,3.7
31fbdfc4-541d-3c83-9ebe-318dd77ace4e,-15.11437,-43.62399,2026-10-03 04:42:00,NOAA-21,JAÍBA,MINAS GERAIS,Brasil,3135050,31,33,,,,Caatinga,3.3
bdc3dfb8-03c7-3ebe-a8fc-9f01ee6716c1,-13.62602,-42.47849,2026-10-03 04:42:00,NOAA-21,TANQUE NOVO,BAHIA,Brasil,2931053,29,33,,,,Caatinga,5.5
7b0e0730-38b0-3555-bbd4-fd6e2483fd67,-10.13906,-61.74155,2026-10-03 04:42:00,NOAA-21,JI-PARANÁ,RONDÔNIA,Brasil,1100122,11,33,,,,Amazônia,2.3
a502f832-a708-3d30-9517-9eff27d8e27d,-10.98898,-59.13662,2026-10-03 04:42:00,NOAA-21,JUÍNA,MATO GROSSO,Brasil,5105150,51,33,,,,Amazônia,7.7
4916351b-2acd-3018-832c-0d6d11fd700f,-10.99559,-59.129,2026-10-03 04:42:00,NOAA-21,JUÍNA,MATO GROSSO,Brasil,5105150,51,33,,,,Amazônia,3.9
cfad70d9-d0ee-30ab-ba85-8ee7c768c227,-15.12079,-43.62852,2026-10-03 04:42:00,NOAA-21,JAÍBA,MINAS GERAIS,Brasil,3135050,31,33,,,,Caatinga,2.7
b7f040c9-52b5-320e-9611-e41a364ae0fc,-13.38567,-41.34795,2026-10-03 04:42:00,NOAA-21,IBICOARA,BAHIA,Brasil,2912202,29,33,,,,Caatinga,1.5
c0091631-74e9-3ce4-bd9a-b42f3341d564,-12.86193,-44.71678,2026-10-03 04:42:00,NOAA-21,SÃO DESIDÉRIO,BAHIA,Brasil,2928901,29,33,,,,Cerrado,2.5
b014896b-d249-3690-9957-b7140044b730,-16.07427,-57.02097,2026-10-03 04:42:00,NOAA-21,POCONÉ,MATO GROSSO,Brasil,5106505,51,33,,,,Cerrado,1.0
4cdb8faf-1daa-30f7-963b-8ec9a66161eb,-30.44838,-52.69016,2026-10-03 04:46:00,NOAA-21,ENCRUZILHADA DO SUL,RIO GRANDE DO SUL,Brasil,4306908,43,33,,,,Pampa,0.5
daf86887-53ee-3e82-8fe9-7b53663069a6,-0.3489,-51.99492,2026-10-03 05:14:00,NPP-375D,MAZAGÃO,AMAPÁ,Brasil,1600402,16,33,,,,Amazônia,0.8
dedd9d71-7f35-31a8-8907-1e4f98ee15a7,1.77861,-55.60745,2026-10-03 05:14:00,NPP-375D,ÓBIDOS,PARÁ,Brasil,1505106,15,33,,,,Amazônia,1.2
4d35893e-b0f6-364c-b918-74eb14c2d262,1.91131,-55.78383,2026-10-03 05:14:00,NPP-375D,ÓBIDOS,PARÁ,Brasil,1505106,15,33,,,,Amazônia,0.9
b4bc2c5c-223c-30d6-84e5-75ed63d4f8b7,1.90852,-55.81097,2026-10-03 05:14:00,NPP-375D,ÓBIDOS,PARÁ,Brasil,1505106,15,33,,,,Amazônia,1.2
adc5322e-c448-3da7-8880-bd51fdce9adb,1.90845,-55.78808,2026-10-03 05:14:00,NPP-375D,ÓBIDOS,PARÁ,Brasil,1505106,15,33,,,,Amazônia,1.2
45383989-ec32-37e5-9aae-268584386209,1.1359,-59.5245,2026-10-03 05:14:00,NPP-375D,CAROEBE,RORAIMA,Brasil,1400233,14,33,,,,Amazônia,1.8
0477e972-a7c9-3d0f-8c0a-817b76ca1129,1.92573,-55.80827,2026-10-03 05:14:00,NPP-375D,ÓBIDOS,PARÁ,Brasil,1505106,15,33,,,,Amazônia,1.3
a72510ff-bde3-3f59-a264-e977b3b9b2c1,-0.40669,-51.99493,2026-10-03 05:14:00,NPP-375D,MAZAGÃO,AMAPÁ,Brasil,1600402,16,33,,,,Amazônia,0.7
9d709f81-32e6-3007-961b-0557800c7e87,1.78313,-55.59174,2026-10-03 05:14:00,NPP-375D,ÓBIDOS,PARÁ,Brasil,1505106,15,33,,,,Amazônia,2.3
09e94f56-a064-33bd-99cd-d6471066b89e,1.91189,-55.78755,2026-10-03 05:14:00,NPP-375D,ÓBIDOS,PARÁ,Brasil,1505106,15,33,,,,Amazônia,1.2
131b2667-c664-3ef1-9485-069ff9da2561,1.74301,-50.8024,2026-10-03 05:14:00,NPP-375D,PRACUÚBA,AMAPÁ,Brasil,1600550,16,33,,,,Amazônia,1.3
4bb44e29-145b-3c4d-8f41-5e336e9ed209,-0.35632,-52.01568,2026-10-03 05:14:00,NPP-375D,MAZAGÃO,AMAPÁ,Brasil,1600402,16,33,,,,Amazônia,3.7
6b66a240-83e9-3e58-b516-8007261a98b1,1.7877,-55.59853,2026-10-03 05:14:00,NPP-375D,ÓBIDOS,PARÁ,Brasil,1505106,15,33,,,,Amazônia,1.1
ae792c23-fe31-333d-8b64-07e5b79ff45b,-0.4079,-51.98725,2026-10-03 05:14:00,NPP-375D,MAZAGÃO,AMAPÁ,Brasil,1600402,16,33,,,,Amazônia,1.0
cf3d7e81-cf8a-3795-a938-aef64831886d,0.4992,-60.60154,2026-10-03 05:14:00,NPP-375D,RORAINÓPOLIS,RORAIMA,Brasil,1400472,14,33,,,,Amazônia,1.7
d53ac2c0-e823-3ffc-912c-69344de444e5,0.98097,-50.12699,2026-10-03 05:14:00,NPP-375D,MACAPÁ,AMAPÁ,Brasil,1600303,16,33,,,,Amazônia,0.8
5959fd52-813a-3b7e-874e-5dbbb24b54eb,-0.36332,-52.01674,2026-10-03 05:14:00,NPP-375D,MAZAGÃO,AMAPÁ,Brasil,1600402,16,33,,,,Amazônia,2.1
150ea881-f3a4-35e0-80e1-93cae9857efd,0.62773,-54.40458,2026-10-03 05:14:00,NPP-375D,ALMEIRIM,PARÁ,Brasil,1500503,15,33,,,,Amazônia,1.5
4cd0ec33-d4cf-31d7-b16e-adb672b26ba3,1.79002,-55.61317,2026-10-03 05:14:00,NPP-375D,ÓBIDOS,PARÁ,Brasil,1505106,15,33,,,,Amazônia,1.6
2cd058db-8359-3213-bc98-601727fd92e2,1.91416,-55.77957,2026-10-03 05:14:00,NPP-375D,ÓBIDOS,PARÁ,Brasil,1505106,15,33,,,,Amazônia,1.2
d25aa094-b95a-39e4-a55f-8ea5d1e52c66,1.7394,-50.80296,2026-10-03 05:14:00,NPP-375D,PRACUÚBA,AMAPÁ,Brasil,1600550,16,33,,,,Amazônia,2.0
df6dda7c-4f47-3239-ad39-b696f627b38e,1.82286,-55.55555,2026-10-03 05:14:00,NPP-375D,ÓBIDOS,PARÁ,Brasil,1505106,15,33,,,,Amazônia,0.8
f4508c81-7d44-345c-8395-ae14d26674c0,-1.05893,-53.58693,2026-10-03 05:14:00,NPP-375D,ALMEIRIM,PARÁ,Brasil,1500503,15,33,,,,Amazônia,0.7
be488d0b-941c-3cca-918a-d15accd48f38,-1.39917,-49.27016,2026-10-03 05:14:00,NPP-375D,MUANÁ,PARÁ,Brasil,1504901,15,33,,,,Amazônia,0.9
809f26eb-f26d-307c-a772-015d88e5baa4,-1.4033,-49.2708,2026-10-03 05:14:00,NPP-375D,MUANÁ,PARÁ,Brasil,1504901,15,33,,,,Amazônia,0.9
38089e61-7ec8-3f23-a384-0bcf242706a3,1.78487,-55.60272,2026-10-03 05:14:00,NPP-375D,ÓBIDOS,PARÁ,Brasil,1505106,15,33,,,,Amazônia,2.2
4a64159f-b89b-35b3-a838-8fbcec44be19,1.80021,-55.58907,2026-10-03 05:14:00,NPP-375D,ÓBIDOS,PARÁ,Brasil,1505106,15,33,,,,Amazônia,1.6
071e239e-144f-3145-88a4-044a10037526,1.91475,-55.78329,2026-10-03 05:14:00,NPP-375D,ÓBIDOS,PARÁ,Brasil,1505106,15,33,,,,Amazônia,1.2
debc774a-4944-38ce-a6f6-b1d3fa206f2e,1.93144,-55.79974,2026-10-03 05:14:00,NPP-375D,ÓBIDOS,PARÁ,Brasil,1505106,15,33,,,,Amazônia,0.6
0a08be9d-9edb-3ce5-997b-76b42a81fb70,1.90507,-55.81149,2026-10-03 05:14:00,NPP-375D,ÓBIDOS,PARÁ,Brasil,1505106,15,33,,,,Amazônia,1.2
339ae357-b31b-3acc-ae35-9404893611ad,-0.95541,-52.33086,2026-10-03 05:14:00,NPP-375D,VITÓRIA DO JARI,AMAPÁ,Brasil,1600808,16,33,,,,Amazônia,1.4
df418aef-0ace-38b0-b461-023e5c9ca3c1,4.80567,-60.27665,2026-10-03 05:14:00,NPP-375D,UIRAMUTÃ,RORAIMA,Brasil,1400704,14,33,,,,Amazônia,2.9
b44030ba-b17a-3ef6-8bb1-5136f6ab39e7,1.96163,-50.88412,2026-10-03 05:14:00,NPP-375D,AMAPÁ,AMAPÁ,Brasil,1600105,16,33,,,,Amazônia,0.8
0248fabd-4f0a-38c6-9532-8658327fd2e0,1.22202,-59.97209,2026-10-03 05:14:00,NPP-375D,CARACARAÍ,RORAIMA,Brasil,1400209,14,33,,,,Amazônia,1.1
db4a8c25-a563-39b6-97ef-af01892ba2f3,-0.35694,-52.01185,2026-10-03 05:14:00,NPP-375D,MAZAGÃO,AMAPÁ,Brasil,1600402,16,33,,,,Amazônia,4.3
c328868f-d872-3bff-ab0b-8ee51e2d756b,1.93805,-55.7302,2026-10-03 05:14:00,NPP-375D,ÓBIDOS,PARÁ,Brasil,1505106,15,33,,,,Amazônia,0.9
ae1e5520-3196-3876-a052-c9c114dffd40,0.60307,-51.56253,2026-10-03 05:14:00,NPP-375D,PORTO GRANDE,AMAPÁ,Brasil,1600535,16,33,,,,Amazônia,1.1
29c6c011-62fc-3091-9d7a-ad2f3ce3d63a,1.80304,-55.58488,2026-10-03 05:14:00,NPP-375D,ÓBIDOS,PARÁ,Brasil,1505106,15,33,,,,Amazônia,0.9
d239859d-44eb-3aa7-ae87-0f33d0be3eb9,1.92892,-55.73921,2026-10-03 05:14:00,NPP-375D,ÓBIDOS,PARÁ,Brasil,1505106,15,33,,,,Amazônia,1.1
1e7875be-07a4-39af-b42b-967791e59e52,1.90793,-55.80724,2026-10-03 05:14:00,NPP-375D,ÓBIDOS,PARÁ,Brasil,1505106,15,33,,,,Amazônia,1.7
5899affc-7738-360e-9698-52124e2a7e55,-0.36399,-52.01592,2026-10-03 05:14:00,NPP-375D,MAZAGÃO,AMAPÁ,Brasil,1600402,16,33,,,,Amazônia,1.3
49742240-6448-3a35-ac3b-489a80b96645,1.93177,-55.73497,2026-10-03 05:14:00,NPP-375D,ÓBIDOS,PARÁ,Brasil,1505106,15,33,,,,Amazônia,0.5
adfa826d-0d29-3cb1-9199-3e196c64b322,-1.32991,-47.58958,2026-10-03 05:14:00,NPP-375D,SANTA MARIA DO PARÁ,PARÁ,Brasil,1506609,15,33,,,,Amazônia,1.6
4c1edc0e-c8d7-39f9-9fd8-0815c5cbd101,1.78718,-55.61736,2026-10-03 05:14:00,NPP-375D,ÓBIDOS,PARÁ,Brasil,1505106,15,33,,,,Amazônia,3.8
bac7d782-dea0-3d44-ab0e-99a3d0f76e68,-0.38525,-51.74518,2026-10-03 05:14:00,NPP-375D,MAZAGÃO,AMAPÁ,Brasil,1600402,16,33,,,,Amazônia,1.1
ac6d528d-2c48-33d4-9895-1ac5dc083c48,-1.44661,-48.91245,2026-10-03 05:14:00,NPP-375D,PONTA DE PEDRAS,PARÁ,Brasil,1505700,15,33,,,,Amazônia,1.3
6ba45c78-3056-3eb2-8020-e393108f8f8f,-0.4582,-52.17465,2026-10-03 05:14:00,NPP-375D,LARANJAL DO JARI,AMAPÁ,Brasil,1600279,16,33,,,,Amazônia,1.2
9b31cacf-10fd-35f3-8515-73642c9c8c02,1.78371,-55.59541,2026-10-03 05:14:00,NPP-375D,ÓBIDOS,PARÁ,Brasil,1505106,15,33,,,,Amazônia,1.1
1ced71f9-8e89-3b0f-955d-f69316fd34bb,-0.36689,-52.0203,2026-10-03 05:14:00,NPP-375D,MAZAGÃO,AMAPÁ,Brasil,1600402,16,33,,,,Amazônia,2.9
fb3c13a7-8d43-3f31-a7bd-0b94a4dd5804,1.7866,-55.6137,2026-10-03 05:14:00,NPP-375D,ÓBIDOS,PARÁ,Brasil,1505106,15,33,,,,Amazônia,1.6
f48df663-3bf7-3a4d-bb3e-51b7275508d7,1.78145,-55.60326,2026-10-03 05:14:00,NPP-375D,ÓBIDOS,PARÁ,Brasil,1505106,15,33,,,,Amazônia,1.2
c8bde6f2-5758-3be8-9602-79b7a9d3141e,1.22261,-59.976,2026-10-03 05:14:00,NPP-375D,CARACARAÍ,RORAIMA,Brasil,1400209,14,33,,,,Amazônia,1.1
0aef4820-3a8d-3f87-aa2c-8e5fe7e11f46,1.91138,-55.80671,2026-10-03 05:14:00,NPP-375D,ÓBIDOS,PARÁ,Brasil,1505106,15,33,,,,Amazônia,1.9
bee5922e-f82e-3e80-815c-d79dd7c83918,1.78996,-55.59067,2026-10-03 05:14:00,NPP-375D,ÓBIDOS,PARÁ,Brasil,1505106,15,33,,,,Amazônia,1.3
89d9ae52-4574-3070-a42b-33bf5fa605af,-1.03842,-49.20901,2026-10-03 05:14:00,NPP-375D,MUANÁ,PARÁ,Brasil,1504901,15,33,,,,Amazônia,0.9
28eaccac-2c15-35e2-92e7-d7760aa3de5a,0.62551,-54.412,2026-10-03 05:14:00,NPP-375D,ALMEIRIM,PARÁ,Brasil,1500503,15,33,,,,Amazônia,1.3
27bc9e7e-aaa4-3c50-a9a0-10460617e916,3.69742,-51.59423,2026-10-03 05:14:00,NPP-375D,OIAPOQUE,AMAPÁ,Brasil,1600501,16,33,,,,Amazônia,4.3
e33a6136-ca01-3a36-9311-3ac029092315,-0.35344,-52.01132,2026-10-03 05:14:00,NPP-375D,MAZAGÃO,AMAPÁ,Brasil,1600402,16,33,,,,Amazônia,4.3
0184374e-2499-3175-a520-496d1302f087,-1.08069,-54.11113,2026-10-03 05:14:00,NPP-375D,MONTE ALEGRE,PARÁ,Brasil,1504802,15,33,,,,Amazônia,1.7
a25df09f-ac17-3691-8c8c-721e539c8523,1.91541,-55.80989,2026-10-03 05:14:00,NPP-375D,ÓBIDOS,PARÁ,Brasil,1505106,15,33,,,,Amazônia,0.8
af3297df-81d8-3e59-a27a-561c8a4be686,1.22462,-59.97043,2026-10-03 05:14:00,NPP-375D,CARACARAÍ,RORAIMA,Brasil,1400209,14,33,,,,Amazônia,1.3
987f0754-bbc6-3353-b471-0707c5a062c9,-1.05558,-53.58641,2026-10-03 05:14:00,NPP-375D,ALMEIRIM,PARÁ,Brasil,1500503,15,33,,,,Amazônia,0.7
83ade914-4866-3b9d-a872-fdc852247532,1.92549,-55.73974,2026-10-03 05:14:00,NPP-375D,ÓBIDOS,PARÁ,Brasil,1505106,15,33,,,,Amazônia,0.6
49f43908-63d8-342a-b729-6e5afdfa514a,1.13171,-59.52515,2026-10-03 05:14:00,NPP-375D,CAROEBE,RORAIMA,Brasil,1400233,14,33,,,,Amazônia,1.8
7c4f6dd5-2380-3bda-86ce-ea73b99a389b,-1.44722,-48.90857,2026-10-03 05:14:00,NPP-375D,PONTA DE PEDRAS,PARÁ,Brasil,1505700,15,33,,,,Amazônia,1.4
3ddce80c-aa45-3a93-866d-d61b55cece6c,4.52562,-60.2048,2026-10-03 05:14:00,NPP-375D,UIRAMUTÃ,RORAIMA,Brasil,1400704,14,33,,,,Amazônia,2.7
c265bce4-b813-399d-ad5b-f800662b9975,-1.08124,-54.10766,2026-10-03 05:14:00,NPP-375D,MONTE ALEGRE,PARÁ,Brasil,1504802,15,33,,,,Amazônia,1.2
813bec1d-27ae-3550-a4e2-b87bc15719ae,1.78713,-55.59487,2026-10-03 05:14:00,NPP-375D,ÓBIDOS,PARÁ,Brasil,1505106,15,33,,,,Amazônia,1.1
e1a02e7e-0f71-3e6c-9d5f-b4447801e860,-1.96583,-48.37087,2026-10-03 05:14:00,NPP-375D,ACARÁ,PARÁ,Brasil,1500206,15,33,,,,Amazônia,2.1
12c51fe9-dc60-3d4a-93eb-970205d6a83f,1.91701,-55.77531,2026-10-03 05:14:00,NPP-375D,ÓBIDOS,PARÁ,Brasil,1505106,15,33,,,,Amazônia,0.7
e23a916c-f447-37a3-b928-843d3de16f77,1.92229,-55.80881,2026-10-03 05:14:00,NPP-375D,ÓBIDOS,PARÁ,Brasil,1505106,15,33,,,,Amazônia,0.9
d3f026d2-a4d1-316e-b191-8e157f771f97,-1.68718,-48.20426,2026-10-03 05:14:00,NPP-375D,BUJARU,PARÁ,Brasil,1501907,15,33,,,,Amazônia,1.2
59077826-38f4-3fd5-ad9f-d6b06af4ed46,-0.36339,-52.01976,2026-10-03 05:14:00,NPP-375D,MAZAGÃO,AMAPÁ,Brasil,1600402,16,33,,,,Amazônia,1.3
d5c5b086-1095-3137-acb4-cf0cbd354ecb,1.79679,-55.5896,2026-10-03 05:14:00,NPP-375D,ÓBIDOS,PARÁ,Brasil,1505106,15,33,,,,Amazônia,1.6
2779a61f-0b07-37f1-a4dc-e64ac38e3c03,1.82298,-55.55592,2026-10-03 05:14:00,NPP-375D,ÓBIDOS,PARÁ,Brasil,1505106,15,33,,,,Amazônia,0.5
97edb2a0-0d8b-3c75-af8c-9e395e04a87e,0.656,-59.56739,2026-10-03 05:14:00,NPP-375D,CAROEBE,RORAIMA,Brasil,1400233,14,33,,,,Amazônia,0.6
b6244c94-dddd-35b9-a6cb-9f3e60147c8f,1.22094,-59.97507,2026-10-03 05:14:00,NPP-375D,CARACARAÍ,RORAIMA,Brasil,1400209,14,33,,,,Amazônia,1.3
d6888f75-6e7e-32ea-85b6-b482b588c0cf,0.62218,-54.41252,2026-10-03 05:14:00,NPP-375D,ALMEIRIM,PARÁ,Brasil,1500503,15,33,,,,Amazônia,1.3
e62e5b4b-56a4-383c-b035-a487bca6ffe6,1.73579,-50.80354,2026-10-03 05:14:00,NPP-375D,PRACUÚBA,AMAPÁ,Brasil,1600550,16,33,,,,Amazônia,2.0
041beaf5-023d-32d6-8af1-20a4f279cdd4,-0.90701,-47.90829,2026-10-03 05:14:00,NPP-375D,CURUÇÁ,PARÁ,Brasil,1502905,15,33,,,,Amazônia,1.3
69020942-6605-3c92-ac8c-768a71a12ea0,1.92859,-55.804,2026-10-03 05:14:00,NPP-375D,ÓBIDOS,PARÁ,Brasil,1505106,15,33,,,,Amazônia,1.7
151f21d3-dfb9-3d42-9835-3dc13ccb1685,1.04438,-50.03695,2026-10-03 05:14:00,NPP-375D,MACAPÁ,AMAPÁ,Brasil,1600303,16,33,,,,Amazônia,0.9
25f722d8-9b65-3b91-8cc8-ebf40283af50,0.62163,-54.40907,2026-10-03 05:14:00,NPP-375D,ALMEIRIM,PARÁ,Brasil,1500503,15,33,,,,Amazônia,1.3
4b085936-d483-38d4-bd82-5a69e3f456a4,1.80072,-55.57027,2026-10-03 05:14:00,NPP-375D,ÓBIDOS,PARÁ,Brasil,1505106,15,33,,,,Amazônia,1.8
117e9ddd-11a8-3736-aaab-ab5ad2054013,-0.90943,-47.91111,2026-10-03 05:14:00,NPP-375D,CURUÇÁ,PARÁ,Brasil,1502905,15,33,,,,Amazônia,1.4
3658c557-cb1a-3be1-ab66-ffa6bfa2f745,0.62828,-54.40803,2026-10-03 05:14:00,NPP-375D,ALMEIRIM,PARÁ,Brasil,1500503,15,33,,,,Amazônia,1.0
3e588663-0386-3ef5-ac5b-27cee8e8255d,-1.08179,-54.1042,2026-10-03 05:14:00,NPP-375D,MONTE ALEGRE,PARÁ,Brasil,1504802,15,33,,,,Amazônia,1.2
d1b2b8b0-e0c7-3972-82f6-82e8d114d490,1.92288,-55.81253,2026-10-03 05:14:00,NPP-375D,ÓBIDOS,PARÁ,Brasil,1505106,15,33,,,,Amazônia,0.9
70d8c798-6e88-3259-a837-cdbe7165ebbf,-0.37038,-52.02084,2026-10-03 05:14:00,NPP-375D,MAZAGÃO,AMAPÁ,Brasil,1600402,16,33,,,,Amazônia,2.9
c0aa48a1-f040-3b8e-ad83-5a28d40d67b3,-1.04776,-53.57079,2026-10-03 05:14:00,NPP-375D,ALMEIRIM,PARÁ,Brasil,1500503,15,33,,,,Amazônia,1.2
4236381c-e4f3-3f76-9cab-b3a58401e154,1.79963,-55.58542,2026-10-03 05:14:00,NPP-375D,ÓBIDOS,PARÁ,Brasil,1505106,15,33,,,,Amazônia,1.6
a81a0cd0-6358-36e8-922e-d8e40ae0546c,1.94149,-55.72967,2026-10-03 05:14:00,NPP-375D,ÓBIDOS,PARÁ,Brasil,1505106,15,33,,,,Amazônia,0.4
67acf198-0443-3cf3-83ff-eb78cb0645bb,1.80362,-55.58854,2026-10-03 05:14:00,NPP-375D,ÓBIDOS,PARÁ,Brasil,1505106,15,33,,,,Amazônia,0.9
1a26b66e-b526-385d-b338-707b1a58e26f,-0.40851,-51.98341,2026-10-03 05:14:00,NPP-375D,MAZAGÃO,AMAPÁ,Brasil,1600402,16,33,,,,Amazônia,1.0
01565fe5-58c1-3f2f-bfa9-4b5c89dda861,-0.4073,-51.99109,2026-10-03 05:14:00,NPP-375D,MAZAGÃO,AMAPÁ,Brasil,1600402,16,33,,,,Amazônia,0.7
89edc6d2-3d36-3284-97d0-f4bb10f7372f,0.62496,-54.40855,2026-10-03 05:14:00,NPP-375D,ALMEIRIM,PARÁ,Brasil,1500503,15,33,,,,Amazônia,1.3
7064e024-afea-35c8-a503-856a5bea358b,-1.68787,-48.19986,2026-10-03 05:14:00,NPP-375D,BUJARU,PARÁ,Brasil,1501907,15,33,,,,Amazônia,0.5
3ba9c2c7-e7b7-3c1f-8485-cb6f0647904c,1.94492,-55.72915,2026-10-03 05:14:00,NPP-375D,ÓBIDOS,PARÁ,Brasil,1505106,15,33,,,,Amazônia,0.4
f8412cb5-b87a-38dc-bbd0-798e690b9b14,-2.67024,-54.66591,2026-10-03 05:16:00,NPP-375D,MOJUÍ DOS CAMPOS,PARÁ,Brasil,1504752,15,33,,,,Amazônia,0.7
f7f5e894-120f-30fa-8bed-ab9e42314a75,-3.1032,-51.28622,2026-10-03 05:16:00,NPP-375D,ANAPU,PARÁ,Brasil,1500859,15,33,,,,Amazônia,0.8
e8f22567-0664-338c-a8b6-78900890f5d6,-5.22151,-46.02026,2026-10-03 05:16:00,NPP-375D,ARAME,MARANHÃO,Brasil,2100956,21,33,,,,Amazônia,0.7
fc2b9972-057b-3805-a0ed-b28c3c8c1255,-2.97659,-53.27084,2026-10-03 05:16:00,NPP-375D,MEDICILÂNDIA,PARÁ,Brasil,1504455,15,33,,,,Amazônia,1.5
ef54b6f8-9c77-3611-8e4a-54d571afe6e6,-3.27247,-54.00724,2026-10-03 05:16:00,NPP-375D,URUARÁ,PARÁ,Brasil,1508159,15,33,,,,Amazônia,1.1
c4c99e06-70fa-353a-8c79-e765d2c52cae,-5.28348,-56.01985,2026-10-03 05:16:00,NPP-375D,TRAIRÃO,PARÁ,Brasil,1508050,15,33,,,,Amazônia,0.8
dab5613a-baa1-30f5-b497-3bf83d390104,-2.3261,-60.06626,2026-10-03 05:16:00,NPP-375D,MANAUS,AMAZONAS,Brasil,1302603,13,33,,,,Amazônia,1.4
3f3fe937-0704-3a87-bd20-040873f48603,-2.17587,-49.76445,2026-10-03 05:16:00,NPP-375D,CAMETÁ,PARÁ,Brasil,1502103,15,33,,,,Amazônia,0.9
2e11d615-9223-3817-8804-876b3dd018e9,-3.01189,-53.87228,2026-10-03 05:16:00,NPP-375D,URUARÁ,PARÁ,Brasil,1508159,15,33,,,,Amazônia,1.6
ce8c8844-4680-34e5-b056-fc6c0b9cfbb7,-3.01694,-53.88396,2026-10-03 05:16:00,NPP-375D,URUARÁ,PARÁ,Brasil,1508159,15,33,,,,Amazônia,0.7
fbbd5d75-23c4-3763-9929-4c4b73047773,-4.16658,-54.33725,2026-10-03 05:16:00,NPP-375D,PLACAS,PARÁ,Brasil,1505650,15,33,,,,Amazônia,1.5
33a7cf01-1818-343c-8df3-7f020f347372,-2.96923,-54.10006,2026-10-03 05:16:00,NPP-375D,SANTARÉM,PARÁ,Brasil,1506807,15,33,,,,Amazônia,1.8
bd5e66d3-69f6-3371-8f47-31cf1939233f,-2.46282,-56.07566,2026-10-03 05:16:00,NPP-375D,JURUTI,PARÁ,Brasil,1503903,15,33,,,,Amazônia,1.0
ecaf7eb6-8caa-30e5-aeb3-f7b559a6ffe7,-4.1269,-55.01571,2026-10-03 05:16:00,NPP-375D,RURÓPOLIS,PARÁ,Brasil,1506195,15,33,,,,Amazônia,0.8
58f29aac-14ef-3c1d-84e3-779cf071f726,-2.93479,-54.15207,2026-10-03 05:16:00,NPP-375D,SANTARÉM,PARÁ,Brasil,1506807,15,33,,,,Amazônia,0.9
b2cebcf4-c99e-3993-959a-b5961d8b650c,-2.91076,-54.08735,2026-10-03 05:16:00,NPP-375D,URUARÁ,PARÁ,Brasil,1508159,15,33,,,,Amazônia,1.9
95611d19-16a3-3505-b91a-3ea5fca4ae36,-5.21602,-46.01955,2026-10-03 05:16:00,NPP-375D,ARAME,MARANHÃO,Brasil,2100956,21,33,,,,Amazônia,0.7
4a0e6f7a-ebcb-3d01-8629-e29dfcb04011,-2.17827,-49.77565,2026-10-03 05:16:00,NPP-375D,CAMETÁ,PARÁ,Brasil,1502103,15,33,,,,Amazônia,1.5
8303882f-02f5-3d94-8641-2d8fb95a3370,-2.15398,-53.65951,2026-10-03 05:16:00,NPP-375D,PRAINHA,PARÁ,Brasil,1506005,15,33,,,,Amazônia,1.4
bff62aa3-eb2e-3c5a-865c-f26ff8db21c7,-5.72429,-43.27787,2026-10-03 05:16:00,NPP-375D,PARNARAMA,MARANHÃO,Brasil,2107803,21,33,,,,Cerrado,3.6
85dbf7b1-c44d-3e6e-86e8-d4e6e166ebf4,-2.92345,-53.94175,2026-10-03 05:16:00,NPP-375D,URUARÁ,PARÁ,Brasil,1508159,15,33,,,,Amazônia,0.7
6e117d7c-2786-3448-82a8-39e4404619a7,-3.00797,-53.8753,2026-10-03 05:16:00,NPP-375D,URUARÁ,PARÁ,Brasil,1508159,15,33,,,,Amazônia,1.2
bb296114-276e-320f-a765-8d64ef80ab13,-3.02902,-51.26714,2026-10-03 05:16:00,NPP-375D,ANAPU,PARÁ,Brasil,1500859,15,33,,,,Amazônia,1.0
8ba25c20-350d-3989-b550-df6a21c619ef,-3.11911,-48.67829,2026-10-03 05:16:00,NPP-375D,TAILÂNDIA,PARÁ,Brasil,1507953,15,33,,,,Amazônia,1.6
ca275e2e-a581-3c7c-9cd4-b7eb70f6b548,-3.24214,-54.51421,2026-10-03 05:16:00,NPP-375D,MOJUÍ DOS CAMPOS,PARÁ,Brasil,1504752,15,33,,,,Amazônia,0.8
79d4c89a-d2d5-3eb3-a9d5-f2f9f9a58e79,-3.07027,-51.27648,2026-10-03 05:16:00,NPP-375D,ANAPU,PARÁ,Brasil,1500859,15,33,,,,Amazônia,1.1
07b6e571-1513-3860-a103-21763e818044,-4.05488,-51.1166,2026-10-03 05:16:00,NPP-375D,PACAJÁ,PARÁ,Brasil,1505486,15,33,,,,Amazônia,1.1
00ffe5e6-2711-333b-a064-9d50b4844818,-2.97806,-53.26431,2026-10-03 05:16:00,NPP-375D,MEDICILÂNDIA,PARÁ,Brasil,1504455,15,33,,,,Amazônia,1.9
bbfd1dc7-a136-3a11-886a-658768aceae1,-3.01583,-53.89103,2026-10-03 05:16:00,NPP-375D,URUARÁ,PARÁ,Brasil,1508159,15,33,,,,Amazônia,2.4
9ebe7ad9-cdcc-351a-849a-a677c14c9ba9,-3.70652,-50.66069,2026-10-03 05:16:00,NPP-375D,PACAJÁ,PARÁ,Brasil,1505486,15,33,,,,Amazônia,2.5
53ed6765-ab66-36ea-bb91-fbc42a770b2a,-5.89577,-55.48681,2026-10-03 05:16:00,NPP-375D,ITAITUBA,PARÁ,Brasil,1503606,15,33,,,,Amazônia,1.3
f30b99e3-f45a-3792-85c0-980ca5ae5476,-3.18544,-54.10168,2026-10-03 05:16:00,NPP-375D,URUARÁ,PARÁ,Brasil,1508159,15,33,,,,Amazônia,1.8
25d393a7-858f-3ec6-9891-16e207b2ed19,-2.96699,-54.09253,2026-10-03 05:16:00,NPP-375D,SANTARÉM,PARÁ,Brasil,1506807,15,33,,,,Amazônia,1.6
e859997a-4c95-3d05-8901-feb5876b2b70,-2.88798,-54.14474,2026-10-03 05:16:00,NPP-375D,SANTARÉM,PARÁ,Brasil,1506807,15,33,,,,Amazônia,3.0
01e4a502-d120-33f2-ad0c-59afc001bdf0,-3.85293,-55.9685,2026-10-03 05:16:00,NPP-375D,AVEIRO,PARÁ,Brasil,1501006,15,33,,,,Amazônia,1.2
eb6f2c32-52e9-3977-b192-22ba1ea7cfe0,-4.26101,-50.73997,2026-10-03 05:16:00,NPP-375D,NOVO REPARTIMENTO,PARÁ,Brasil,1505064,15,33,,,,Amazônia,2.3
44a1c5fc-02c3-3623-9d19-c3742e5bc54f,-2.86009,-54.12606,2026-10-03 05:16:00,NPP-375D,SANTARÉM,PARÁ,Brasil,1506807,15,33,,,,Amazônia,1.8
75060874-3caf-37b3-a8b4-969b06d8caca,-2.97292,-53.27469,2026-10-03 05:16:00,NPP-375D,MEDICILÂNDIA,PARÁ,Brasil,1504455,15,33,,,,Amazônia,1.3
23d79ba9-0aaf-3365-bcc0-514917a894bb,-4.4063,-49.96926,2026-10-03 05:16:00,NPP-375D,NOVO REPARTIMENTO,PARÁ,Brasil,1505064,15,33,,,,Amazônia,0.9
e1b39b52-9a6d-31dc-bad3-8170b3cb5db2,-3.17929,-54.09716,2026-10-03 05:16:00,NPP-375D,URUARÁ,PARÁ,Brasil,1508159,15,33,,,,Amazônia,1.0
55f86273-4c6b-34b4-9c1e-1e967f249b21,-4.60256,-46.78407,2026-10-03 05:16:00,NPP-375D,BOM JESUS DAS SELVAS,MARANHÃO,Brasil,2102036,21,33,,,,Amazônia,0.4
5b06da0b-6c8d-3c2b-9840-6211f4ea0acf,-3.27915,-53.83421,2026-10-03 05:16:00,NPP-375D,URUARÁ,PARÁ,Brasil,1508159,15,33,,,,Amazônia,1.0
5b5edf6f-6f33-3f4d-87c6-fcfdb0e831b9,-3.00431,-54.75692,2026-10-03 05:16:00,NPP-375D,MOJUÍ DOS CAMPOS,PARÁ,Brasil,1504752,15,33,,,,Amazônia,0.6
c7a06d81-3f4d-3a9c-a173-dd429ca03fcb,-3.17479,-54.08205,2026-10-03 05:16:00,NPP-375D,URUARÁ,PARÁ,Brasil,1508159,15,33,,,,Amazônia,2.3
e37f8006-8834-38c7-b26d-0d00aa4e2815,-4.73782,-43.26701,2026-10-03 05:16:00,NPP-375D,CAXIAS,MARANHÃO,Brasil,2103000,21,33,,,,Cerrado,3.5
837d716e-41a3-3ae6-a71e-1d1457cbe242,-1.65637,-55.21462,2026-10-03 05:16:00,NPP-375D,ÓBIDOS,PARÁ,Brasil,1505106,15,33,,,,Amazônia,1.2
97da3a11-cf82-3db4-a7a1-1f93a2888999,-4.27276,-50.74186,2026-10-03 05:16:00,NPP-375D,NOVO REPARTIMENTO,PARÁ,Brasil,1505064,15,33,,,,Amazônia,1.4
df2f1ba1-a57a-3a8a-b335-810460706ec7,-1.1491,-54.18892,2026-10-03 05:16:00,NPP-375D,MONTE ALEGRE,PARÁ,Brasil,1504802,15,33,,,,Amazônia,0.8
cf22a409-82db-3de8-857a-4345e4ba6ab2,-2.88853,-54.14126,2026-10-03 05:16:00,NPP-375D,SANTARÉM,PARÁ,Brasil,1506807,15,33,,,,Amazônia,3.8
8aa6fd4c-15bf-3564-8df3-a00ced12c27b,-2.91411,-54.08787,2026-10-03 05:16:00,NPP-375D,URUARÁ,PARÁ,Brasil,1508159,15,33,,,,Amazônia,1.9
135af6e0-b254-3fb3-ad0f-e8e50d6aaf84,-1.75304,-55.66636,2026-10-03 05:16:00,NPP-375D,ÓBIDOS,PARÁ,Brasil,1505106,15,33,,,,Amazônia,0.7
7c39185a-0c6d-3653-9b68-ad1cb93c466b,-1.27983,-55.41233,2026-10-03 05:16:00,NPP-375D,ALENQUER,PARÁ,Brasil,1500404,15,33,,,,Amazônia,0.8
f6cf0277-3640-3af8-b412-e2e297bacbe1,-2.26315,-54.80337,2026-10-03 05:16:00,NPP-375D,SANTARÉM,PARÁ,Brasil,1506807,15,33,,,,Amazônia,0.7
48e2ca8d-5983-38d4-9f4b-cac2548bc177,-3.71452,-53.39465,2026-10-03 05:16:00,NPP-375D,URUARÁ,PARÁ,Brasil,1508159,15,33,,,,Amazônia,0.6
99162679-64a0-3143-b079-73c4cdde8738,-3.29262,-53.83634,2026-10-03 05:16:00,NPP-375D,URUARÁ,PARÁ,Brasil,1508159,15,33,,,,Amazônia,2.1
c207f5b4-5f57-3e61-801c-736577b712a7,-3.11672,-50.28251,2026-10-03 05:16:00,NPP-375D,PORTEL,PARÁ,Brasil,1505809,15,33,,,,Amazônia,1.4
847d0dbc-c340-3173-b965-0759ba4d605b,-2.17532,-49.76799,2026-10-03 05:16:00,NPP-375D,CAMETÁ,PARÁ,Brasil,1502103,15,33,,,,Amazônia,0.9
8813e7a9-7b0a-3354-8c73-0518b54651a6,-2.54893,-57.40277,2026-10-03 05:16:00,NPP-375D,URUCURITUBA,AMAZONAS,Brasil,1304401,13,33,,,,Amazônia,1.7
2bde6b54-4f1c-35ff-93e8-94f21a51975e,-4.29491,-50.78053,2026-10-03 05:16:00,NPP-375D,NOVO REPARTIMENTO,PARÁ,Brasil,1505064,15,33,,,,Amazônia,2.6
a2298930-7924-370e-9cfc-625cb6b9c739,-4.56816,-46.58641,2026-10-03 05:16:00,NPP-375D,BOM JESUS DAS SELVAS,MARANHÃO,Brasil,2102036,21,33,,,,Amazônia,7.9
2dd274d4-a3ee-3963-a808-323fdbbc29cd,-3.17011,-54.09885,2026-10-03 05:16:00,NPP-375D,URUARÁ,PARÁ,Brasil,1508159,15,33,,,,Amazônia,1.3
7837b3f5-a9a4-3191-81d5-afdddd98acb4,-5.36762,-49.59128,2026-10-03 05:16:00,NPP-375D,ITUPIRANGA,PARÁ,Brasil,1503705,15,33,,,,Amazônia,1.3
644ec0aa-1805-3c85-8c04-7f3e2dfa166e,-6.20513,-53.26516,2026-10-03 05:16:00,NPP-375D,SÃO FÉLIX DO XINGU,PARÁ,Brasil,1507300,15,33,,,,Amazônia,1.9
8396b3c2-f5cf-3acf-a44b-e2369b792183,-3.71472,-53.39453,2026-10-03 05:16:00,NPP-375D,URUARÁ,PARÁ,Brasil,1508159,15,33,,,,Amazônia,0.7
392c4c34-2817-3cf3-a863-1d9e09990e4c,-7.46445,-55.01287,2026-10-03 05:16:00,NPP-375D,ALTAMIRA,PARÁ,Brasil,1500602,15,33,,,,Amazônia,0.7
8bc4e879-9f64-3408-be2f-07a18a448c23,-2.56925,-49.1115,2026-10-03 05:16:00,NPP-375D,MOJU,PARÁ,Brasil,1504703,15,33,,,,Amazônia,1.9
5c0ae0d9-056a-387e-b442-5107c0078c77,-3.11977,-48.67403,2026-10-03 05:16:00,NPP-375D,TAILÂNDIA,PARÁ,Brasil,1507953,15,33,,,,Amazônia,1.6
22886eb6-e5a6-3844-9ae1-72c2d740e966,-3.17534,-54.07853,2026-10-03 05:16:00,NPP-375D,URUARÁ,PARÁ,Brasil,1508159,15,33,,,,Amazônia,1.8
eed1ff74-59e5-3556-9c7c-6afecf44673a,-3.07315,-51.27851,2026-10-03 05:16:00,NPP-375D,ANAPU,PARÁ,Brasil,1500859,15,33,,,,Amazônia,1.5
1bbb50ef-25b3-3f59-8753-920211669be6,-3.29037,-53.85054,2026-10-03 05:16:00,NPP-375D,URUARÁ,PARÁ,Brasil,1508159,15,33,,,,Amazônia,0.7
95e5f765-d4bf-3750-9b16-0d61d4ad055d,-3.11464,-50.28053,2026-10-03 05:16:00,NPP-375D,PORTEL,PARÁ,Brasil,1505809,15,33,,,,Amazônia,1.9
0ffba1e0-c1e4-30f6-9012-f549cc08b99d,-3.00287,-54.23429,2026-10-03 05:16:00,NPP-375D,SANTARÉM,PARÁ,Brasil,1506807,15,33,,,,Amazônia,1.6
4217d42a-ffa9-332c-80bf-f03243e6b613,-4.78637,-55.71972,2026-10-03 05:16:00,NPP-375D,TRAIRÃO,PARÁ,Brasil,1508050,15,33,,,,Amazônia,2.0
07b2df7a-4dd3-332e-968c-13fdf72c9032,-3.87706,-51.89531,2026-10-03 05:16:00,NPP-375D,SENADOR JOSÉ PORFÍRIO,PARÁ,Brasil,1507805,15,33,,,,Amazônia,1.4
40d2badf-85c8-3fa2-977f-b7321db4fd57,-3.12898,-53.74842,2026-10-03 05:16:00,NPP-375D,URUARÁ,PARÁ,Brasil,1508159,15,33,,,,Amazônia,3.1
7071254f-bc78-3ab5-b7f5-afe3f0aaaf91,-3.18319,-54.09415,2026-10-03 05:16:00,NPP-375D,URUARÁ,PARÁ,Brasil,1508159,15,33,,,,Amazônia,1.4
500969d5-ddce-3aea-ab8b-6a48ee8d8b3c,-3.28308,-53.83119,2026-10-03 05:16:00,NPP-375D,URUARÁ,PARÁ,Brasil,1508159,15,33,,,,Amazônia,4.2
c6b95001-a70b-3369-8e1f-d2b78933bc5a,-3.00676,-54.23133,2026-10-03 05:16:00,NPP-375D,SANTARÉM,PARÁ,Brasil,1506807,15,33,,,,Amazônia,1.2
0e73f63a-62e7-3560-b41e-2787a82aa6fe,-2.89746,-54.14982,2026-10-03 05:16:00,NPP-375D,SANTARÉM,PARÁ,Brasil,1506807,15,33,,,,Amazônia,0.9
a81c5e6d-cf23-3157-8cf9-2d0db86538b3,-3.28757,-53.82462,2026-10-03 05:16:00,NPP-375D,URUARÁ,PARÁ,Brasil,1508159,15,33,,,,Amazônia,8.1
d14f39f7-0677-32b0-8dcb-8cb8f7c0cd5d,-4.65829,-55.99534,2026-10-03 05:16:00,NPP-375D,TRAIRÃO,PARÁ,Brasil,1508050,15,33,,,,Amazônia,0.6
b5298100-1b07-379c-9761-d1adc2333e46,-2.8896,-54.11276,2026-10-03 05:16:00,NPP-375D,SANTARÉM,PARÁ,Brasil,1506807,15,33,,,,Amazônia,1.7
f7121315-b750-3f23-905e-9656f0404231,-3.24493,-54.51821,2026-10-03 05:16:00,NPP-375D,MOJUÍ DOS CAMPOS,PARÁ,Brasil,1504752,15,33,,,,Amazônia,0.8
3972b693-e524-3549-99d5-d993b7e64c3c,-3.23088,-54.31311,2026-10-03 05:16:00,NPP-375D,MOJUÍ DOS CAMPOS,PARÁ,Brasil,1504752,15,33,,,,Amazônia,1.9
f462782c-2b65-3743-9cf7-72336aeef631,-2.97034,-54.09305,2026-10-03 05:16:00,NPP-375D,SANTARÉM,PARÁ,Brasil,1506807,15,33,,,,Amazônia,2.2
28ae99cf-adae-3719-a615-a41bcde3beae,-6.05106,-59.9281,2026-10-03 05:16:00,NPP-375D,NOVO ARIPUANÃ,AMAZONAS,Brasil,1303304,13,33,,,,Amazônia,0.9
24013a32-ac67-38dc-a9c8-151b54bb1954,-6.21125,-53.22584,2026-10-03 05:16:00,NPP-375D,SÃO FÉLIX DO XINGU,PARÁ,Brasil,1507300,15,33,,,,Amazônia,1.0
47aa6bda-76ff-3678-943e-59b44716ac42,-2.1093,-49.00156,2026-10-03 05:16:00,NPP-375D,IGARAPÉ-MIRI,PARÁ,Brasil,1503309,15,33,,,,Amazônia,0.6
6dac455f-f399-3238-aacf-16d1d8214fc6,-3.22754,-54.31258,2026-10-03 05:16:00,NPP-375D,MOJUÍ DOS CAMPOS,PARÁ,Brasil,1504752,15,33,,,,Amazônia,1.9
b90bc4f3-249e-327d-b5cd-7fb83d2c0a64,-1.25902,-54.56016,2026-10-03 05:16:00,NPP-375D,MONTE ALEGRE,PARÁ,Brasil,1504802,15,33,,,,Amazônia,1.4
9640f8b0-0ef6-3f0d-99bc-8c9bb5189b40,-4.79305,-55.76352,2026-10-03 05:16:00,NPP-375D,TRAIRÃO,PARÁ,Brasil,1508050,15,33,,,,Amazônia,1.4
de28467e-a1db-31fd-9c0d-c7be971edfc1,-5.97154,-55.37435,2026-10-03 05:16:00,NPP-375D,ITAITUBA,PARÁ,Brasil,1503606,15,33,,,,Amazônia,1.0
5d3fd3ee-86dd-39ec-ae61-ff92dd698c3c,-3.13235,-53.74895,2026-10-03 05:16:00,NPP-375D,URUARÁ,PARÁ,Brasil,1508159,15,33,,,,Amazônia,1.2
cabf448a-5a0e-3dbb-a717-655ed4d92f29,-2.97313,-54.09708,2026-10-03 05:16:00,NPP-375D,SANTARÉM,PARÁ,Brasil,1506807,15,33,,,,Amazônia,2.2
b1cc2a02-7530-3391-aad5-dc3f69fc8d36,-1.27927,-55.41583,2026-10-03 05:16:00,NPP-375D,ÓBIDOS,PARÁ,Brasil,1505106,15,33,,,,Amazônia,0.8
592f6c2d-314a-376b-a7eb-64564b47357f,-3.14021,-53.74287,2026-10-03 05:16:00,NPP-375D,URUARÁ,PARÁ,Brasil,1508159,15,33,,,,Amazônia,0.8
425c5a9e-8bc3-32ed-8b74-73d9f1e77a11,-5.9721,-55.37087,2026-10-03 05:16:00,NPP-375D,ITAITUBA,PARÁ,Brasil,1503606,15,33,,,,Amazônia,1.0
a6d9ca36-39db-342b-8fc5-a7b46aee2b30,-3.13851,-53.73166,2026-10-03 05:16:00,NPP-375D,URUARÁ,PARÁ,Brasil,1508159,15,33,,,,Amazônia,1.8
4485bf5b-4b38-3095-8df9-11d67a0b5371,-4.26493,-50.7406,2026-10-03 05:16:00,NPP-375D,NOVO REPARTIMENTO,PARÁ,Brasil,1505064,15,33,,,,Amazônia,3.5
981fc920-c032-33fc-b5a4-850a612a6a1a,-3.56417,-53.06066,2026-10-03 05:16:00,NPP-375D,MEDICILÂNDIA,PARÁ,Brasil,1504455,15,33,,,,Amazônia,0.9
fcd37958-fee8-3d7e-a83e-9a80deb96e8a,-2.97691,-53.27158,2026-10-03 05:16:00,NPP-375D,MEDICILÂNDIA,PARÁ,Brasil,1504455,15,33,,,,Amazônia,1.7
dc538811-174a-372d-ab25-ff14e03e0b28,-6.93058,-49.62339,2026-10-03 05:16:00,NPP-375D,SAPUCAIA,PARÁ,Brasil,1507755,15,33,,,,Amazônia,0.8
105a9a80-3024-395d-be66-742a5d10c514,-2.88768,-56.82282,2026-10-03 05:16:00,NPP-375D,PARINTINS,AMAZONAS,Brasil,1303403,13,33,,,,Amazônia,1.1
5b5a9d67-1519-3a40-8c60-2c8b52953042,-4.44996,-47.92297,2026-10-03 05:16:00,NPP-375D,DOM ELISEU,PARÁ,Brasil,1502939,15,33,,,,Amazônia,6.3
b117c76f-f0c7-3287-abd0-09cee56be44d,-3.19214,-54.10271,2026-10-03 05:16:00,NPP-375D,URUARÁ,PARÁ,Brasil,1508159,15,33,,,,Amazônia,0.5
9439b955-d168-342f-a5ac-f9105eb29f57,-5.7261,-43.28077,2026-10-03 05:16:00,NPP-375D,PARNARAMA,MARANHÃO,Brasil,2107803,21,33,,,,Cerrado,2.9
5e05f64b-8677-3f51-9ade-7a033b979e61,-4.40685,-49.96561,2026-10-03 05:16:00,NPP-375D,NOVO REPARTIMENTO,PARÁ,Brasil,1505064,15,33,,,,Amazônia,0.9
b1908564-b0a3-37f9-a513-cb20a2cdcbcc,-3.13458,-53.73469,2026-10-03 05:16:00,NPP-375D,URUARÁ,PARÁ,Brasil,1508159,15,33,,,,Amazônia,5.6
4f9d4a84-d84e-3988-95e9-5a1391863add,-1.22228,-54.54045,2026-10-03 05:16:00,NPP-375D,MONTE ALEGRE,PARÁ,Brasil,1504802,15,33,,,,Amazônia,2.7
f9aa83f3-be94-3d91-8df2-e7a64e2b2677,-5.13393,-45.57576,2026-10-03 05:16:00,NPP-375D,ITAIPAVA DO GRAJAÚ,MARANHÃO,Brasil,2105351,21,33,,,,Cerrado,6.4
301bd175-a90d-379a-8f19-4ad0ee1d0330,-2.25148,-51.93086,2026-10-03 05:16:00,NPP-375D,PORTEL,PARÁ,Brasil,1505809,15,33,,,,Amazônia,3.4
bc475a75-4386-3ad1-924b-6c355ac0c904,-6.34949,-51.70552,2026-10-03 05:16:00,NPP-375D,SÃO FÉLIX DO XINGU,PARÁ,Brasil,1507300,15,33,,,,Amazônia,1.1
7c7eeeb9-16c4-33f1-b493-147f4649a52a,-2.92583,-54.10048,2026-10-03 05:16:00,NPP-375D,URUARÁ,PARÁ,Brasil,1508159,15,33,,,,Amazônia,3.2
cdacdb91-b9e7-33b3-a287-0a47bba71c0b,-5.95061,-43.65342,2026-10-03 05:16:00,NPP-375D,LAGOA DO MATO,MARANHÃO,Brasil,2105922,21,33,,,,Cerrado,20.1
66c84443-2124-3bda-9cb3-70530551d6d2,-4.42593,-55.75158,2026-10-03 05:16:00,NPP-375D,ITAITUBA,PARÁ,Brasil,1503606,15,33,,,,Amazônia,1.7
e3450000-b7be-3baa-ab43-b841749c2956,-3.70689,-50.65794,2026-10-03 05:16:00,NPP-375D,PACAJÁ,PARÁ,Brasil,1505486,15,33,,,,Amazônia,7.0
e3cebac0-d657-3ab2-a731-5b922d0dff0f,-4.68662,-55.79621,2026-10-03 05:16:00,NPP-375D,TRAIRÃO,PARÁ,Brasil,1508050,15,33,,,,Amazônia,0.9
fe38db63-72f7-3eb3-a0a9-7c074fe17f96,-5.98097,-55.3794,2026-10-03 05:16:00,NPP-375D,ITAITUBA,PARÁ,Brasil,1503606,15,33,,,,Amazônia,0.9
90b8488d-c31c-390c-be7d-8b97a9e77f86,-2.29025,-47.87776,2026-10-03 05:16:00,NPP-375D,AURORA DO PARÁ,PARÁ,Brasil,1500958,15,33,,,,Amazônia,1.8
ba59fcdc-68dd-343e-8c47-635677e52b70,-4.73704,-43.27246,2026-10-03 05:16:00,NPP-375D,CAXIAS,MARANHÃO,Brasil,2103000,21,33,,,,Cerrado,3.5
3116095a-3ecf-3804-b098-4eb6229886e3,-3.13909,-53.75,2026-10-03 05:16:00,NPP-375D,URUARÁ,PARÁ,Brasil,1508159,15,33,,,,Amazônia,0.8
9a27a7bb-8d4b-3f9f-b653-36e6f1473cc5,-3.12334,-53.74025,2026-10-03 05:16:00,NPP-375D,URUARÁ,PARÁ,Brasil,1508159,15,33,,,,Amazônia,12.3
74287456-6aed-3c32-8dba-9ffdd71d8e74,-6.73462,-44.14692,2026-10-03 05:16:00,NPP-375D,NOVA IORQUE,MARANHÃO,Brasil,2107308,21,33,,,,Cerrado,3.1
b040fcf1-c22e-3439-97d1-3d39df265681,-3.13009,-53.7413,2026-10-03 05:16:00,NPP-375D,URUARÁ,PARÁ,Brasil,1508159,15,33,,,,Amazônia,2.2
f34b4ddf-eeb1-3b8f-b73c-7382322d443a,-3.02833,-51.27157,2026-10-03 05:16:00,NPP-375D,ANAPU,PARÁ,Brasil,1500859,15,33,,,,Amazônia,2.4
7f8fbb32-e33d-3476-90e3-d760552dd107,-4.29416,-50.78542,2026-10-03 05:16:00,NPP-375D,NOVO REPARTIMENTO,PARÁ,Brasil,1505064,15,33,,,,Amazônia,2.6
2a92e5fd-356a-30fe-b2ed-d58c902d9df4,-3.0035,-53.88186,2026-10-03 05:16:00,NPP-375D,URUARÁ,PARÁ,Brasil,1508159,15,33,,,,Amazônia,1.1
585c60a8-860b-3816-af7e-9620dbce5572,-3.18824,-54.10571,2026-10-03 05:16:00,NPP-375D,URUARÁ,PARÁ,Brasil,1508159,15,33,,,,Amazônia,0.5
1ddb4fff-5ebd-3fb1-9f30-02529c09a75c,-3.7757,-52.14118,2026-10-03 05:16:00,NPP-375D,SENADOR JOSÉ PORFÍRIO,PARÁ,Brasil,1507805,15,33,,,,Amazônia,0.9
023a3584-5f06-3377-a6a7-c9710f44c28e,-2.93642,-54.09855,2026-10-03 05:16:00,NPP-375D,SANTARÉM,PARÁ,Brasil,1506807,15,33,,,,Amazônia,1.5
672b8a18-91ec-3810-90a5-5ed07e3278bc,-3.05643,-54.16726,2026-10-03 05:16:00,NPP-375D,SANTARÉM,PARÁ,Brasil,1506807,15,33,,,,Amazônia,2.2
db754b66-df58-324e-a512-58466feb9f55,-3.13739,-53.73878,2026-10-03 05:16:00,NPP-375D,URUARÁ,PARÁ,Brasil,1508159,15,33,,,,Amazônia,5.6
045a26d7-4388-3dfe-9e9a-abc2193d07e6,-2.92248,-54.09995,2026-10-03 05:16:00,NPP-375D,URUARÁ,PARÁ,Brasil,1508159,15,33,,,,Amazônia,3.2
af75e6e8-afed-3f2c-acf5-745078f61e8a,-2.15475,-59.22691,2026-10-03 05:16:00,NPP-375D,PRESIDENTE FIGUEIREDO,AMAZONAS,Brasil,1303536,13,33,,,,Amazônia,1.0
f0a0024a-113d-3928-8ab7-5d6acfe2a281,-3.88071,-51.89587,2026-10-03 05:16:00,NPP-375D,SENADOR JOSÉ PORFÍRIO,PARÁ,Brasil,1507805,15,33,,,,Amazônia,1.9
b0ca36aa-8e3c-330e-829b-68f3996ec9e6,-1.27563,-54.56277,2026-10-03 05:16:00,NPP-375D,MONTE ALEGRE,PARÁ,Brasil,1504802,15,33,,,,Amazônia,1.9
65c3fa92-7d11-3afc-8af3-64a9f1419b66,-3.51567,-54.60664,2026-10-03 05:16:00,NPP-375D,PLACAS,PARÁ,Brasil,1505650,15,33,,,,Amazônia,5.9
f7f6b403-ccb6-3582-8b57-359d0cf39abe,-3.41981,-48.33717,2026-10-03 05:16:00,NPP-375D,PARAGOMINAS,PARÁ,Brasil,1505502,15,33,,,,Amazônia,2.8
588c4037-e1a7-3679-8885-b2d906315d71,-5.88524,-55.4887,2026-10-03 05:16:00,NPP-375D,ITAITUBA,PARÁ,Brasil,1503606,15,33,,,,Amazônia,5.0
f2381071-1fd4-3f31-bf56-f2f0b413f022,-3.12449,-53.75503,2026-10-03 05:16:00,NPP-375D,URUARÁ,PARÁ,Brasil,1508159,15,33,,,,Amazônia,2.5
02198ec8-5433-371c-9df3-d21300a27377,-3.2242,-54.31206,2026-10-03 05:16:00,NPP-375D,MOJUÍ DOS CAMPOS,PARÁ,Brasil,1504752,15,33,,,,Amazônia,2.5
b778ee49-ee53-30ed-b789-d9317bfb14c0,-3.95564,-55.32551,2026-10-03 05:16:00,NPP-375D,AVEIRO,PARÁ,Brasil,1501006,15,33,,,,Amazônia,0.8
1cb3494d-52e3-3f75-97a1-17eb1648c73f,-3.12053,-53.73616,2026-10-03 05:16:00,NPP-375D,URUARÁ,PARÁ,Brasil,1508159,15,33,,,,Amazônia,9.1
c89dae5c-bf3e-34f8-83cb-4f4fa920b896,-3.1059,-50.28439,2026-10-03 05:16:00,NPP-375D,PORTEL,PARÁ,Brasil,1505809,15,33,,,,Amazônia,2.1
91683ba8-2a4d-3a34-8876-89fb652688c8,-2.48697,-56.09772,2026-10-03 05:16:00,NPP-375D,JURUTI,PARÁ,Brasil,1503903,15,33,,,,Amazônia,1.2
772e8afd-43b5-34b5-bdba-2ade061e6205,-4.29251,-50.77009,2026-10-03 05:16:00,NPP-375D,NOVO REPARTIMENTO,PARÁ,Brasil,1505064,15,33,,,,Amazônia,2.2
f3d06f63-430f-3aec-b4e8-af73a2ee7064,-4.98579,-45.64419,2026-10-03 05:16:00,NPP-375D,ARAME,MARANHÃO,Brasil,2100956,21,33,,,,Amazônia,1.3
4f0f5661-3c32-3bd8-a2b5-cda272c155e9,-3.0175,-53.88042,2026-10-03 05:16:00,NPP-375D,URUARÁ,PARÁ,Brasil,1508159,15,33,,,,Amazônia,1.5
756aa490-40ca-3d42-aed7-bb76432ae99b,-3.70182,-50.97919,2026-10-03 05:16:00,NPP-375D,PACAJÁ,PARÁ,Brasil,1505486,15,33,,,,Amazônia,2.7
6e120ef0-26cb-381a-bfa8-8e04525375b1,-3.64425,-55.49962,2026-10-03 05:16:00,NPP-375D,AVEIRO,PARÁ,Brasil,1501006,15,33,,,,Amazônia,3.1
be7a8fa0-ba17-3133-917e-aa44a6f2e444,-6.0181,-53.54242,2026-10-03 05:16:00,NPP-375D,ALTAMIRA,PARÁ,Brasil,1500602,15,33,,,,Amazônia,1.7
efacf0ad-e5bf-390c-8bf7-6a9ecc98af48,-5.73742,-55.73934,2026-10-03 05:16:00,NPP-375D,ITAITUBA,PARÁ,Brasil,1503606,15,33,,,,Amazônia,0.9
b05d7f8f-7dfd-3ac4-a41d-474fb807eb63,-3.00853,-53.87176,2026-10-03 05:16:00,NPP-375D,URUARÁ,PARÁ,Brasil,1508159,15,33,,,,Amazônia,1.1
8dc7de0d-e0a4-3232-9b79-08ccec137dd2,-4.04152,-54.22727,2026-10-03 05:16:00,NPP-375D,PLACAS,PARÁ,Brasil,1505650,15,33,,,,Amazônia,0.9
1f8081b2-5a00-37a7-9cc3-062abb7286c8,-5.96209,-55.34793,2026-10-03 05:16:00,NPP-375D,ITAITUBA,PARÁ,Brasil,1503606,15,33,,,,Amazônia,4.3
3df097c1-15f3-3f4e-94af-640d90343b20,-3.10352,-50.29958,2026-10-03 05:16:00,NPP-375D,PORTEL,PARÁ,Brasil,1505809,15,33,,,,Amazônia,1.3
f1ce3ad4-2030-304b-91c5-89c742953adb,-3.17925,-54.07552,2026-10-03 05:16:00,NPP-375D,URUARÁ,PARÁ,Brasil,1508159,15,33,,,,Amazônia,1.8
e74f017c-b098-3e8f-a145-557ec7e24987,-3.22141,-54.30804,2026-10-03 05:16:00,NPP-375D,MOJUÍ DOS CAMPOS,PARÁ,Brasil,1504752,15,33,,,,Amazônia,2.1
5833bfe3-a2d5-3608-af29-40ff57f80715,-3.26912,-54.00671,2026-10-03 05:16:00,NPP-375D,URUARÁ,PARÁ,Brasil,1508159,15,33,,,,Amazônia,1.1
70390630-7d3a-3322-afc3-d74adade56bd,-2.88905,-54.11626,2026-10-03 05:16:00,NPP-375D,SANTARÉM,PARÁ,Brasil,1506807,15,33,,,,Amazônia,4.4
bd6cdd8b-898e-3cef-b4b8-65d61ef64a2b,-3.00596,-54.74654,2026-10-03 05:16:00,NPP-375D,MOJUÍ DOS CAMPOS,PARÁ,Brasil,1504752,15,33,,,,Amazônia,1.4
25d774be-61a1-304d-bf7c-699b65ce549b,-5.94488,-43.6473,2026-10-03 05:16:00,NPP-375D,LAGOA DO MATO,MARANHÃO,Brasil,2105922,21,33,,,,Cerrado,10.3
5caae9bb-403a-3a06-9bdc-6faea187bbef,-1.27896,-54.56329,2026-10-03 05:16:00,NPP-375D,MONTE ALEGRE,PARÁ,Brasil,1504802,15,33,,,,Amazônia,0.9
35ef8f0f-aaaa-3065-9d02-724f475bc559,-4.71394,-56.15158,2026-10-03 05:16:00,NPP-375D,ITAITUBA,PARÁ,Brasil,1503606,15,33,,,,Amazônia,1.3
f56d48a1-b20f-3640-af3c-c2f17c5b26f0,-3.14247,-53.75053,2026-10-03 05:16:00,NPP-375D,URUARÁ,PARÁ,Brasil,1508159,15,33,,,,Amazônia,0.8
c1de1ee3-71fc-3930-93af-f0721c5f94e9,-3.01864,-53.89509,2026-10-03 05:16:00,NPP-375D,URUARÁ,PARÁ,Brasil,1508159,15,33,,,,Amazônia,2.4
d7996340-7911-3503-9c9f-b57ed9ddce55,-2.98398,-53.26824,2026-10-03 05:16:00,NPP-375D,MEDICILÂNDIA,PARÁ,Brasil,1504455,15,33,,,,Amazônia,1.2
d984c989-8616-3f37-b009-627ca444ca02,-2.05023,-56.86646,2026-10-03 05:16:00,NPP-375D,NHAMUNDÁ,AMAZONAS,Brasil,1303007,13,33,,,,Amazônia,2.0
920795c1-417b-3010-94f8-efcf7a5b7d0c,-1.27176,-54.5657,2026-10-03 05:16:00,NPP-375D,MONTE ALEGRE,PARÁ,Brasil,1504802,15,33,,,,Amazônia,3.0
c8f8fe3f-c434-325c-8f47-7805cd915eb6,-3.13346,-53.74183,2026-10-03 05:16:00,NPP-375D,URUARÁ,PARÁ,Brasil,1508159,15,33,,,,Amazônia,1.5
5c5790a8-571e-31a5-a5f0-16619a51da09,-4.36022,-47.77244,2026-10-03 05:16:00,NPP-375D,DOM ELISEU,PARÁ,Brasil,1502939,15,33,,,,Amazônia,6.7
f566b817-6a06-3933-997a-2f4a4d0ae77e,-3.07385,-51.27408,2026-10-03 05:16:00,NPP-375D,ANAPU,PARÁ,Brasil,1500859,15,33,,,,Amazônia,2.5
48658f0f-ff58-348f-8d00-40852c1b6f81,-4.16713,-54.33372,2026-10-03 05:16:00,NPP-375D,PLACAS,PARÁ,Brasil,1505650,15,33,,,,Amazônia,1.2
c7e7ab1a-d1b9-3f26-af50-a1807c72488c,-3.01508,-54.20043,2026-10-03 05:16:00,NPP-375D,SANTARÉM,PARÁ,Brasil,1506807,15,33,,,,Amazônia,1.1
7e85c6e3-8ba1-3839-be6b-cdf8bb7e5064,-6.05733,-62.5355,2026-10-03 05:16:00,NPP-375D,MANICORÉ,AMAZONAS,Brasil,1302702,13,33,,,,Amazônia,2.0
6f053e65-095c-3fb5-bb44-1cfd0584f0ea,-2.95036,-54.09713,2026-10-03 05:16:00,NPP-375D,SANTARÉM,PARÁ,Brasil,1506807,15,33,,,,Amazônia,0.9
23f3c1ac-e7a4-3e70-a438-6724c3a5e4d7,-5.21548,-46.02328,2026-10-03 05:16:00,NPP-375D,ARAME,MARANHÃO,Brasil,2100956,21,33,,,,Amazônia,1.0
d016c40a-8d6e-3a49-b3cc-e710f1628cb0,-3.1759,-54.07501,2026-10-03 05:16:00,NPP-375D,URUARÁ,PARÁ,Brasil,1508159,15,33,,,,Amazônia,1.8
6a10d9f7-349e-30e0-8e01-cd9964f2c6f3,-3.13795,-53.73522,2026-10-03 05:16:00,NPP-375D,URUARÁ,PARÁ,Brasil,1508159,15,33,,,,Amazônia,5.6
e8a9cf2c-3064-3104-963a-4b79471138a1,-5.2976,-45.80196,2026-10-03 05:16:00,NPP-375D,ITAIPAVA DO GRAJAÚ,MARANHÃO,Brasil,2105351,21,33,,,,Cerrado,2.1
f26529f6-8204-3bae-909f-913d3960b506,-5.88856,-55.48923,2026-10-03 05:16:00,NPP-375D,ITAITUBA,PARÁ,Brasil,1503606,15,33,,,,Amazônia,4.8
2b27ac6d-cbd9-3f86-bb93-b190b4ab491e,-2.17237,-49.7603,2026-10-03 05:16:00,NPP-375D,CAMETÁ,PARÁ,Brasil,1502103,15,33,,,,Amazônia,0.9
854b1c1a-4456-3f2a-8e4d-47d17381b502,-3.21312,-53.94721,2026-10-03 05:16:00,NPP-375D,URUARÁ,PARÁ,Brasil,1508159,15,33,,,,Amazônia,6.7
9e5d5f2c-54f7-3ccc-8709-15400792a0af,-3.85345,-55.8034,2026-10-03 05:16:00,NPP-375D,AVEIRO,PARÁ,Brasil,1501006,15,33,,,,Amazônia,1.2
55939537-1940-33f7-8f2a-2b36251721d5,-2.89577,-54.13881,2026-10-03 05:16:00,NPP-375D,SANTARÉM,PARÁ,Brasil,1506807,15,33,,,,Amazônia,1.0
e12a120c-6115-3e05-ae6b-341bd22cfbbd,-3.8518,-55.97553,2026-10-03 05:16:00,NPP-375D,AVEIRO,PARÁ,Brasil,1501006,15,33,,,,Amazônia,1.8
211acc50-f12e-382f-809a-b3ae67294607,-5.94276,-43.66277,2026-10-03 05:16:00,NPP-375D,LAGOA DO MATO,MARANHÃO,Brasil,2105922,21,33,,,,Cerrado,15.0
2ba42058-3940-3a99-913d-4623ca603e9c,-2.2479,-51.93031,2026-10-03 05:16:00,NPP-375D,PORTEL,PARÁ,Brasil,1505809,15,33,,,,Amazônia,3.4
0034ce76-7727-323f-a0be-36706b0f5fb5,-7.46306,-54.99111,2026-10-03 05:16:00,NPP-375D,ALTAMIRA,PARÁ,Brasil,1500602,15,33,,,,Amazônia,1.0
fb1027d9-519a-39e8-b0d0-64abedfee27a,-5.7301,-43.28451,2026-10-03 05:16:00,NPP-375D,PARNARAMA,MARANHÃO,Brasil,2107803,21,33,,,,Cerrado,3.6
9e44d09c-383a-3405-a0bd-10f15ed2cec9,-3.12842,-53.75199,2026-10-03 05:16:00,NPP-375D,URUARÁ,PARÁ,Brasil,1508159,15,33,,,,Amazônia,3.1
e6af707b-dca6-37d5-8db5-7c83c7583a05,-2.89298,-54.13479,2026-10-03 05:16:00,NPP-375D,SANTARÉM,PARÁ,Brasil,1506807,15,33,,,,Amazônia,1.0
07c74d43-516d-315a-bbc8-edbfeb3a5c28,-4.26419,-50.74551,2026-10-03 05:16:00,NPP-375D,NOVO REPARTIMENTO,PARÁ,Brasil,1505064,15,33,,,,Amazônia,3.3
069f0746-a8a0-3b84-ba31-190040443219,-3.13179,-53.75251,2026-10-03 05:16:00,NPP-375D,URUARÁ,PARÁ,Brasil,1508159,15,33,,,,Amazônia,1.2
a26283f1-525a-3189-9cc3-96e5043ad51d,-3.12953,-53.74486,2026-10-03 05:16:00,NPP-375D,URUARÁ,PARÁ,Brasil,1508159,15,33,,,,Amazônia,2.2
577ff8eb-1736-320e-bf77-f35754510d2a,-3.29206,-53.83989,2026-10-03 05:16:00,NPP-375D,URUARÁ,PARÁ,Brasil,1508159,15,33,,,,Amazônia,1.3
9177c903-a64a-3e39-aa49-7fc7a7f56c29,-2.89411,-54.14929,2026-10-03 05:16:00,NPP-375D,SANTARÉM,PARÁ,Brasil,1506807,15,33,,,,Amazônia,0.9
8e535874-c7f8-3e83-a6f5-2b993eae3d70,-3.71435,-50.66181,2026-10-03 05:16:00,NPP-375D,PACAJÁ,PARÁ,Brasil,1505486,15,33,,,,Amazônia,1.4
5345bc3c-4a41-3c25-9fd9-90d851356365,-3.01528,-53.89457,2026-10-03 05:16:00,NPP-375D,URUARÁ,PARÁ,Brasil,1508159,15,33,,,,Amazônia,2.4
68283b78-6249-32c4-82b4-63ae04228fd3,-4.71059,-56.15105,2026-10-03 05:16:00,NPP-375D,ITAITUBA,PARÁ,Brasil,1503606,15,33,,,,Amazônia,2.1
c09f769f-a35a-3490-ba12-b831ee992033,-3.95619,-55.32205,2026-10-03 05:16:00,NPP-375D,AVEIRO,PARÁ,Brasil,1501006,15,33,,,,Amazônia,0.8
ee5858d8-116f-346f-b3e0-341587224246,-4.45472,-47.92368,2026-10-03 05:16:00,NPP-375D,DOM ELISEU,PARÁ,Brasil,1502939,15,33,,,,Amazônia,6.3
8e31a452-7e75-3d86-94ea-7aaae411147d,-3.2842,-53.82408,2026-10-03 05:16:00,NPP-375D,URUARÁ,PARÁ,Brasil,1508159,15,33,,,,Amazônia,8.1
c7ab865c-7d2f-3a3e-a858-2fc5614c3ce5,-2.89188,-54.14178,2026-10-03 05:16:00,NPP-375D,SANTARÉM,PARÁ,Brasil,1506807,15,33,,,,Amazônia,3.8
f87e1965-085d-34a8-a46f-21bf92d8e42c,-4.29642,-50.77068,2026-10-03 05:16:00,NPP-375D,NOVO REPARTIMENTO,PARÁ,Brasil,1505064,15,33,,,,Amazônia,2.2
3295dd3e-eb99-35a5-a6a4-1d76548e9e5f,-3.71117,-50.65633,2026-10-03 05:16:00,NPP-375D,PACAJÁ,PARÁ,Brasil,1505486,15,33,,,,Amazônia,2.5
af736c92-0e41-3fe9-9628-aecf589839e4,-4.79359,-55.71729,2026-10-03 05:16:00,NPP-375D,TRAIRÃO,PARÁ,Brasil,1508050,15,33,,,,Amazônia,3.3
3aa10e8e-c5cb-35a5-9d0b-cb01692fe692,-1.85946,-54.89165,2026-10-03 05:16:00,NPP-375D,ALENQUER,PARÁ,Brasil,1500404,15,33,,,,Amazônia,1.2
6dbd722f-ece3-33a5-95fa-e1874f6b6ad3,-6.21507,-53.27048,2026-10-03 05:16:00,NPP-375D,SÃO FÉLIX DO XINGU,PARÁ,Brasil,1507300,15,33,,,,Amazônia,1.3
5c6f1c0a-97c9-3cd0-998c-6bc40c582cc3,-3.67323,-54.18839,2026-10-03 05:16:00,NPP-375D,URUARÁ,PARÁ,Brasil,1508159,15,33,,,,Amazônia,0.8
78d7e9ad-ade4-341f-b697-986cecc1ca08,-3.35326,-43.3816,2026-10-03 05:16:00,NPP-375D,URBANO SANTOS,MARANHÃO,Brasil,2112605,21,33,,,,Cerrado,1.1
1b0928fb-2f51-3a97-be0c-18c89af0efc6,-3.84959,-55.96798,2026-10-03 05:16:00,NPP-375D,AVEIRO,PARÁ,Brasil,1501006,15,33,,,,Amazônia,1.2
3c06c22e-7fd2-3b56-b29a-dfc3fcf45305,-2.92862,-54.1045,2026-10-03 05:16:00,NPP-375D,SANTARÉM,PARÁ,Brasil,1506807,15,33,,,,Amazônia,1.6
0b41891b-7da9-36d5-a76a-34322e90b839,-5.86357,-53.47686,2026-10-03 05:16:00,NPP-375D,ALTAMIRA,PARÁ,Brasil,1500602,15,33,,,,Amazônia,1.0
a394358d-ab37-3051-8164-e555a957e751,-2.33848,-51.94703,2026-10-03 05:16:00,NPP-375D,PORTO DE MOZ,PARÁ,Brasil,1505908,15,33,,,,Amazônia,1.1
d577a5bf-2ee9-3488-a655-bbda5ae0d4a7,-2.27605,-48.74433,2026-10-03 05:16:00,NPP-375D,ACARÁ,PARÁ,Brasil,1500206,15,33,,,,Amazônia,1.2
b1899d13-8c83-345b-9092-2b668fc5060b,-5.86223,-53.47355,2026-10-03 05:16:00,NPP-375D,ALTAMIRA,PARÁ,Brasil,1500602,15,33,,,,Amazônia,0.8
532cd396-d88b-3dde-b219-6964972b0a53,-1.76752,-55.02609,2026-10-03 05:16:00,NPP-375D,ALENQUER,PARÁ,Brasil,1500404,15,33,,,,Amazônia,1.3
d2d52ced-affb-3fda-a7de-ed62b73e0598,-2.89682,-54.08877,2026-10-03 05:16:00,NPP-375D,URUARÁ,PARÁ,Brasil,1508159,15,33,,,,Amazônia,1.3
192efb60-2bf5-3024-8040-1b9437d135b9,-6.0464,-59.93226,2026-10-03 05:16:00,NPP-375D,NOVO ARIPUANÃ,AMAZONAS,Brasil,1303304,13,33,,,,Amazônia,1.7
59c03ed7-7b31-3651-9111-5eb2ee906b7d,-3.53795,-55.52908,2026-10-03 05:16:00,NPP-375D,AVEIRO,PARÁ,Brasil,1501006,15,33,,,,Amazônia,1.2
3c4cd437-885c-3baf-ac09-14257d5a2f01,-3.26456,-49.52328,2026-10-03 05:16:00,NPP-375D,BAIÃO,PARÁ,Brasil,1501204,15,33,,,,Amazônia,2.9
fe8b091d-de3f-34e9-b8df-9f55a0ac8091,-2.90691,-54.13339,2026-10-03 05:16:00,NPP-375D,SANTARÉM,PARÁ,Brasil,1506807,15,33,,,,Amazônia,0.9
469c36d5-f9d9-3c27-92a2-c7d0196279f2,-3.09921,-51.08943,2026-10-03 05:16:00,NPP-375D,PORTEL,PARÁ,Brasil,1505809,15,33,,,,Amazônia,1.8
f9911c0d-99d9-3f13-8dbb-28ddd67dc8a5,-2.46225,-56.07921,2026-10-03 05:16:00,NPP-375D,JURUTI,PARÁ,Brasil,1503903,15,33,,,,Amazônia,1.0
3b765f79-f059-3727-aca6-0d54965f9679,-3.71043,-50.66124,2026-10-03 05:16:00,NPP-375D,PACAJÁ,PARÁ,Brasil,1505486,15,33,,,,Amazônia,2.5
020c1031-b5fb-3d60-9b17-d1b595d5707b,-3.01247,-53.89051,2026-10-03 05:16:00,NPP-375D,URUARÁ,PARÁ,Brasil,1508159,15,33,,,,Amazônia,3.5
4e8dbe54-81c8-3e9b-b2a3-6f39a4a9fda1,-1.24723,-55.87832,2026-10-03 05:16:00,NPP-375D,ÓBIDOS,PARÁ,Brasil,1505106,15,33,,,,Amazônia,1.1
90bb5fa1-afc5-3c78-b677-e3cca43e6b5d,-1.49653,-55.82957,2026-10-03 05:16:00,NPP-375D,ORIXIMINÁ,PARÁ,Brasil,1505304,15,33,,,,Amazônia,1.0
74cc23bf-bf33-39db-92ae-d748418827a7,-3.67658,-54.18892,2026-10-03 05:16:00,NPP-375D,URUARÁ,PARÁ,Brasil,1508159,15,33,,,,Amazônia,0.8
0f618bc4-a3ff-3053-8439-eab05f7f3f77,-3.4116,-52.83366,2026-10-03 05:16:00,NPP-375D,MEDICILÂNDIA,PARÁ,Brasil,1504455,15,33,,,,Amazônia,4.4
caf87274-b307-3721-bf55-33687be66698,-3.1239,-53.73669,2026-10-03 05:16:00,NPP-375D,URUARÁ,PARÁ,Brasil,1508159,15,33,,,,Amazônia,9.1
eea820e2-5bd1-3a0d-bb6a-bccf82eb3f29,-5.8651,-53.47784,2026-10-03 05:16:00,NPP-375D,ALTAMIRA,PARÁ,Brasil,1500602,15,33,,,,Amazônia,0.8
bc901aae-58ff-32c3-9fd5-0d97a6df437d,-2.91021,-54.09085,2026-10-03 05:16:00,NPP-375D,URUARÁ,PARÁ,Brasil,1508159,15,33,,,,Amazônia,1.1
446a2b52-cc40-3d03-b6f0-a2f36d1d4063,-5.25501,-55.92547,2026-10-03 05:16:00,NPP-375D,TRAIRÃO,PARÁ,Brasil,1508050,15,33,,,,Amazônia,1.4
43103e10-7b67-3fb2-8437-82a59ffc9a75,-3.28757,-53.84647,2026-10-03 05:16:00,NPP-375D,URUARÁ,PARÁ,Brasil,1508159,15,33,,,,Amazônia,0.7
6b38848d-c328-3cbc-a49a-254dd0d5350f,-3.12616,-53.74434,2026-10-03 05:16:00,NPP-375D,URUARÁ,PARÁ,Brasil,1508159,15,33,,,,Amazônia,2.2
75ee3303-ef53-355e-96f4-bd31606c831e,-1.2795,-54.55984,2026-10-03 05:16:00,NPP-375D,MONTE ALEGRE,PARÁ,Brasil,1504802,15,33,,,,Amazônia,0.9
b5adf6de-61f9-357f-9ccf-b0c32dbbce35,-5.09453,-56.25494,2026-10-03 05:16:00,NPP-375D,TRAIRÃO,PARÁ,Brasil,1508050,15,33,,,,Amazônia,1.0
91558444-9783-3ea7-9f2c-48b222d0bc8b,-5.61873,-57.23444,2026-10-03 05:16:00,NPP-375D,ITAITUBA,PARÁ,Brasil,1503606,15,33,,,,Amazônia,2.5
2780951a-a4d9-3442-baef-09242df0e06c,-3.12783,-53.73365,2026-10-03 05:16:00,NPP-375D,URUARÁ,PARÁ,Brasil,1508159,15,33,,,,Amazônia,7.3
17d6511e-a5bd-3010-afe8-140f1fd48670,-3.00409,-50.47304,2026-10-03 05:16:00,NPP-375D,PORTEL,PARÁ,Brasil,1505809,15,33,,,,Amazônia,1.7
719398c4-4b68-3f8a-910f-bb0eadd279f1,-5.97044,-55.3813,2026-10-03 05:16:00,NPP-375D,ITAITUBA,PARÁ,Brasil,1503606,15,33,,,,Amazônia,1.1
62736dac-ff22-3e6a-a9a1-c1653d31d21d,-5.63419,-44.36555,2026-10-03 05:16:00,NPP-375D,SÃO DOMINGOS DO MARANHÃO,MARANHÃO,Brasil,2110708,21,33,,,,Cerrado,1.6
f5e33838-b572-38ea-b0d1-b1d9dee2b4bf,-4.04782,-51.08656,2026-10-03 05:16:00,NPP-375D,PACAJÁ,PARÁ,Brasil,1505486,15,33,,,,Amazônia,1.4
a8757b2f-f80c-339a-88b3-1787994a1842,-4.26811,-50.74609,2026-10-03 05:16:00,NPP-375D,NOVO REPARTIMENTO,PARÁ,Brasil,1505064,15,33,,,,Amazônia,3.3
7f72adc9-9af1-3fc9-b932-663bba6d1cfc,-3.28981,-53.85409,2026-10-03 05:16:00,NPP-375D,URUARÁ,PARÁ,Brasil,1508159,15,33,,,,Amazônia,0.4
e6bd5cc8-17c8-3b53-9fb3-37750d3e0f36,-1.08457,-54.10818,2026-10-03 05:16:00,NPP-375D,MONTE ALEGRE,PARÁ,Brasil,1504802,15,33,,,,Amazônia,1.2
72e75241-f6ec-31e6-b0c8-817908725b5c,-4.2929,-54.80019,2026-10-03 05:16:00,NPP-375D,PLACAS,PARÁ,Brasil,1505650,15,33,,,,Amazônia,0.9
39248c89-c852-3fbe-b381-d4d04ed17c70,-3.27418,-50.08659,2026-10-03 05:16:00,NPP-375D,PORTEL,PARÁ,Brasil,1505809,15,33,,,,Amazônia,0.9
6a8f5f71-e197-30a6-9f4e-7cfd31268491,-4.78748,-55.71276,2026-10-03 05:16:00,NPP-375D,TRAIRÃO,PARÁ,Brasil,1508050,15,33,,,,Amazônia,1.5
98eeb971-aac4-3671-b479-de43c197cfb9,-2.48754,-56.09417,2026-10-03 05:16:00,NPP-375D,JURUTI,PARÁ,Brasil,1503903,15,33,,,,Amazônia,1.2
e489d6a1-72b9-3b10-9731-a6fa45457813,-4.44947,-47.92679,2026-10-03 05:16:00,NPP-375D,DOM ELISEU,PARÁ,Brasil,1502939,15,33,,,,Amazônia,9.1
05006fe7-9a92-31a2-ab00-43613b47534d,-1.26676,-54.55431,2026-10-03 05:16:00,NPP-375D,MONTE ALEGRE,PARÁ,Brasil,1504802,15,33,,,,Amazônia,0.7
15fbf783-86e4-3cbe-b1a9-7d958646574d,-1.21896,-54.53993,2026-10-03 05:16:00,NPP-375D,MONTE ALEGRE,PARÁ,Brasil,1504802,15,33,,,,Amazônia,5.5
3a6b4409-567b-3309-b3d8-cac75acff695,-3.16006,-54.07566,2026-10-03 05:16:00,NPP-375D,URUARÁ,PARÁ,Brasil,1508159,15,33,,,,Amazônia,0.8
2d5d337a-821e-36ed-91bf-9601cb23ceda,-1.27231,-54.56224,2026-10-03 05:16:00,NPP-375D,MONTE ALEGRE,PARÁ,Brasil,1504802,15,33,,,,Amazônia,1.9
a7858f4a-7fc6-33d2-bb61-e53d79a009af,-3.10828,-50.29514,2026-10-03 05:16:00,NPP-375D,PORTEL,PARÁ,Brasil,1505809,15,33,,,,Amazônia,1.3
20eeff6a-b734-38dc-ac04-abaa61d2d105,-4.68718,-55.79273,2026-10-03 05:16:00,NPP-375D,TRAIRÃO,PARÁ,Brasil,1508050,15,33,,,,Amazônia,0.9
da25f623-c41d-310a-b37d-bd57041f6afa,-4.43038,-55.74514,2026-10-03 05:16:00,NPP-375D,ITAITUBA,PARÁ,Brasil,1503606,15,33,,,,Amazônia,2.7
3401df47-3473-36ea-b797-b8b13e31c7aa,-2.90072,-54.08578,2026-10-03 05:16:00,NPP-375D,URUARÁ,PARÁ,Brasil,1508159,15,33,,,,Amazônia,1.5
60b171c4-496e-32e5-8822-84ca79faf60b,-3.18934,-54.09869,2026-10-03 05:16:00,NPP-375D,URUARÁ,PARÁ,Brasil,1508159,15,33,,,,Amazônia,1.8
decc6977-76b4-31fa-9059-ba006dd9e6ce,-3.14133,-53.73574,2026-10-03 05:16:00,NPP-375D,URUARÁ,PARÁ,Brasil,1508159,15,33,,,,Amazônia,1.8
41b35c29-41a8-3571-8dd3-9cb6a10d196e,-3.074,-51.27706,2026-10-03 05:16:00,NPP-375D,ANAPU,PARÁ,Brasil,1500859,15,33,,,,Amazônia,2.1
8f4e78c8-5bff-35dc-ae7a-d73e7ef7cd85,-2.89856,-54.14283,2026-10-03 05:16:00,NPP-375D,SANTARÉM,PARÁ,Brasil,1506807,15,33,,,,Amazônia,1.0
eac3c6f4-d23f-3471-9292-3abf27a300d9,-4.79303,-55.72076,2026-10-03 05:16:00,NPP-375D,TRAIRÃO,PARÁ,Brasil,1508050,15,33,,,,Amazônia,3.3
cc6c0e7a-16aa-305a-ae47-16f7a16cb122,-3.12279,-53.74381,2026-10-03 05:16:00,NPP-375D,URUARÁ,PARÁ,Brasil,1508159,15,33,,,,Amazônia,12.3
dc6d9529-6520-334a-9a97-92198112ad7a,-1.65692,-55.21115,2026-10-03 05:16:00,NPP-375D,ÓBIDOS,PARÁ,Brasil,1505106,15,33,,,,Amazônia,0.6
4c5a3b00-f5ce-37df-9860-4598ca9d8e39,-6.34076,-43.36332,2026-10-03 05:16:00,NPP-375D,SUCUPIRA DO RIACHÃO,MARANHÃO,Brasil,2111953,21,33,,,,Cerrado,1.0
bbaa1a2b-a879-38c3-bcbe-e056bbb46cb2,-3.10431,-50.29456,2026-10-03 05:16:00,NPP-375D,PORTEL,PARÁ,Brasil,1505809,15,33,,,,Amazônia,1.3
71af333a-ab99-34b5-b946-be95c560def8,-4.39859,-49.9644,2026-10-03 05:16:00,NPP-375D,NOVO REPARTIMENTO,PARÁ,Brasil,1505064,15,33,,,,Amazônia,2.4
9b43408e-25d1-3ca8-9b97-f7fc60cbf63c,-4.04208,-54.22373,2026-10-03 05:16:00,NPP-375D,PLACAS,PARÁ,Brasil,1505650,15,33,,,,Amazônia,0.9
375c0546-d07a-37e6-a363-cdc2d134c1d7,-2.25506,-51.93141,2026-10-03 05:16:00,NPP-375D,PORTEL,PARÁ,Brasil,1505809,15,33,,,,Amazônia,2.0
43c95021-ebf8-3a0d-954c-a97d1b4385d1,-6.20102,-53.26853,2026-10-03 05:16:00,NPP-375D,SÃO FÉLIX DO XINGU,PARÁ,Brasil,1507300,15,33,,,,Amazônia,2.0
871f4b21-f147-35bb-a337-e6b333ccc182,-5.89189,-55.48976,2026-10-03 05:16:00,NPP-375D,ITAITUBA,PARÁ,Brasil,1503606,15,33,,,,Amazônia,4.8
7f1fb95f-a7ab-3836-84d3-ea4e2f074502,-5.22096,-46.02402,2026-10-03 05:16:00,NPP-375D,ARAME,MARANHÃO,Brasil,2100956,21,33,,,,Amazônia,1.0
ea705e1b-ecfc-34b4-b30a-980f68e8f8b9,-2.57344,-54.74259,2026-10-03 05:16:00,NPP-375D,SANTARÉM,PARÁ,Brasil,1506807,15,33,,,,Amazônia,2.5
b686ce19-2596-3735-994d-b28474e4f261,-5.86754,-50.15758,2026-10-03 05:16:00,NPP-375D,MARABÁ,PARÁ,Brasil,1504208,15,33,,,,Amazônia,1.0
0539d6f3-9343-37a5-a54b-f1e7f4e27b99,-1.35494,-55.92426,2026-10-03 05:16:00,NPP-375D,ORIXIMINÁ,PARÁ,Brasil,1505304,15,33,,,,Amazônia,0.9
88e73300-f165-34ec-b818-71ca9cd355d6,-3.07841,-51.27323,2026-10-03 05:16:00,NPP-375D,ANAPU,PARÁ,Brasil,1500859,15,33,,,,Amazônia,1.8
a77ea182-a6c4-34aa-b425-dff759333e64,-1.27286,-54.5588,2026-10-03 05:16:00,NPP-375D,MONTE ALEGRE,PARÁ,Brasil,1504802,15,33,,,,Amazônia,1.9
acc7f3bb-1c81-3f10-8fbe-7bae53c5baa4,-3.05753,-54.16026,2026-10-03 05:16:00,NPP-375D,SANTARÉM,PARÁ,Brasil,1506807,15,33,,,,Amazônia,1.3
483c91c2-6b31-3069-a90f-a3d321cf3abf,-3.00008,-54.23027,2026-10-03 05:16:00,NPP-375D,SANTARÉM,PARÁ,Brasil,1506807,15,33,,,,Amazônia,1.9
9692c623-1abe-3bce-86a2-23d5a4cd9532,-3.58317,-54.36811,2026-10-03 05:16:00,NPP-375D,PLACAS,PARÁ,Brasil,1505650,15,33,,,,Amazônia,1.2
48093082-09cf-3d4c-8d4b-9e27872b6ad1,-2.15085,-59.22626,2026-10-03 05:16:00,NPP-375D,PRESIDENTE FIGUEIREDO,AMAZONAS,Brasil,1303536,13,33,,,,Amazônia,1.0
ad784966-5d9b-3c14-891d-f44703827732,-5.25223,-55.92144,2026-10-03 05:16:00,NPP-375D,TRAIRÃO,PARÁ,Brasil,1508050,15,33,,,,Amazônia,2.5
16299eba-5d72-39e9-b788-1328996f78ab,-2.89295,-54.11329,2026-10-03 05:16:00,NPP-375D,SANTARÉM,PARÁ,Brasil,1506807,15,33,,,,Amazônia,0.9
5f976e1a-ed41-3ff3-a733-dab9befa28ac,-4.45947,-47.92439,2026-10-03 05:16:00,NPP-375D,DOM ELISEU,PARÁ,Brasil,1502939,15,33,,,,Amazônia,3.5
12501fe4-a16e-3dd7-94b5-432f0568ab4c,-3.88129,-49.68786,2026-10-03 05:16:00,NPP-375D,TUCURUÍ,PARÁ,Brasil,1508100,15,33,,,,Amazônia,3.8
66c81967-1326-330a-8f46-27ef1acde751,-3.28925,-53.83582,2026-10-03 05:16:00,NPP-375D,URUARÁ,PARÁ,Brasil,1508159,15,33,,,,Amazônia,2.1
d7bfc1cd-d5b0-37ca-9041-4cfe4904b579,-6.74168,-44.14234,2026-10-03 05:16:00,NPP-375D,NOVA IORQUE,MARANHÃO,Brasil,2107308,21,33,,,,Cerrado,8.6
84674c5b-afbf-39d6-8f26-153458a6de67,-2.54477,-57.40611,2026-10-03 05:16:00,NPP-375D,URUCURITUBA,AMAZONAS,Brasil,1304401,13,33,,,,Amazônia,1.5
97287c1e-040c-3b61-a096-898e5283608d,-2.3391,-51.94302,2026-10-03 05:16:00,NPP-375D,PORTO DE MOZ,PARÁ,Brasil,1505908,15,33,,,,Amazônia,1.1
467ad8a0-3e13-3f75-8782-a097fff95a61,-2.91528,-54.14544,2026-10-03 05:16:00,NPP-375D,SANTARÉM,PARÁ,Brasil,1506807,15,33,,,,Amazônia,1.5
5dcfc49d-d778-3f49-88c0-9bf7ab481e4d,-1.26621,-54.55775,2026-10-03 05:16:00,NPP-375D,MONTE ALEGRE,PARÁ,Brasil,1504802,15,33,,,,Amazônia,1.6
9931bfd4-913a-3f37-8418-d087a5bea17e,-4.36426,-47.77836,2026-10-03 05:16:00,NPP-375D,DOM ELISEU,PARÁ,Brasil,1502939,15,33,,,,Amazônia,1.2
04b7e75c-56d2-3401-960a-7c7db3c8e20e,-6.31672,-43.3425,2026-10-03 05:16:00,NPP-375D,SUCUPIRA DO RIACHÃO,MARANHÃO,Brasil,2111953,21,33,,,,Cerrado,3.4
66e15743-60aa-3287-8a0f-d3af8840d56d,-4.26884,-50.74124,2026-10-03 05:16:00,NPP-375D,NOVO REPARTIMENTO,PARÁ,Brasil,1505064,15,33,,,,Amazônia,3.5
12fae5db-ad63-3547-8d26-e14116a1a94e,-3.0203,-53.88448,2026-10-03 05:16:00,NPP-375D,URUARÁ,PARÁ,Brasil,1508159,15,33,,,,Amazônia,0.7
fec40bd5-6c6d-359c-a368-a382222373dc,-3.6437,-55.50308,2026-10-03 05:16:00,NPP-375D,AVEIRO,PARÁ,Brasil,1501006,15,33,,,,Amazônia,3.1
83434f47-0a25-394f-bcc6-ed1b7c21b973,-5.89244,-55.48629,2026-10-03 05:16:00,NPP-375D,ITAITUBA,PARÁ,Brasil,1503606,15,33,,,,Amazônia,4.8
e7e3edf7-53af-329b-b168-c6a581af3181,-3.71793,-53.39523,2026-10-03 05:16:00,NPP-375D,URUARÁ,PARÁ,Brasil,1508159,15,33,,,,Amazônia,0.6
cb8ab19d-1d8e-3af3-9013-ab8921da2f3c,-2.22708,-51.92293,2026-10-03 05:16:00,NPP-375D,PORTEL,PARÁ,Brasil,1505809,15,33,,,,Amazônia,1.3
2fc3bd40-8db1-3697-b32b-ad87659a2464,-3.27695,-54.0007,2026-10-03 05:16:00,NPP-375D,URUARÁ,PARÁ,Brasil,1508159,15,33,,,,Amazônia,0.4
2e994566-18cb-3457-81a2-acd71a255872,-2.3381,-57.98827,2026-10-03 05:16:00,NPP-375D,SÃO SEBASTIÃO DO UATUMÃ,AMAZONAS,Brasil,1303957,13,33,,,,Amazônia,0.8
2777bc4b-7028-3bef-a681-428b73e66c87,-3.01639,-53.88749,2026-10-03 05:16:00,NPP-375D,URUARÁ,PARÁ,Brasil,1508159,15,33,,,,Amazônia,0.7
77e64d83-2f43-31f6-9e55-211b72a12bc5,-3.1787,-54.07904,2026-10-03 05:16:00,NPP-375D,URUARÁ,PARÁ,Brasil,1508159,15,33,,,,Amazônia,1.8
d15490ff-6d8a-37c1-b1a2-f00d3002c14a,-3.21542,-50.91196,2026-10-03 05:16:00,NPP-375D,PORTEL,PARÁ,Brasil,1505809,15,33,,,,Amazônia,0.8
58385fb9-e881-3b5e-8b5b-4b16fe1ab391,-2.93034,-54.15854,2026-10-03 05:16:00,NPP-375D,SANTARÉM,PARÁ,Brasil,1506807,15,33,,,,Amazônia,2.5
e248b6ea-8a7e-3f9f-88f1-43f1bd68d532,-1.22338,-54.53355,2026-10-03 05:16:00,NPP-375D,MONTE ALEGRE,PARÁ,Brasil,1504802,15,33,,,,Amazônia,0.8
53a59ff6-ddcb-3f30-a19f-865675144b5e,-4.11692,-55.01413,2026-10-03 05:16:00,NPP-375D,RURÓPOLIS,PARÁ,Brasil,1506195,15,33,,,,Amazônia,0.7
1008bb77-860e-3535-95e9-27a6b19bbec8,-1.27618,-54.55931,2026-10-03 05:16:00,NPP-375D,MONTE ALEGRE,PARÁ,Brasil,1504802,15,33,,,,Amazônia,1.9
6d459a14-363e-3a34-81a0-312efbca19bf,-3.22475,-54.30857,2026-10-03 05:16:00,NPP-375D,MOJUÍ DOS CAMPOS,PARÁ,Brasil,1504752,15,33,,,,Amazônia,2.1
d3ea6cc6-a46f-39b5-805a-64512a8c6297,-2.89793,-54.08176,2026-10-03 05:16:00,NPP-375D,URUARÁ,PARÁ,Brasil,1508159,15,33,,,,Amazônia,1.5
50c10901-6633-3688-bb12-a2cece2b36e7,-3.58183,-55.55381,2026-10-03 05:16:00,NPP-375D,AVEIRO,PARÁ,Brasil,1501006,15,33,,,,Amazônia,2.0
bec916d8-92bc-32d2-938a-57730f610474,-3.29374,-53.85107,2026-10-03 05:16:00,NPP-375D,URUARÁ,PARÁ,Brasil,1508159,15,33,,,,Amazônia,0.9
bab494ee-a0a4-3cc7-b5fc-dcd5e532ed19,-2.91025,-54.13391,2026-10-03 05:16:00,NPP-375D,SANTARÉM,PARÁ,Brasil,1506807,15,33,,,,Amazônia,1.6
686ffcc6-0687-35ac-ad95-e3a3612eb5d9,-2.99953,-54.23377,2026-10-03 05:16:00,NPP-375D,SANTARÉM,PARÁ,Brasil,1506807,15,33,,,,Amazônia,0.7
027e3b8f-6e9c-3476-bb66-3feac65c2154,-1.25956,-54.55671,2026-10-03 05:16:00,NPP-375D,MONTE ALEGRE,PARÁ,Brasil,1504802,15,33,,,,Amazônia,1.4
6150a72e-0ed6-3a03-88b5-663430377920,-6.6134,-44.71783,2026-10-03 05:16:00,NPP-375D,MIRADOR,MARANHÃO,Brasil,2106706,21,33,,,,Cerrado,3.2
bd54b1b3-97d1-3589-9633-9177925271f5,-4.35947,-47.77765,2026-10-03 05:16:00,NPP-375D,DOM ELISEU,PARÁ,Brasil,1502939,15,33,,,,Amazônia,14.7
7a4906bc-bb4a-3689-ab93-8c330ecf4005,-3.17594,-54.09664,2026-10-03 05:16:00,NPP-375D,URUARÁ,PARÁ,Brasil,1508159,15,33,,,,Amazônia,0.7
5b3ef219-5ed0-325e-bcca-aaabccb76020,-2.97368,-54.09357,2026-10-03 05:16:00,NPP-375D,SANTARÉM,PARÁ,Brasil,1506807,15,33,,,,Amazônia,2.2
34ef150d-51aa-32d4-868b-5a71fa9a7d07,-4.27203,-50.7467,2026-10-03 05:16:00,NPP-375D,NOVO REPARTIMENTO,PARÁ,Brasil,1505064,15,33,,,,Amazônia,4.4
29d49797-e073-39fb-a2fa-1f87ee176626,-2.88288,-54.09017,2026-10-03 05:16:00,NPP-375D,PRAINHA,PARÁ,Brasil,1506005,15,33,,,,Amazônia,0.8
25ef8992-4b57-3b57-b8b4-7197bd835be2,-3.76408,-55.53268,2026-10-03 05:16:00,NPP-375D,AVEIRO,PARÁ,Brasil,1501006,15,33,,,,Amazônia,1.0
749a24f2-48c8-3c31-b472-c5d6ca557c5c,-3.06521,-49.36199,2026-10-03 05:16:00,NPP-375D,MOJU,PARÁ,Brasil,1504703,15,33,,,,Amazônia,1.3
f9c455ce-bb96-3069-b798-33aacfa9199b,-1.26179,-54.56413,2026-10-03 05:16:00,NPP-375D,MONTE ALEGRE,PARÁ,Brasil,1504802,15,33,,,,Amazônia,0.9
0e4360c9-8e42-3049-bb20-708b3bd61627,-3.17235,-54.08479,2026-10-03 05:16:00,NPP-375D,URUARÁ,PARÁ,Brasil,1508159,15,33,,,,Amazônia,1.6
4f7ac47f-4983-31f6-a15d-0ca6f81dce2f,-4.4521,-54.90365,2026-10-03 05:16:00,NPP-375D,RURÓPOLIS,PARÁ,Brasil,1506195,15,33,,,,Amazônia,0.6
f2cd389b-6a15-3fba-a5d1-68ab7125769d,-5.88596,-57.67682,2026-10-03 05:16:00,NPP-375D,JACAREACANGA,PARÁ,Brasil,1503754,15,33,,,,Amazônia,1.1
c91c4f4c-8a23-32f7-94a4-cbc3cc4425ee,-3.61152,-55.51223,2026-10-03 05:16:00,NPP-375D,AVEIRO,PARÁ,Brasil,1501006,15,33,,,,Amazônia,0.7
b671e5cf-fb13-3f7b-8c80-dd2fc1e67fa2,-1.45306,-54.64373,2026-10-03 05:16:00,NPP-375D,ALENQUER,PARÁ,Brasil,1500404,15,33,,,,Amazônia,1.7
b79f9890-25ce-3480-9466-b5f2058bb565,-7.4597,-54.99059,2026-10-03 05:16:00,NPP-375D,ALTAMIRA,PARÁ,Brasil,1500602,15,33,,,,Amazônia,0.9
7cda243c-e9a5-34e4-83bd-8549eae54abe,-3.07574,-54.37038,2026-10-03 05:16:00,NPP-375D,MOJUÍ DOS CAMPOS,PARÁ,Brasil,1504752,15,33,,,,Amazônia,0.8
250ba334-8e3e-3d27-b7ea-683318a98447,-2.85161,-51.28933,2026-10-03 05:16:00,NPP-375D,PORTEL,PARÁ,Brasil,1505809,15,33,,,,Amazônia,1.4
7d4f8054-dd24-398d-90c7-9cfc3dcbc840,-6.01236,-53.53369,2026-10-03 05:16:00,NPP-375D,ALTAMIRA,PARÁ,Brasil,1500602,15,33,,,,Amazônia,1.2
975c5832-2436-3362-9ede-3525013037ad,-5.88579,-55.48524,2026-10-03 05:16:00,NPP-375D,ITAITUBA,PARÁ,Brasil,1503606,15,33,,,,Amazônia,5.0
7192e685-e5a7-3f22-b617-ad9e125d95fb,-4.40575,-49.97293,2026-10-03 05:16:00,NPP-375D,NOVO REPARTIMENTO,PARÁ,Brasil,1505064,15,33,,,,Amazônia,2.1
69481257-ef5c-389f-8bde-79ca1aaedc57,-5.98872,-55.37351,2026-10-03 05:16:00,NPP-375D,ITAITUBA,PARÁ,Brasil,1503606,15,33,,,,Amazônia,1.9
a552a583-62a0-3e1c-8c05-567defeefca0,-4.41099,-49.96622,2026-10-03 05:16:00,NPP-375D,NOVO REPARTIMENTO,PARÁ,Brasil,1505064,15,33,,,,Amazônia,0.9
ca7bffa8-8c9b-3e66-9228-4cd3ce369cb9,-3.00801,-50.47366,2026-10-03 05:16:00,NPP-375D,PORTEL,PARÁ,Brasil,1505809,15,33,,,,Amazônia,1.7
802218fb-647d-3064-9d41-4c7dd967f95c,-3.64315,-55.50654,2026-10-03 05:16:00,NPP-375D,AVEIRO,PARÁ,Brasil,1501006,15,33,,,,Amazônia,2.2
3cecc176-8c37-3f01-a404-da200ed6ff51,-3.17291,-54.08127,2026-10-03 05:16:00,NPP-375D,URUARÁ,PARÁ,Brasil,1508159,15,33,,,,Amazônia,1.6
d349bd20-954f-3529-8dc7-38cd44e03137,-5.21115,-56.07212,2026-10-03 05:16:00,NPP-375D,TRAIRÃO,PARÁ,Brasil,1508050,15,33,,,,Amazônia,1.0
e9162640-7536-3e0e-ba83-784b796cdcad,-3.27015,-50.08599,2026-10-03 05:16:00,NPP-375D,PORTEL,PARÁ,Brasil,1505809,15,33,,,,Amazônia,0.9
a710682e-3e8c-37ab-83db-da063e0a1313,-6.21629,-53.26269,2026-10-03 05:16:00,NPP-375D,SÃO FÉLIX DO XINGU,PARÁ,Brasil,1507300,15,33,,,,Amazônia,2.8
4ef98826-1195-3655-8c1c-0d3ae67d0003,-2.29154,-48.7594,2026-10-03 05:16:00,NPP-375D,MOJU,PARÁ,Brasil,1504703,15,33,,,,Amazônia,0.8
464fdfb4-38d9-34ea-9fb9-1575990408ef,-3.68048,-54.18593,2026-10-03 05:16:00,NPP-375D,URUARÁ,PARÁ,Brasil,1508159,15,33,,,,Amazônia,0.9
0bb3da45-7dbe-35aa-b84d-8035f9dac5a9,-5.72352,-43.28361,2026-10-03 05:16:00,NPP-375D,PARNARAMA,MARANHÃO,Brasil,2107803,21,33,,,,Cerrado,3.6
d170c388-12a5-330c-864c-5e2340fee679,-5.95774,-43.64937,2026-10-03 05:16:00,NPP-375D,LAGOA DO MATO,MARANHÃO,Brasil,2105922,21,33,,,,Cerrado,7.3
1fe84ae5-0c70-37ba-bb60-b7b736aca0fd,-3.13965,-53.74644,2026-10-03 05:16:00,NPP-375D,URUARÁ,PARÁ,Brasil,1508159,15,33,,,,Amazônia,0.8
677a087c-7c55-3dc7-92f9-514b2e93c7dc,-3.85237,-55.97201,2026-10-03 05:16:00,NPP-375D,AVEIRO,PARÁ,Brasil,1501006,15,33,,,,Amazônia,1.2
4748a583-1dad-3351-a1e4-c2d904a0040c,-6.0741,-57.80753,2026-10-03 05:16:00,NPP-375D,JACAREACANGA,PARÁ,Brasil,1503754,15,33,,,,Amazônia,2.0
03813b4e-6de6-39e1-a544-2c5a1a270fd9,-7.46026,-54.98704,2026-10-03 05:16:00,NPP-375D,ALTAMIRA,PARÁ,Brasil,1500602,15,33,,,,Amazônia,0.9
20030425-cf1b-3057-ab60-f3ba474bbf7e,-2.53658,-54.01089,2026-10-03 05:16:00,NPP-375D,PRAINHA,PARÁ,Brasil,1506005,15,33,,,,Amazônia,1.6
a9414b45-4122-3354-9dd4-56a3df67d11e,-2.25569,-51.92737,2026-10-03 05:16:00,NPP-375D,PORTEL,PARÁ,Brasil,1505809,15,33,,,,Amazônia,1.0
a0e2a6f3-6146-3761-b826-a636d8d17538,-3.07801,-54.39923,2026-10-03 05:16:00,NPP-375D,MOJUÍ DOS CAMPOS,PARÁ,Brasil,1504752,15,33,,,,Amazônia,1.1
199dfd7e-508b-39c5-9328-aaacabd965b4,-3.14188,-53.73218,2026-10-03 05:16:00,NPP-375D,URUARÁ,PARÁ,Brasil,1508159,15,33,,,,Amazônia,1.8
4155c8db-cc06-3197-a948-9c77fc1c09ff,-4.78803,-55.7093,2026-10-03 05:16:00,NPP-375D,TRAIRÃO,PARÁ,Brasil,1508050,15,33,,,,Amazônia,1.5
53ec2ece-8e29-3f5a-9a92-c4e7e5e69bfd,-2.92917,-54.101,2026-10-03 05:16:00,NPP-375D,SANTARÉM,PARÁ,Brasil,1506807,15,33,,,,Amazônia,1.6
eaf0a30f-e04f-36f1-b175-957ee3ced3aa,-3.01897,-54.19746,2026-10-03 05:16:00,NPP-375D,SANTARÉM,PARÁ,Brasil,1506807,15,33,,,,Amazônia,1.0
e8446164-bc9d-39b0-9be8-aed1d2b1039d,-3.13402,-53.73826,2026-10-03 05:16:00,NPP-375D,URUARÁ,PARÁ,Brasil,1508159,15,33,,,,Amazônia,5.6
df44ba9e-56ea-34b5-a76b-6c16aba4d111,-3.86129,-59.63427,2026-10-03 05:16:00,NPP-375D,AUTAZES,AMAZONAS,Brasil,1300300,13,33,,,,Amazônia,0.9
efc4cf07-cf53-3e68-961b-eb660d69198c,-2.97602,-53.27449,2026-10-03 05:16:00,NPP-375D,MEDICILÂNDIA,PARÁ,Brasil,1504455,15,33,,,,Amazônia,0.6
33e13dde-5063-3205-9087-918534dc8b3c,-2.91355,-54.09137,2026-10-03 05:16:00,NPP-375D,URUARÁ,PARÁ,Brasil,1508159,15,33,,,,Amazônia,1.1
8ef3d24f-8d05-324a-8847-8f7add8f32d1,-2.89685,-54.1103,2026-10-03 05:16:00,NPP-375D,SANTARÉM,PARÁ,Brasil,1506807,15,33,,,,Amazônia,0.9
ec9017df-7ee8-3e21-aad8-82211ec80b24,-3.00686,-53.88238,2026-10-03 05:16:00,NPP-375D,URUARÁ,PARÁ,Brasil,1508159,15,33,,,,Amazônia,1.1
666fa716-fc81-390f-80d3-0563292aa898,-3.29711,-53.8516,2026-10-03 05:16:00,NPP-375D,URUARÁ,PARÁ,Brasil,1508159,15,33,,,,Amazônia,0.9
73f87fa0-8683-39dc-8be2-ceb8c1cd815e,-4.36002,-47.7762,2026-10-03 05:16:00,NPP-375D,DOM ELISEU,PARÁ,Brasil,1502939,15,33,,,,Amazônia,17.2
2186b3bb-1cd7-3b92-a77b-5c0dde86bcc5,-3.12727,-53.73721,2026-10-03 05:16:00,NPP-375D,URUARÁ,PARÁ,Brasil,1508159,15,33,,,,Amazônia,7.3
a4e92599-0a0a-3b06-9046-7428d4c5501f,-5.13338,-45.57958,2026-10-03 05:16:00,NPP-375D,ITAIPAVA DO GRAJAÚ,MARANHÃO,Brasil,2105351,21,33,,,,Cerrado,7.0
ebdb879c-08c6-3697-981d-9b6065801877,-3.84902,-55.97148,2026-10-03 05:16:00,NPP-375D,AVEIRO,PARÁ,Brasil,1501006,15,33,,,,Amazônia,1.2
2b71ef39-3694-349a-b69d-25ac8547985f,-3.13628,-53.74591,2026-10-03 05:16:00,NPP-375D,URUARÁ,PARÁ,Brasil,1508159,15,33,,,,Amazônia,1.5
8b5088cf-3814-37aa-85e8-f9cae2b34113,-3.07774,-51.27765,2026-10-03 05:16:00,NPP-375D,ANAPU,PARÁ,Brasil,1500859,15,33,,,,Amazônia,2.1
d7a7287b-cc6b-3b9a-a455-c6728be7bdb5,-4.41043,-49.96989,2026-10-03 05:16:00,NPP-375D,NOVO REPARTIMENTO,PARÁ,Brasil,1505064,15,33,,,,Amazônia,0.9
98f09caf-f6de-3dba-a01c-e3425e576d44,-2.258,-51.936,2026-10-03 05:16:00,NPP-375D,PORTEL,PARÁ,Brasil,1505809,15,33,,,,Amazônia,2.0
e110dff3-e4cb-3b40-b068-8fc66c5c3557,-4.81586,-46.82225,2026-10-03 05:16:00,NPP-375D,BOM JESUS DAS SELVAS,MARANHÃO,Brasil,2102036,21,33,,,,Amazônia,0.5
bed2b7f1-860b-3675-a9f7-46356baa69c6,-3.27971,-53.83065,2026-10-03 05:16:00,NPP-375D,URUARÁ,PARÁ,Brasil,1508159,15,33,,,,Amazônia,1.0
7f8de0d2-b934-3553-beda-07b4243e31d9,-3.11749,-50.27744,2026-10-03 05:16:00,NPP-375D,PORTEL,PARÁ,Brasil,1505809,15,33,,,,Amazônia,1.4
8068bca8-d1f6-3653-bd06-26d571c2a337,-4.81173,-46.82188,2026-10-03 05:16:00,NPP-375D,BOM JESUS DAS SELVAS,MARANHÃO,Brasil,2102036,21,33,,,,Amazônia,1.1
0aa73b12-2f6c-3bfb-9917-0826aed3f783,-2.15009,-47.75067,2026-10-03 05:16:00,NPP-375D,AURORA DO PARÁ,PARÁ,Brasil,1500958,15,33,,,,Amazônia,2.4
e1b0a1c7-dbd8-35bd-a77a-a96127b06f90,-4.26736,-50.75106,2026-10-03 05:16:00,NPP-375D,NOVO REPARTIMENTO,PARÁ,Brasil,1505064,15,33,,,,Amazônia,3.3
a67b6f22-b547-3ae9-aa9a-8ee5f327444c,-6.21238,-60.01871,2026-10-03 05:16:00,NPP-375D,NOVO ARIPUANÃ,AMAZONAS,Brasil,1303304,13,33,,,,Amazônia,2.2
12f85ed2-cce8-3f8c-b358-9e08d60ab3ec,-3.18209,-54.10118,2026-10-03 05:16:00,NPP-375D,URUARÁ,PARÁ,Brasil,1508159,15,33,,,,Amazônia,1.0
7651cce7-7722-3acb-abee-a1c4573912a9,-3.24548,-54.51474,2026-10-03 05:16:00,NPP-375D,MOJUÍ DOS CAMPOS,PARÁ,Brasil,1504752,15,33,,,,Amazônia,0.8
b824767f-a54b-3f32-8f1f-9f097cc0eaa6,-3.57473,-51.48454,2026-10-03 05:16:00,NPP-375D,ANAPU,PARÁ,Brasil,1500859,15,33,,,,Amazônia,0.8
87c2a883-2df3-3cb0-bab0-bc0663c7fe53,-3.07907,-54.37091,2026-10-03 05:16:00,NPP-375D,MOJUÍ DOS CAMPOS,PARÁ,Brasil,1504752,15,33,,,,Amazônia,0.8
c464ee3a-aa99-361c-8ca0-e4456e27ddf4,-2.91969,-54.09592,2026-10-03 05:16:00,NPP-375D,URUARÁ,PARÁ,Brasil,1508159,15,33,,,,Amazônia,2.1
cb71fa1e-ea3e-37de-8e77-9c864181e584,-2.89077,-54.14876,2026-10-03 05:16:00,NPP-375D,SANTARÉM,PARÁ,Brasil,1506807,15,33,,,,Amazônia,3.0
c7b48c72-ca11-389d-b2a7-9ac3fb2a63b6,-5.85533,-53.47228,2026-10-03 05:16:00,NPP-375D,ALTAMIRA,PARÁ,Brasil,1500602,15,33,,,,Amazônia,2.9
bbcf6624-ef66-3627-af6f-2dd08c558c4a,-5.61325,-44.38121,2026-10-03 05:16:00,NPP-375D,SÃO DOMINGOS DO MARANHÃO,MARANHÃO,Brasil,2110708,21,33,,,,Cerrado,4.0
6246837b-a02d-3ea2-9aeb-dd22aed085c3,-3.10209,-48.67134,2026-10-03 05:16:00,NPP-375D,TAILÂNDIA,PARÁ,Brasil,1507953,15,33,,,,Amazônia,1.1
748a110e-57aa-31d3-b24c-867a2be4b5b6,-3.7108,-50.65852,2026-10-03 05:16:00,NPP-375D,PACAJÁ,PARÁ,Brasil,1505486,15,33,,,,Amazônia,3.3
23ca2034-ba2d-3d97-814a-164e3fc15323,-3.17346,-54.07775,2026-10-03 05:16:00,NPP-375D,URUARÁ,PARÁ,Brasil,1508159,15,33,,,,Amazônia,1.5
41906d6a-15bf-3fda-9df7-93a9f7435eca,-3.1065,-50.29652,2026-10-03 05:16:00,NPP-375D,PORTEL,PARÁ,Brasil,1505809,15,33,,,,Amazônia,1.4
cecbc4fe-371a-3fca-b245-d4d2524cd5d2,-2.89848,-54.07825,2026-10-03 05:16:00,NPP-375D,URUARÁ,PARÁ,Brasil,1508159,15,33,,,,Amazônia,0.7
c9dc706d-d369-3c55-822d-13b0e5d6fbfd,-5.97099,-55.37783,2026-10-03 05:16:00,NPP-375D,ITAITUBA,PARÁ,Brasil,1503606,15,33,,,,Amazônia,1.1
e5623ffe-3a84-3eea-a0c6-dbcb017aea12,-2.97522,-53.26015,2026-10-03 05:16:00,NPP-375D,MEDICILÂNDIA,PARÁ,Brasil,1504455,15,33,,,,Amazônia,1.9
9823fa80-35d1-3bde-bf66-5b4ad8c03d45,-2.99406,-54.90755,2026-10-03 05:16:00,NPP-375D,BELTERRA,PARÁ,Brasil,1501451,15,33,,,,Amazônia,0.9
f75749a5-481d-3eaf-8e51-760e5330b9d8,-1.26343,-54.55378,2026-10-03 05:16:00,NPP-375D,MONTE ALEGRE,PARÁ,Brasil,1504802,15,33,,,,Amazônia,0.8
6b847a5d-b7d8-340b-b6b9-8a62d8702dc1,-3.05698,-54.16376,2026-10-03 05:16:00,NPP-375D,SANTARÉM,PARÁ,Brasil,1506807,15,33,,,,Amazônia,2.2
ce27df66-37f7-3cd0-a6f7-b032b0b6f81b,-5.09118,-56.25441,2026-10-03 05:16:00,NPP-375D,TRAIRÃO,PARÁ,Brasil,1508050,15,33,,,,Amazônia,1.0
764e87c4-fe38-39d7-8f2d-b0c131b80f5b,-3.28813,-53.84292,2026-10-03 05:16:00,NPP-375D,URUARÁ,PARÁ,Brasil,1508159,15,33,,,,Amazônia,1.3
c32f1582-f778-3e2a-8008-67c97b166c30,-1.26289,-54.55724,2026-10-03 05:16:00,NPP-375D,MONTE ALEGRE,PARÁ,Brasil,1504802,15,33,,,,Amazônia,1.4
c691c565-5a7a-35be-bc00-9d72b0f743a8,-3.17814,-54.08256,2026-10-03 05:16:00,NPP-375D,URUARÁ,PARÁ,Brasil,1508159,15,33,,,,Amazônia,2.3
7d8f613f-1785-3bb9-a4f0-091d8d666e4f,-2.89522,-54.1423,2026-10-03 05:16:00,NPP-375D,SANTARÉM,PARÁ,Brasil,1506807,15,33,,,,Amazônia,1.0
c5f62c72-a4d5-3198-b0f4-82c73afcaa49,-3.21649,-53.94773,2026-10-03 05:16:00,NPP-375D,URUARÁ,PARÁ,Brasil,1508159,15,33,,,,Amazônia,1.4
888c34b0-b72b-3a16-aec2-fa400758a1e4,-5.25168,-55.92493,2026-10-03 05:16:00,NPP-375D,TRAIRÃO,PARÁ,Brasil,1508050,15,33,,,,Amazônia,1.4
b6c24f4e-040b-3454-8369-047e1c1cff58,-2.89353,-54.13129,2026-10-03 05:16:00,NPP-375D,SANTARÉM,PARÁ,Brasil,1506807,15,33,,,,Amazônia,1.0
af937701-f500-3f62-8e92-b9dc7c988bad,-3.07185,-54.37333,2026-10-03 05:16:00,NPP-375D,MOJUÍ DOS CAMPOS,PARÁ,Brasil,1504752,15,33,,,,Amazônia,1.4
025e259f-86a0-3268-bd64-83a8760d5142,-3.22086,-54.31153,2026-10-03 05:16:00,NPP-375D,MOJUÍ DOS CAMPOS,PARÁ,Brasil,1504752,15,33,,,,Amazônia,2.5
4610b63d-f35b-389c-accd-62509e69f0eb,-3.09751,-51.09668,2026-10-03 05:16:00,NPP-375D,PORTEL,PARÁ,Brasil,1505809,15,33,,,,Amazônia,2.4
27ccb580-8272-3a20-9a28-6cfd4bd67320,-2.26423,-54.49569,2026-10-03 05:16:00,NPP-375D,SANTARÉM,PARÁ,Brasil,1506807,15,33,,,,Amazônia,2.4
ecae66e4-e00e-3d62-b7a0-1327ee5bd004,-1.26899,-54.56173,2026-10-03 05:16:00,NPP-375D,MONTE ALEGRE,PARÁ,Brasil,1504802,15,33,,,,Amazônia,1.6
32b02b97-6767-32c0-b751-f6dcae605789,-2.91081,-54.13041,2026-10-03 05:16:00,NPP-375D,SANTARÉM,PARÁ,Brasil,1506807,15,33,,,,Amazônia,1.5
d2a19b93-d415-3e32-8ec8-138e60e1a3d8,-3.01022,-53.88291,2026-10-03 05:16:00,NPP-375D,URUARÁ,PARÁ,Brasil,1508159,15,33,,,,Amazônia,1.8
dca01ef7-a1fe-318d-808a-8bf185dfc1b0,-3.8485,-55.96387,2026-10-03 05:16:00,NPP-375D,AVEIRO,PARÁ,Brasil,1501006,15,33,,,,Amazônia,2.9
bf217632-59aa-3fa8-a26a-00fce019947b,-3.18264,-54.09767,2026-10-03 05:16:00,NPP-375D,URUARÁ,PARÁ,Brasil,1508159,15,33,,,,Amazônia,1.0
93bf48a2-5735-3e5a-a779-082feb2ad31e,-6.5078,-41.74373,2026-10-03 05:16:00,NPP-375D,VALENÇA DO PIAUÍ,PIAUÍ,Brasil,2211308,22,33,,,,Caatinga,2.8
6e87c762-ed9e-3eed-be6e-2e0f1e302285,-2.96868,-54.10356,2026-10-03 05:16:00,NPP-375D,SANTARÉM,PARÁ,Brasil,1506807,15,33,,,,Amazônia,1.8
5aeb61c8-6b91-30db-be93-fd8cdf6f14cc,-6.32259,-43.34872,2026-10-03 05:16:00,NPP-375D,SUCUPIRA DO RIACHÃO,MARANHÃO,Brasil,2111953,21,33,,,,Cerrado,3.0
a39ba04d-c0f1-3722-8d68-610b1765b785,-7.46641,-54.99164,2026-10-03 05:16:00,NPP-375D,ALTAMIRA,PARÁ,Brasil,1500602,15,33,,,,Amazônia,1.0
d5badfc5-90aa-33ca-9cea-a1dc62796a35,-6.24703,-52.68639,2026-10-03 05:16:00,NPP-375D,SÃO FÉLIX DO XINGU,PARÁ,Brasil,1507300,15,33,,,,Amazônia,2.4
28b49e24-a4c2-3fd1-a514-7d1977852f33,-3.13121,-53.73417,2026-10-03 05:16:00,NPP-375D,URUARÁ,PARÁ,Brasil,1508159,15,33,,,,Amazônia,7.3
1c62369e-596a-3043-8440-f2d8e17eefae,-3.6154,-55.50928,2026-10-03 05:16:00,NPP-375D,AVEIRO,PARÁ,Brasil,1501006,15,33,,,,Amazônia,0.7
eb64667f-374f-3b8f-9053-94d203bc76ff,-4.41456,-49.97049,2026-10-03 05:16:00,NPP-375D,NOVO REPARTIMENTO,PARÁ,Brasil,1505064,15,33,,,,Amazônia,0.7
00a05af2-0a35-3c5a-92c2-b78683c4a260,-7.46697,-54.98809,2026-10-03 05:16:00,NPP-375D,ALTAMIRA,PARÁ,Brasil,1500602,15,33,,,,Amazônia,1.0
fec4ad04-1f72-3997-a543-3a37b7291397,-1.76419,-55.02557,2026-10-03 05:16:00,NPP-375D,ALENQUER,PARÁ,Brasil,1500404,15,33,,,,Amazônia,0.7
e14c3c97-cfff-3d47-ab6e-c92c5de9db9a,-3.13176,-53.73061,2026-10-03 05:16:00,NPP-375D,URUARÁ,PARÁ,Brasil,1508159,15,33,,,,Amazônia,10.2
fbf41af0-c618-3f0f-a379-4a4420aa1c91,-3.02981,-53.86783,2026-10-03 05:16:00,NPP-375D,URUARÁ,PARÁ,Brasil,1508159,15,33,,,,Amazônia,1.0
ed33f928-3d13-3f6b-921c-44e7c1c42cc6,-3.64092,-55.49909,2026-10-03 05:16:00,NPP-375D,AVEIRO,PARÁ,Brasil,1501006,15,33,,,,Amazônia,3.1
224f4132-d45c-36dc-adc8-9b86d7d8c314,-5.73267,-43.28167,2026-10-03 05:16:00,NPP-375D,PARNARAMA,MARANHÃO,Brasil,2107803,21,33,,,,Cerrado,2.9
1b7a0723-c3bc-3049-ad6a-48c89021316b,-3.12502,-53.72955,2026-10-03 05:16:00,NPP-375D,URUARÁ,PARÁ,Brasil,1508159,15,33,,,,Amazônia,1.8
e82719f1-69a3-3501-a8c7-371e4d241f1f,-3.72759,-55.95564,2026-10-03 05:16:00,NPP-375D,AVEIRO,PARÁ,Brasil,1501006,15,33,,,,Amazônia,1.7
4a65efaa-05d3-37ce-84c5-c48e87bcff84,-2.71649,-54.50299,2026-10-03 05:16:00,NPP-375D,SANTARÉM,PARÁ,Brasil,1506807,15,33,,,,Amazônia,1.5
99cc4e84-8cac-3592-a3fa-2e5ab62ffce3,-1.27648,-55.41181,2026-10-03 05:16:00,NPP-375D,ALENQUER,PARÁ,Brasil,1500404,15,33,,,,Amazônia,0.6
88f5f1ce-ea54-3c8e-8307-64d351a1ada2,-1.6107,-54.75731,2026-10-03 05:16:00,NPP-375D,ALENQUER,PARÁ,Brasil,1500404,15,33,,,,Amazônia,2.0
04883c2c-058e-3586-98aa-0b1484ae8235,-3.24826,-54.51874,2026-10-03 05:16:00,NPP-375D,MOJUÍ DOS CAMPOS,PARÁ,Brasil,1504752,15,33,,,,Amazônia,2.4
d837a5b5-f4ff-3288-8361-280312f799e1,-3.13068,-53.75964,2026-10-03 05:16:00,NPP-375D,URUARÁ,PARÁ,Brasil,1508159,15,33,,,,Amazônia,1.6
7e13f13d-690a-342b-9b69-6e6a71ea93c6,-3.28701,-53.82818,2026-10-03 05:16:00,NPP-375D,URUARÁ,PARÁ,Brasil,1508159,15,33,,,,Amazônia,8.1
df0c812b-2d26-3077-8cf4-5ad5fafc2469,-3.17148,-54.10315,2026-10-03 05:16:00,NPP-375D,URUARÁ,PARÁ,Brasil,1508159,15,33,,,,Amazônia,1.1
7666699b-dadc-335e-88d1-bb47a11a2c1e,-3.84955,-55.80636,2026-10-03 05:16:00,NPP-375D,AVEIRO,PARÁ,Brasil,1501006,15,33,,,,Amazônia,1.2
c69b1201-0b9f-3b70-86ec-463608ee9e4a,-5.86164,-53.47727,2026-10-03 05:16:00,NPP-375D,ALTAMIRA,PARÁ,Brasil,1500602,15,33,,,,Amazônia,0.8
ad1ebe46-5436-339c-8c61-46fac50abe66,-3.2842,-53.84593,2026-10-03 05:16:00,NPP-375D,URUARÁ,PARÁ,Brasil,1508159,15,33,,,,Amazônia,1.1
6c6e2629-5bb5-3986-beb3-66e289f104c4,-3.51623,-54.60318,2026-10-03 05:16:00,NPP-375D,PLACAS,PARÁ,Brasil,1505650,15,33,,,,Amazônia,5.7
b79627ce-e6d2-353e-8375-378bf384e488,-3.32291,-51.67636,2026-10-03 05:16:00,NPP-375D,ANAPU,PARÁ,Brasil,1500859,15,33,,,,Amazônia,1.0
233a1633-ed7c-37cd-b9fc-c6b4ad10b1b6,-4.78693,-55.71624,2026-10-03 05:16:00,NPP-375D,TRAIRÃO,PARÁ,Brasil,1508050,15,33,,,,Amazônia,2.0
307a4d75-faa6-31d5-a978-c4c60e5daab7,-2.92024,-54.09242,2026-10-03 05:16:00,NPP-375D,URUARÁ,PARÁ,Brasil,1508159,15,33,,,,Amazônia,2.1
5eeba8f3-b341-3231-881e-d8b3a252e5fc,-2.48416,-56.09363,2026-10-03 05:16:00,NPP-375D,JURUTI,PARÁ,Brasil,1503903,15,33,,,,Amazônia,1.2
7c4eecce-ae38-38bd-8aec-0f022447e191,-3.13516,-53.75304,2026-10-03 05:16:00,NPP-375D,URUARÁ,PARÁ,Brasil,1508159,15,33,,,,Amazônia,1.2
cc94d3da-750b-31f4-bcc8-2db2b64afe1d,-5.73185,-43.28748,2026-10-03 05:16:00,NPP-375D,PARNARAMA,MARANHÃO,Brasil,2107803,21,33,,,,Cerrado,2.9
93a498cf-8610-32dc-a4e6-b52e2b074451,-6.25124,-52.68293,2026-10-03 05:16:00,NPP-375D,SÃO FÉLIX DO XINGU,PARÁ,Brasil,1507300,15,33,,,,Amazônia,2.7
d8b112ce-ff4d-352a-98d3-70d33574ba0d,-1.26844,-54.56517,2026-10-03 05:16:00,NPP-375D,MONTE ALEGRE,PARÁ,Brasil,1504802,15,33,,,,Amazônia,2.3
3df71fa7-5bf3-3738-8b89-63360308a708,-3.29318,-53.85462,2026-10-03 05:16:00,NPP-375D,URUARÁ,PARÁ,Brasil,1508159,15,33,,,,Amazônia,1.0
6b7ab3cb-ba6e-3cc9-969c-1f968fd0671b,-4.56911,-46.57986,2026-10-03 05:16:00,NPP-375D,BOM JESUS DAS SELVAS,MARANHÃO,Brasil,2102036,21,33,,,,Amazônia,4.5
2a94af63-2fe3-3ecb-9322-c006b107c1e6,-2.93927,-54.18856,2026-10-03 05:16:00,NPP-375D,SANTARÉM,PARÁ,Brasil,1506807,15,33,,,,Amazônia,2.6
1864ad1b-e5d8-3d76-af92-7aadd0a9fa3e,-5.8717,-50.15828,2026-10-03 05:16:00,NPP-375D,MARABÁ,PARÁ,Brasil,1504208,15,33,,,,Amazônia,1.0
75e92bdd-361c-3871-a048-7aaf8978aae8,-5.85418,-53.47967,2026-10-03 05:16:00,NPP-375D,ALTAMIRA,PARÁ,Brasil,1500602,15,33,,,,Amazônia,2.8
c2cd98fd-1ade-3a09-b3f0-de0c11d6da45,-6.01464,-53.54187,2026-10-03 05:16:00,NPP-375D,ALTAMIRA,PARÁ,Brasil,1500602,15,33,,,,Amazônia,1.0
e391651a-e7f1-3161-9903-ab0ca067e37e,-5.94417,-43.65251,2026-10-03 05:16:00,NPP-375D,LAGOA DO MATO,MARANHÃO,Brasil,2105922,21,33,,,,Cerrado,14.7
f446dfa6-8fdb-36dc-8024-12b73a903ebd,-3.28476,-53.84239,2026-10-03 05:16:00,NPP-375D,URUARÁ,PARÁ,Brasil,1508159,15,33,,,,Amazônia,1.8
6bf6f8f6-3846-31d6-b9ad-d2306ed977f1,-5.88911,-55.48576,2026-10-03 05:16:00,NPP-375D,ITAITUBA,PARÁ,Brasil,1503606,15,33,,,,Amazônia,4.8
33674b0a-fb58-3c2d-ad91-92c6ed8293c9,-3.28252,-53.83475,2026-10-03 05:16:00,NPP-375D,URUARÁ,PARÁ,Brasil,1508159,15,33,,,,Amazônia,4.2
58d7e4bf-215d-35c6-9588-08378214b14d,-2.86898,-50.31656,2026-10-03 05:16:00,NPP-375D,PORTEL,PARÁ,Brasil,1505809,15,33,,,,Amazônia,1.9
1c664fc8-bed2-39df-84fb-1871383048c3,-6.74237,-44.13727,2026-10-03 05:16:00,NPP-375D,NOVA IORQUE,MARANHÃO,Brasil,2107308,21,33,,,,Cerrado,5.8
bcf57927-7bad-3c8f-a976-a60867e3a68d,-7.4678,-55.0134,2026-10-03 05:16:00,NPP-375D,ALTAMIRA,PARÁ,Brasil,1500602,15,33,,,,Amazônia,0.7
c23e311f-1bb1-36fd-9066-9ba3b11d470b,-1.99417,-49.65368,2026-10-03 05:16:00,NPP-375D,LIMOEIRO DO AJURU,PARÁ,Brasil,1504000,15,33,,,,Amazônia,0.8
abf60979-2865-3e24-8632-47d883d446e3,-3.88183,-49.68424,2026-10-03 05:16:00,NPP-375D,TUCURUÍ,PARÁ,Brasil,1508100,15,33,,,,Amazônia,3.8
ddc4db89-a057-376d-9633-342360c41cc7,-2.97349,-53.27106,2026-10-03 05:16:00,NPP-375D,MEDICILÂNDIA,PARÁ,Brasil,1504455,15,33,,,,Amazônia,1.7
673d6138-8c71-3396-a671-c54fab0f00db,-3.12167,-53.75094,2026-10-03 05:16:00,NPP-375D,URUARÁ,PARÁ,Brasil,1508159,15,33,,,,Amazônia,3.5
29710be4-7409-3d54-9fd7-f97f2852a81c,-3.01975,-53.88802,2026-10-03 05:16:00,NPP-375D,URUARÁ,PARÁ,Brasil,1508159,15,33,,,,Amazônia,0.7
8c1bf763-af67-3818-9d51-42c496626e0c,-3.29929,-50.32328,2026-10-03 05:16:00,NPP-375D,PORTEL,PARÁ,Brasil,1505809,15,33,,,,Amazônia,3.2
33db1c83-f9c1-3acb-abd9-44fdf759d83f,-4.29882,-50.78114,2026-10-03 05:16:00,NPP-375D,NOVO REPARTIMENTO,PARÁ,Brasil,1505064,15,33,,,,Amazônia,4.0
8c9c0da4-ea79-33d0-a3ae-8cefba2a0ccc,-3.71903,-54.64606,2026-10-03 05:16:00,NPP-375D,PLACAS,PARÁ,Brasil,1505650,15,33,,,,Amazônia,0.3
a79c1de4-21bb-34ff-9083-161ec19fcdb1,-3.51289,-54.60265,2026-10-03 05:16:00,NPP-375D,PLACAS,PARÁ,Brasil,1505650,15,33,,,,Amazônia,5.7
5e0bb48b-3166-3310-87b7-a1257ecd1447,-3.11846,-53.7435,2026-10-03 05:16:00,NPP-375D,URUARÁ,PARÁ,Brasil,1508159,15,33,,,,Amazônia,6.2
6abf3076-605a-3e48-8970-d2f935f8b7ad,-2.97748,-53.26794,2026-10-03 05:16:00,NPP-375D,MEDICILÂNDIA,PARÁ,Brasil,1504455,15,33,,,,Amazônia,1.7
b3e4f02d-5d7f-3237-9aa2-1e8311d628c8,-2.97495,-54.17261,2026-10-03 05:16:00,NPP-375D,SANTARÉM,PARÁ,Brasil,1506807,15,33,,,,Amazônia,0.9
5221e864-da8d-3852-8b01-158716fa2d01,-1.62019,-55.14137,2026-10-03 05:16:00,NPP-375D,CURUÁ,PARÁ,Brasil,1502855,15,33,,,,Amazônia,0.8
6e096f3f-077e-3d4b-8be0-89babac842f9,-3.56072,-53.06009,2026-10-03 05:16:00,NPP-375D,MEDICILÂNDIA,PARÁ,Brasil,1504455,15,33,,,,Amazônia,1.3
9694fe7a-0e7d-3cbb-8864-4de8f904c7fc,-2.33552,-51.94247,2026-10-03 05:16:00,NPP-375D,PORTO DE MOZ,PARÁ,Brasil,1505908,15,33,,,,Amazônia,0.8
e3e763f8-a63c-397f-869b-5fc597c49d33,-4.81071,-46.82147,2026-10-03 05:16:00,NPP-375D,BOM JESUS DAS SELVAS,MARANHÃO,Brasil,2102036,21,33,,,,Amazônia,0.5
b56f9c69-2a95-3b37-9b2a-f6570590b5a5,-1.26512,-54.56465,2026-10-03 05:16:00,NPP-375D,MONTE ALEGRE,PARÁ,Brasil,1504802,15,33,,,,Amazônia,2.3
49d4a4ca-192d-33b7-8b4c-599401d764a5,-2.89132,-54.14527,2026-10-03 05:16:00,NPP-375D,SANTARÉM,PARÁ,Brasil,1506807,15,33,,,,Amazônia,3.0
619ce9cc-daf1-33a9-8082-14302c243a4e,-7.46776,-54.99154,2026-10-03 05:16:00,NPP-375D,ALTAMIRA,PARÁ,Brasil,1500602,15,33,,,,Amazônia,0.8
974cd5b4-ed3b-3fc9-bd7d-f1d54014d5f4,-2.90746,-54.12989,2026-10-03 05:16:00,NPP-375D,SANTARÉM,PARÁ,Brasil,1506807,15,33,,,,Amazônia,2.3
555d393b-01c0-3d4e-a70a-1fa2d62705b4,-4.26343,-50.7505,2026-10-03 05:16:00,NPP-375D,NOVO REPARTIMENTO,PARÁ,Brasil,1505064,15,33,,,,Amazônia,3.3
3faa8975-3ae9-398f-93f9-479af5eb711f,-5.95131,-43.6483,2026-10-03 05:16:00,NPP-375D,LAGOA DO MATO,MARANHÃO,Brasil,2105922,21,33,,,,Cerrado,7.3
c041b486-91ff-3187-84c3-e272463c32d7,-3.09778,-51.09851,2026-10-03 05:16:00,NPP-375D,PORTEL,PARÁ,Brasil,1505809,15,33,,,,Amazônia,1.5
fc378c3f-ffaa-3e8f-a089-c0d773530f19,-2.92065,-53.9377,2026-10-03 05:16:00,NPP-375D,URUARÁ,PARÁ,Brasil,1508159,15,33,,,,Amazônia,1.4
b4caf731-03bd-372f-bdaa-84d2b044afdc,-3.00342,-54.2308,2026-10-03 05:16:00,NPP-375D,SANTARÉM,PARÁ,Brasil,1506807,15,33,,,,Amazônia,1.2
221d7217-a441-3d7b-8669-8704d39c0ad4,-3.15951,-54.07917,2026-10-03 05:16:00,NPP-375D,URUARÁ,PARÁ,Brasil,1508159,15,33,,,,Amazônia,1.5
cb2e65ff-c2a4-3c6d-85f9-e55eed57755d,-5.25611,-55.9185,2026-10-03 05:16:00,NPP-375D,TRAIRÃO,PARÁ,Brasil,1508050,15,33,,,,Amazônia,2.5
c938c408-9d9b-3a5c-8426-dac63fc75f57,-3.64037,-55.50256,2026-10-03 05:16:00,NPP-375D,AVEIRO,PARÁ,Brasil,1501006,15,33,,,,Amazônia,3.1
f4227a85-c535-319f-bd81-86c4d59ce2af,-2.97007,-53.27055,2026-10-03 05:16:00,NPP-375D,MEDICILÂNDIA,PARÁ,Brasil,1504455,15,33,,,,Amazônia,2.5
cc5e1586-e30e-3e4b-99aa-83f07342834e,-3.17424,-54.08557,2026-10-03 05:16:00,NPP-375D,URUARÁ,PARÁ,Brasil,1508159,15,33,,,,Amazônia,2.3
806d8c16-4112-37c9-b07d-8816ef7662f6,-5.55912,-43.96308,2026-10-03 05:16:00,NPP-375D,FORTUNA,MARANHÃO,Brasil,2104206,21,33,,,,Cerrado,3.3
61c7c47d-4826-3d20-a11a-32f52d470e93,-3.50442,-53.20078,2026-10-03 05:16:00,NPP-375D,MEDICILÂNDIA,PARÁ,Brasil,1504455,15,33,,,,Amazônia,0.3
09f20357-2599-3111-b044-e1d1930a7985,-6.50056,-41.74261,2026-10-03 05:16:00,NPP-375D,VALENÇA DO PIAUÍ,PIAUÍ,Brasil,2211308,22,33,,,,Caatinga,3.6
e4ff1c16-c9dc-3a1d-b0cd-42c534d07ff7,-3.24881,-54.51527,2026-10-03 05:16:00,NPP-375D,MOJUÍ DOS CAMPOS,PARÁ,Brasil,1504752,15,33,,,,Amazônia,2.4
decd1425-7432-34c0-97dc-dd1a38cdba0f,-6.20543,-53.21701,2026-10-03 05:16:00,NPP-375D,SÃO FÉLIX DO XINGU,PARÁ,Brasil,1507300,15,33,,,,Amazônia,1.9
f644f961-cfd2-3b1c-87a6-2b89d4b5652b,-2.9576,-54.07313,2026-10-03 05:16:00,NPP-375D,URUARÁ,PARÁ,Brasil,1508159,15,33,,,,Amazônia,0.9
95e184a1-b929-3310-ba7f-61b31b5b41a2,-3.7793,-52.14172,2026-10-03 05:16:00,NPP-375D,SENADOR JOSÉ PORFÍRIO,PARÁ,Brasil,1507805,15,33,,,,Amazônia,1.3
9590c2a3-2d47-3fac-a2fa-dd548d249587,-2.92527,-54.10398,2026-10-03 05:16:00,NPP-375D,SANTARÉM,PARÁ,Brasil,1506807,15,33,,,,Amazônia,3.2
ec12db48-7700-3156-b8ab-a2d7559ab527,-5.71721,-46.20305,2026-10-03 05:16:00,NPP-375D,GRAJAÚ,MARANHÃO,Brasil,2104800,21,33,,,,Cerrado,0.7
ecd30039-84bf-3da5-81d6-775f3fb7c992,-3.13065,-53.73774,2026-10-03 05:16:00,NPP-375D,URUARÁ,PARÁ,Brasil,1508159,15,33,,,,Amazônia,7.3
14e15ead-6f21-391f-a2c0-f4eff057c0b2,-3.07467,-51.27264,2026-10-03 05:16:00,NPP-375D,ANAPU,PARÁ,Brasil,1500859,15,33,,,,Amazônia,1.8
783be51e-5287-30d2-9be4-bd15f5d43e20,-6.09673,-47.65974,2026-10-03 05:16:00,NPP-375D,MAURILÂNDIA DO TOCANTINS,TOCANTINS,Brasil,1712801,17,33,,,,Cerrado,2.2
d92d8e7c-4360-3371-a590-6d06b7a04fb7,-2.15472,-47.75144,2026-10-03 05:16:00,NPP-375D,AURORA DO PARÁ,PARÁ,Brasil,1500958,15,33,,,,Amazônia,1.4
486edaad-1d4a-3a4c-9e62-522610c7a7da,-3.81842,-52.20454,2026-10-03 05:16:00,NPP-375D,SENADOR JOSÉ PORFÍRIO,PARÁ,Brasil,1507805,15,33,,,,Amazônia,0.9
d2168b23-8c0e-3c40-bfa8-6f88f2343872,-3.28532,-53.83884,2026-10-03 05:16:00,NPP-375D,URUARÁ,PARÁ,Brasil,1508159,15,33,,,,Amazônia,1.8
be6ede8c-fef8-3f41-a401-645a8bd5cef7,-3.76352,-55.53614,2026-10-03 05:16:00,NPP-375D,AVEIRO,PARÁ,Brasil,1501006,15,33,,,,Amazônia,1.0
3b54b86a-0328-361d-911f-e35668a7744b,-2.95705,-54.07664,2026-10-03 05:16:00,NPP-375D,URUARÁ,PARÁ,Brasil,1508159,15,33,,,,Amazônia,3.1
cfb73fee-9547-35b7-92f2-48af77f8eaa6,-3.01842,-54.20095,2026-10-03 05:16:00,NPP-375D,SANTARÉM,PARÁ,Brasil,1506807,15,33,,,,Amazônia,1.1
6f0f0af3-378e-3992-9668-12190fdcddfb,-2.89074,-54.12727,2026-10-03 05:16:00,NPP-375D,SANTARÉM,PARÁ,Brasil,1506807,15,33,,,,Amazônia,2.0
4bf853e4-6b43-3bee-8638-029d8ee14612,-3.28196,-53.83831,2026-10-03 05:16:00,NPP-375D,URUARÁ,PARÁ,Brasil,1508159,15,33,,,,Amazônia,1.8
0f7810f9-7325-3929-ad2c-718755d11439,-5.59442,-44.90934,2026-10-03 05:16:00,NPP-375D,TUNTUM,MARANHÃO,Brasil,2112308,21,33,,,,Cerrado,0.9
858a8647-5b7c-31d4-b089-dfe6d6065177,-2.88964,-54.13427,2026-10-03 05:16:00,NPP-375D,SANTARÉM,PARÁ,Brasil,1506807,15,33,,,,Amazônia,1.0
5244feb8-17d3-3a39-b1c8-422e37e959ad,-4.79026,-55.71677,2026-10-03 05:16:00,NPP-375D,TRAIRÃO,PARÁ,Brasil,1508050,15,33,,,,Amazônia,3.3
cd1dd0a9-b9c7-3b42-be60-cf6ef71a31c7,-4.98931,-56.14811,2026-10-03 05:16:00,NPP-375D,TRAIRÃO,PARÁ,Brasil,1508050,15,33,,,,Amazônia,1.1
bee9568a-7282-3407-91ad-5a1211ce93d6,-3.29543,-53.84042,2026-10-03 05:16:00,NPP-375D,URUARÁ,PARÁ,Brasil,1508159,15,33,,,,Amazônia,1.3
7f6c4eb1-3aff-32d2-a350-538e48389356,-4.78582,-55.72319,2026-10-03 05:16:00,NPP-375D,TRAIRÃO,PARÁ,Brasil,1508050,15,33,,,,Amazônia,0.9
0ef34c38-8afb-3b09-81e6-13f85c4da509,-3.07689,-51.27909,2026-10-03 05:16:00,NPP-375D,ANAPU,PARÁ,Brasil,1500859,15,33,,,,Amazônia,1.5
e9503180-dda9-375b-bd72-a02275fbfd25,-3.13123,-53.75608,2026-10-03 05:16:00,NPP-375D,URUARÁ,PARÁ,Brasil,1508159,15,33,,,,Amazônia,1.6
113a0400-b1ca-3d31-ad5a-8f9c937e24e9,-5.85878,-53.47292,2026-10-03 05:16:00,NPP-375D,ALTAMIRA,PARÁ,Brasil,1500602,15,33,,,,Amazônia,2.9
fa60a7ae-af67-3414-ad7b-701bde56e8ad,-4.14781,-53.94601,2026-10-03 05:16:00,NPP-375D,URUARÁ,PARÁ,Brasil,1508159,15,33,,,,Amazônia,0.5
562bfe52-d667-3f1e-8556-e7e8c60ba5a1,-1.28039,-55.40884,2026-10-03 05:16:00,NPP-375D,ALENQUER,PARÁ,Brasil,1500404,15,33,,,,Amazônia,0.8
da951d09-ed08-3c81-be7f-cf88908b3a92,-3.51205,-51.16255,2026-10-03 05:16:00,NPP-375D,PACAJÁ,PARÁ,Brasil,1505486,15,33,,,,Amazônia,0.8
e2ba2a33-3417-30d1-9b44-2f537b429c5f,-4.41154,-49.96255,2026-10-03 05:16:00,NPP-375D,NOVO REPARTIMENTO,PARÁ,Brasil,1505064,15,33,,,,Amazônia,1.2
aa6dd8fa-35e5-353e-9630-cd4f7c39d0ca,-6.31598,-43.34789,2026-10-03 05:16:00,NPP-375D,SUCUPIRA DO RIACHÃO,MARANHÃO,Brasil,2111953,21,33,,,,Cerrado,7.5
ed5c4a80-4a75-30b1-8805-17368be6fad4,-1.37219,-54.63813,2026-10-03 05:16:00,NPP-375D,ALENQUER,PARÁ,Brasil,1500404,15,33,,,,Amazônia,1.3
c0337457-51dd-3877-9fbf-c8603821a436,-3.12419,-48.67468,2026-10-03 05:16:00,NPP-375D,TAILÂNDIA,PARÁ,Brasil,1507953,15,33,,,,Amazônia,1.4
40fd0ba9-c510-3080-a9cf-80cb1cdcfdd3,-6.33418,-43.36229,2026-10-03 05:16:00,NPP-375D,SUCUPIRA DO RIACHÃO,MARANHÃO,Brasil,2111953,21,33,,,,Cerrado,1.0
681c478d-d660-37b0-99a0-9a6cee454f71,-4.12357,-55.01519,2026-10-03 05:16:00,NPP-375D,RURÓPOLIS,PARÁ,Brasil,1506195,15,33,,,,Amazônia,0.8
fff23f6b-7d73-346a-8f87-36986cfca69c,-3.00967,-53.88645,2026-10-03 05:16:00,NPP-375D,URUARÁ,PARÁ,Brasil,1508159,15,33,,,,Amazônia,1.8
1cb80b5c-be8a-3f9e-8156-1d2d7138733d,-2.88343,-54.08667,2026-10-03 05:16:00,NPP-375D,PRAINHA,PARÁ,Brasil,1506005,15,33,,,,Amazônia,0.8
cb1e7730-bfc6-356b-9478-31e34c26e2b1,-2.95919,-54.09849,2026-10-03 05:16:00,NPP-375D,SANTARÉM,PARÁ,Brasil,1506807,15,33,,,,Amazônia,0.8
195c14b5-11a4-30fa-a451-98bf552244d9,-1.59909,-55.14517,2026-10-03 05:16:00,NPP-375D,CURUÁ,PARÁ,Brasil,1502855,15,33,,,,Amazônia,0.7
17ea8a9b-2f43-3db0-a1c4-4389be7c0e6c,-3.12839,-53.73008,2026-10-03 05:16:00,NPP-375D,URUARÁ,PARÁ,Brasil,1508159,15,33,,,,Amazônia,10.2
087ce9ed-9381-30b2-a2fb-adf0de1c0d43,-3.1273,-53.75911,2026-10-03 05:16:00,NPP-375D,URUARÁ,PARÁ,Brasil,1508159,15,33,,,,Amazônia,2.5
14b558b0-e0e2-37a7-89de-b65a4b23687f,-3.31925,-51.67575,2026-10-03 05:16:00,NPP-375D,ANAPU,PARÁ,Brasil,1500859,15,33,,,,Amazônia,1.0
20a24853-573b-351f-b46c-82cac09be55e,-2.93144,-54.15155,2026-10-03 05:16:00,NPP-375D,SANTARÉM,PARÁ,Brasil,1506807,15,33,,,,Amazônia,1.6
21cfafa8-c56d-3976-8d9b-a2bda0a7ae06,-3.17204,-54.09963,2026-10-03 05:16:00,NPP-375D,URUARÁ,PARÁ,Brasil,1508159,15,33,,,,Amazônia,0.7
586b9024-b241-3e80-ab51-c74416f4930b,-2.46396,-56.06854,2026-10-03 05:16:00,NPP-375D,JURUTI,PARÁ,Brasil,1503903,15,33,,,,Amazônia,1.4
9b40200c-11b3-39fd-bb60-993c2a3c1b24,-3.1815,-54.08307,2026-10-03 05:16:00,NPP-375D,URUARÁ,PARÁ,Brasil,1508159,15,33,,,,Amazônia,1.0
bd24776f-29e7-37f6-9d0c-1c96a1816409,-3.29655,-53.85515,2026-10-03 05:16:00,NPP-375D,URUARÁ,PARÁ,Brasil,1508159,15,33,,,,Amazônia,1.0
4c084278-da7d-37a2-a2ea-1beb551c747e,-6.20773,-53.22538,2026-10-03 05:16:00,NPP-375D,SÃO FÉLIX DO XINGU,PARÁ,Brasil,1507300,15,33,,,,Amazônia,0.7
f3c59d3f-3635-307c-9054-91c9d38f01bc,-3.00373,-54.73911,2026-10-03 05:16:00,NPP-375D,MOJUÍ DOS CAMPOS,PARÁ,Brasil,1504752,15,33,,,,Amazônia,1.7
c53f2c04-c8f7-3d79-9b1e-c75b52b93a1f,-6.39923,-55.23492,2026-10-03 05:16:00,NPP-375D,ALTAMIRA,PARÁ,Brasil,1500602,15,33,,,,Amazônia,1.2
212903a7-6085-38ba-ac45-ab7cc3b68023,-3.16676,-54.07671,2026-10-03 05:16:00,NPP-375D,URUARÁ,PARÁ,Brasil,1508159,15,33,,,,Amazônia,0.9
0982e92f-2af6-3ac7-8a8f-34c13f2187a2,-5.93845,-43.64629,2026-10-03 05:16:00,NPP-375D,LAGOA DO MATO,MARANHÃO,Brasil,2105922,21,33,,,,Cerrado,10.3
cbd9e7e1-4340-35e5-8290-d0a5ed8bd3e9,-6.45543,-55.47929,2026-10-03 05:16:00,NPP-375D,ITAITUBA,PARÁ,Brasil,1503606,15,33,,,,Amazônia,0.7
db91cb61-1021-3114-9516-81070845b8e9,-5.88657,-57.67306,2026-10-03 05:16:00,NPP-375D,JACAREACANGA,PARÁ,Brasil,1503754,15,33,,,,Amazônia,0.6
e301a323-cbc6-3f26-9d1a-b24ee88a2b48,-4.29958,-50.77622,2026-10-03 05:16:00,NPP-375D,NOVO REPARTIMENTO,PARÁ,Brasil,1505064,15,33,,,,Amazônia,2.4
f1994e5c-fec5-31e8-bd30-41e986463b06,-3.57535,-54.35255,2026-10-03 05:16:00,NPP-375D,PLACAS,PARÁ,Brasil,1505650,15,33,,,,Amazônia,1.5
add4d083-c460-3b18-8e47-28e667167c42,-2.8935,-54.10978,2026-10-03 05:16:00,NPP-375D,SANTARÉM,PARÁ,Brasil,1506807,15,33,,,,Amazônia,0.9
abb7e1d7-e26f-3e65-a30c-a843ba0eec34,-2.95371,-54.09765,2026-10-03 05:16:00,NPP-375D,SANTARÉM,PARÁ,Brasil,1506807,15,33,,,,Amazônia,0.9
1c97b583-3e15-3cdd-a17f-911b4866bb83,-2.89243,-54.13829,2026-10-03 05:16:00,NPP-375D,SANTARÉM,PARÁ,Brasil,1506807,15,33,,,,Amazônia,3.8
2663050c-2c7e-345f-b462-bf5b9274d340,-3.50384,-53.20447,2026-10-03 05:16:00,NPP-375D,MEDICILÂNDIA,PARÁ,Brasil,1504455,15,33,,,,Amazônia,1.5
572f3910-f8a2-3457-8675-b048d48c5b04,-5.62001,-44.37753,2026-10-03 05:16:00,NPP-375D,SÃO DOMINGOS DO MARANHÃO,MARANHÃO,Brasil,2110708,21,33,,,,Cerrado,2.4
eb071371-5e39-314e-9e5d-3269ff131121,-2.73979,-49.46195,2026-10-03 05:16:00,NPP-375D,MOJU,PARÁ,Brasil,1504703,15,33,,,,Amazônia,0.6
18ce674c-0f57-372c-a425-3787e3c9fd8b,-5.9492,-43.6637,2026-10-03 05:16:00,NPP-375D,LAGOA DO MATO,MARANHÃO,Brasil,2105922,21,33,,,,Cerrado,26.3
debc7d11-74ad-300f-9dad-d64465d47635,-3.05364,-54.16323,2026-10-03 05:16:00,NPP-375D,SANTARÉM,PARÁ,Brasil,1506807,15,33,,,,Amazônia,2.2
6a46c925-3261-3677-8720-de76834c943e,-6.21215,-53.26617,2026-10-03 05:16:00,NPP-375D,SÃO FÉLIX DO XINGU,PARÁ,Brasil,1507300,15,33,,,,Amazônia,1.3
e8adb80b-c15a-3e8b-a5d2-67a83c2ea1d6,-3.09683,-51.10122,2026-10-03 05:16:00,NPP-375D,PORTEL,PARÁ,Brasil,1505809,15,33,,,,Amazônia,2.4
dc7a066d-1292-354b-841b-7d1945aeffd5,-3.01303,-53.88697,2026-10-03 05:16:00,NPP-375D,URUARÁ,PARÁ,Brasil,1508159,15,33,,,,Amazônia,1.8
3ceabeed-9d32-3cda-825b-0e11b856a7bd,-4.30034,-50.77127,2026-10-03 05:16:00,NPP-375D,NOVO REPARTIMENTO,PARÁ,Brasil,1505064,15,33,,,,Amazônia,2.4
a6b0add1-7233-338b-a08a-6ffd632aac30,-2.89801,-54.14632,2026-10-03 05:16:00,NPP-375D,SANTARÉM,PARÁ,Brasil,1506807,15,33,,,,Amazônia,0.9
32411bca-f3a6-35a9-ac61-1eb331345ce1,-3.70726,-50.65573,2026-10-03 05:16:00,NPP-375D,PACAJÁ,PARÁ,Brasil,1505486,15,33,,,,Amazônia,2.5
4ab6ee87-da3c-3723-9be0-10f0eb719c66,-6.9262,-49.62273,2026-10-03 05:16:00,NPP-375D,SAPUCAIA,PARÁ,Brasil,1507755,15,33,,,,Amazônia,0.9
a00816c9-d972-3a6c-a6f9-c73eb2b76946,-6.0265,-57.69545,2026-10-03 05:16:00,NPP-375D,JACAREACANGA,PARÁ,Brasil,1503754,15,33,,,,Amazônia,1.6
f7136250-44b6-314d-8f05-8fcde3717135,-3.29094,-53.84699,2026-10-03 05:16:00,NPP-375D,URUARÁ,PARÁ,Brasil,1508159,15,33,,,,Amazônia,0.7
90d45773-dda1-3d24-a48e-cfaca794a583,-6.84189,-59.26224,2026-10-03 05:16:00,NPP-375D,APUÍ,AMAZONAS,Brasil,1300144,13,33,,,,Amazônia,1.5
5ed4045f-0561-3cac-9b96-f8f6eac91236,-3.17874,-54.10067,2026-10-03 05:16:00,NPP-375D,URUARÁ,PARÁ,Brasil,1508159,15,33,,,,Amazônia,1.0
24b93644-5eea-3e4d-b40f-3a334083d8dc,-4.45399,-47.92872,2026-10-03 05:16:00,NPP-375D,DOM ELISEU,PARÁ,Brasil,1502939,15,33,,,,Amazônia,6.3
45215aaa-583e-3da9-9659-5066339a79e0,-3.71509,-50.6569,2026-10-03 05:16:00,NPP-375D,PACAJÁ,PARÁ,Brasil,1505486,15,33,,,,Amazônia,1.4
9da565e9-390c-3e71-929e-c11e6b70e977,-4.26026,-50.74493,2026-10-03 05:16:00,NPP-375D,NOVO REPARTIMENTO,PARÁ,Brasil,1505064,15,33,,,,Amazônia,2.1
d2c8aa0a-7533-3ab1-95ab-62ddb43c988e,-2.93368,-54.15906,2026-10-03 05:16:00,NPP-375D,SANTARÉM,PARÁ,Brasil,1506807,15,33,,,,Amazônia,3.2
2dfa11c5-8931-3a7d-9d54-cf6b0b1ef2a9,-5.61454,-44.37766,2026-10-03 05:16:00,NPP-375D,SÃO DOMINGOS DO MARANHÃO,MARANHÃO,Brasil,2110708,21,33,,,,Cerrado,4.5
aefd7ce2-2365-369e-abf8-59452ca7e088,-2.9281,-54.15102,2026-10-03 05:16:00,NPP-375D,SANTARÉM,PARÁ,Brasil,1506807,15,33,,,,Amazônia,1.6
afeb0483-2782-31b3-8ee9-508cf1ed9240,-3.85015,-55.96447,2026-10-03 05:16:00,NPP-375D,AVEIRO,PARÁ,Brasil,1501006,15,33,,,,Amazônia,2.3
8652af02-654c-3105-a9e8-28a460471b1a,-2.49284,-48.52633,2026-10-03 05:16:00,NPP-375D,ACARÁ,PARÁ,Brasil,1500206,15,33,,,,Amazônia,2.3
bb5abc51-970d-3bd4-ba1d-4e82e646035f,-4.7897,-55.72024,2026-10-03 05:16:00,NPP-375D,TRAIRÃO,PARÁ,Brasil,1508050,15,33,,,,Amazônia,3.3
516da97d-8c80-334a-b883-3a9442f53fe1,-5.61386,-44.38231,2026-10-03 05:16:00,NPP-375D,SÃO DOMINGOS DO MARANHÃO,MARANHÃO,Brasil,2110708,21,33,,,,Cerrado,4.9
8c56b556-5c4d-3ac4-be80-057331aac40e,-3.84794,-55.96737,2026-10-03 05:16:00,NPP-375D,AVEIRO,PARÁ,Brasil,1501006,15,33,,,,Amazônia,0.9
f7e53774-5330-3408-ad0f-7cffd6b3c968,-6.3464,-51.70032,2026-10-03 05:16:00,NPP-375D,SÃO FÉLIX DO XINGU,PARÁ,Brasil,1507300,15,33,,,,Amazônia,1.1
fe9ba002-6b15-391d-be31-35e01f5dc9e9,-2.15004,-59.23118,2026-10-03 05:16:00,NPP-375D,PRESIDENTE FIGUEIREDO,AMAZONAS,Brasil,1303536,13,33,,,,Amazônia,1.0
c671987b-4e1c-344d-8d3f-c82edde72ee5,-3.169,-54.08427,2026-10-03 05:16:00,NPP-375D,URUARÁ,PARÁ,Brasil,1508159,15,33,,,,Amazônia,1.6
e4932924-1bb0-37f8-a05e-6d0871b1232b,-5.89467,-55.49376,2026-10-03 05:16:00,NPP-375D,ITAITUBA,PARÁ,Brasil,1503606,15,33,,,,Amazônia,0.6
52d1e777-d8a1-3936-9f37-40af0d21f970,-3.2943,-53.84752,2026-10-03 05:16:00,NPP-375D,URUARÁ,PARÁ,Brasil,1508159,15,33,,,,Amazônia,0.9
ce617cc2-ee4c-3857-93e8-dcb4c739ac3d,-4.79081,-55.71329,2026-10-03 05:16:00,NPP-375D,TRAIRÃO,PARÁ,Brasil,1508050,15,33,,,,Amazônia,1.5
e638a089-71fa-3c26-a8e8-7c749c9a0742,-2.9169,-54.0919,2026-10-03 05:16:00,NPP-375D,URUARÁ,PARÁ,Brasil,1508159,15,33,,,,Amazônia,2.1
59a38099-f952-3e04-8585-00c6ddf19df7,-4.30344,-54.79828,2026-10-03 05:16:00,NPP-375D,PLACAS,PARÁ,Brasil,1505650,15,33,,,,Amazônia,0.8
fa09530e-1bc2-3cb6-98db-92d59adc505c,-2.97715,-53.2672,2026-10-03 05:16:00,NPP-375D,MEDICILÂNDIA,PARÁ,Brasil,1504455,15,33,,,,Amazônia,1.5
e5aed3c5-763c-3eaf-8e03-292d7a798b5a,-3.02012,-54.23342,2026-10-03 05:16:00,NPP-375D,SANTARÉM,PARÁ,Brasil,1506807,15,33,,,,Amazônia,1.8
1a8498ab-f431-3f7b-b644-887e89f41113,-2.88908,-54.13777,2026-10-03 05:16:00,NPP-375D,SANTARÉM,PARÁ,Brasil,1506807,15,33,,,,Amazônia,3.8
ab3daee8-e344-3e31-9178-ac95aadfe0a4,-2.60572,-48.25516,2026-10-03 05:16:00,NPP-375D,TOMÉ-AÇU,PARÁ,Brasil,1508001,15,33,,,,Amazônia,1.5
1d95ad76-85d2-3333-b2a4-167a0e3eb5bf,-2.17882,-49.77212,2026-10-03 05:16:00,NPP-375D,CAMETÁ,PARÁ,Brasil,1502103,15,33,,,,Amazônia,1.5
8c202055-70a7-3631-8aa9-827fc1ee7be2,-3.17402,-54.07424,2026-10-03 05:16:00,NPP-375D,URUARÁ,PARÁ,Brasil,1508159,15,33,,,,Amazônia,1.5
4a46f948-74d8-3e85-81e7-dbdf8ffb7026,-3.13291,-53.74538,2026-10-03 05:16:00,NPP-375D,URUARÁ,PARÁ,Brasil,1508159,15,33,,,,Amazônia,1.5
d08350e9-196a-3973-be1a-375282f6bdcc,-3.85572,-55.97254,2026-10-03 05:16:00,NPP-375D,AVEIRO,PARÁ,Brasil,1501006,15,33,,,,Amazônia,1.0
9431c3a3-7ba4-3a90-980b-4d5351f8cdb3,-4.455,-47.92245,2026-10-03 05:16:00,NPP-375D,DOM ELISEU,PARÁ,Brasil,1502939,15,33,,,,Amazônia,3.8
49e10c21-288c-3a6b-9f49-2a95ec963b5f,-3.094,-51.09792,2026-10-03 05:16:00,NPP-375D,PORTEL,PARÁ,Brasil,1505809,15,33,,,,Amazônia,1.5
c34ed661-c06d-3853-bf36-d3c31567ca90,-3.11789,-53.74706,2026-10-03 05:16:00,NPP-375D,URUARÁ,PARÁ,Brasil,1508159,15,33,,,,Amazônia,0.6
f2a963d6-6fb6-3e21-a9e4-d95e3b7bfbaf,-2.04924,-54.48636,2026-10-03 05:16:00,NPP-375D,MONTE ALEGRE,PARÁ,Brasil,1504802,15,33,,,,Amazônia,0.8
d32d3bf5-0082-3243-9701-794dee9f4b54,-4.11373,-54.41162,2026-10-03 05:16:00,NPP-375D,PLACAS,PARÁ,Brasil,1505650,15,33,,,,Amazônia,0.9
4dffe023-1e52-3c48-a45a-711791bfaeb6,-4.99265,-56.14865,2026-10-03 05:16:00,NPP-375D,TRAIRÃO,PARÁ,Brasil,1508050,15,33,,,,Amazônia,1.0
b1ecd716-32e4-3c44-a663-fa680d7045b7,-4.42339,-55.75116,2026-10-03 05:16:00,NPP-375D,ITAITUBA,PARÁ,Brasil,1503606,15,33,,,,Amazônia,2.2
e03cc03a-3aed-3968-a7e2-d81cec907520,-3.53239,-55.5211,2026-10-03 05:16:00,NPP-375D,AVEIRO,PARÁ,Brasil,1501006,15,33,,,,Amazônia,1.0
c5a825e4-aec1-3a27-a80c-0757a6056014,-2.86819,-50.32163,2026-10-03 05:16:00,NPP-375D,PORTEL,PARÁ,Brasil,1505809,15,33,,,,Amazônia,1.3
86a20f9f-9836-387e-a42b-357cd013ddfd,-3.35252,-43.3866,2026-10-03 05:16:00,NPP-375D,URBANO SANTOS,MARANHÃO,Brasil,2112605,21,33,,,,Cerrado,1.1
511f9e7f-7345-3dfb-83f5-c0d8fbc9f5e0,-4.42982,-55.74863,2026-10-03 05:16:00,NPP-375D,ITAITUBA,PARÁ,Brasil,1503606,15,33,,,,Amazônia,2.7
9b2c3f1c-6aae-3e99-9b10-96697868ed75,-2.97464,-53.26379,2026-10-03 05:16:00,NPP-375D,MEDICILÂNDIA,PARÁ,Brasil,1504455,15,33,,,,Amazônia,1.9
0c0b56b1-a0ab-3099-8279-270b40aca943,-2.94981,-54.10063,2026-10-03 05:16:00,NPP-375D,SANTARÉM,PARÁ,Brasil,1506807,15,33,,,,Amazônia,0.9
3030bfcc-7b84-3d3c-b581-c97a936b3fb1,-2.44166,-54.82768,2026-10-03 05:16:00,NPP-375D,SANTARÉM,PARÁ,Brasil,1506807,15,33,,,,Amazônia,1.9
31603d3e-0257-34fa-baf8-0348010cfc23,-3.09706,-51.10303,2026-10-03 05:16:00,NPP-375D,PORTEL,PARÁ,Brasil,1505809,15,33,,,,Amazônia,1.5
bdc07599-2905-3d96-a94c-4a96da1ecc0f,-3.18489,-54.1052,2026-10-03 05:16:00,NPP-375D,URUARÁ,PARÁ,Brasil,1508159,15,33,,,,Amazônia,0.5
2182a6ab-1fee-3046-a0ce-f83d9ae73f5a,-4.42649,-55.7481,2026-10-03 05:16:00,NPP-375D,ITAITUBA,PARÁ,Brasil,1503606,15,33,,,,Amazônia,2.7
4edeef8b-af25-330f-8749-7b75f7d5fb10,-3.9154,-54.42672,2026-10-03 05:16:00,NPP-375D,PLACAS,PARÁ,Brasil,1505650,15,33,,,,Amazônia,1.3
88a3bd2b-7f24-3c63-ba11-2f855f665e25,-2.1568,-55.21526,2026-10-03 05:16:00,NPP-375D,ÓBIDOS,PARÁ,Brasil,1505106,15,33,,,,Amazônia,1.8
19a6dccd-c728-35f8-a7b9-4b338b3fcd7b,-2.98057,-53.26772,2026-10-03 05:16:00,NPP-375D,MEDICILÂNDIA,PARÁ,Brasil,1504455,15,33,,,,Amazônia,1.5
dc0309d6-1089-3f08-88eb-06164479d17a,-5.88802,-55.4927,2026-10-03 05:16:00,NPP-375D,ITAITUBA,PARÁ,Brasil,1503606,15,33,,,,Amazônia,0.9
baf15146-7929-35e4-a94f-e8787ed17824,-2.95585,-54.09797,2026-10-03 05:16:00,NPP-375D,SANTARÉM,PARÁ,Brasil,1506807,15,33,,,,Amazônia,0.8
3391c8ce-eb94-35d6-b10f-ababb471f2b3,-3.10389,-51.28175,2026-10-03 05:16:00,NPP-375D,ANAPU,PARÁ,Brasil,1500859,15,33,,,,Amazônia,0.8
1cc619b6-3089-3846-872c-f29139565ebd,-5.94346,-43.65767,2026-10-03 05:16:00,NPP-375D,LAGOA DO MATO,MARANHÃO,Brasil,2105922,21,33,,,,Cerrado,14.7
6d7ae681-6a52-3189-9781-568ec9246324,-4.78859,-55.70583,2026-10-03 05:16:00,NPP-375D,TRAIRÃO,PARÁ,Brasil,1508050,15,33,,,,Amazônia,0.9
b9a76dcb-4ba0-39e7-bbf8-3833d17aa858,-3.18599,-54.09817,2026-10-03 05:16:00,NPP-375D,URUARÁ,PARÁ,Brasil,1508159,15,33,,,,Amazônia,1.8
98eaec3d-2a48-3b75-bb7f-881c89e8e59d,-3.07629,-54.36691,2026-10-03 05:16:00,NPP-375D,MOJUÍ DOS CAMPOS,PARÁ,Brasil,1504752,15,33,,,,Amazônia,0.8
2f6c0804-782d-3a87-b971-0be11434e79c,-2.96477,-50.31777,2026-10-03 05:16:00,NPP-375D,PORTEL,PARÁ,Brasil,1505809,15,33,,,,Amazônia,1.7
2dac2ae3-56d0-3d00-935b-18dc105dbfe9,-6.07534,-57.79994,2026-10-03 05:16:00,NPP-375D,JACAREACANGA,PARÁ,Brasil,1503754,15,33,,,,Amazônia,1.4
79781e50-1c02-3405-98ac-1f4a11787724,-4.56863,-46.58314,2026-10-03 05:16:00,NPP-375D,BOM JESUS DAS SELVAS,MARANHÃO,Brasil,2102036,21,33,,,,Amazônia,4.5
ceff890d-f498-3935-92e3-b0b0e3f35397,-5.85248,-53.4678,2026-10-03 05:16:00,NPP-375D,ALTAMIRA,PARÁ,Brasil,1500602,15,33,,,,Amazônia,1.2
7a08e6be-6aba-3bf5-99f4-87dc2e59b517,-3.28364,-53.82763,2026-10-03 05:16:00,NPP-375D,URUARÁ,PARÁ,Brasil,1508159,15,33,,,,Amazônia,8.1
205f453a-7e0a-3348-a4d0-dfbc8c6f0160,-2.8924,-54.11678,2026-10-03 05:16:00,NPP-375D,SANTARÉM,PARÁ,Brasil,1506807,15,33,,,,Amazônia,2.7
77b0e10e-87b9-3a43-9168-9854d0148fc8,-6.01582,-53.53426,2026-10-03 05:16:00,NPP-375D,ALTAMIRA,PARÁ,Brasil,1500602,15,33,,,,Amazônia,1.2
e69859f6-fc73-36c4-b80a-bce04e89b228,-3.28645,-53.83173,2026-10-03 05:16:00,NPP-375D,URUARÁ,PARÁ,Brasil,1508159,15,33,,,,Amazônia,4.2
3a2996fb-74fe-3df9-9acd-56d084559f2b,-3.41937,-48.33523,2026-10-03 05:16:00,NPP-375D,PARAGOMINAS,PARÁ,Brasil,1505502,15,33,,,,Amazônia,3.1
a38e5f7a-af4c-3258-9149-c153fa148a42,-5.8969,-55.50122,2026-10-03 05:16:00,NPP-375D,ITAITUBA,PARÁ,Brasil,1503606,15,33,,,,Amazônia,1.0
25e44124-3775-3c97-a0fe-778010740fe0,-3.21159,-50.91138,2026-10-03 05:16:00,NPP-375D,PORTEL,PARÁ,Brasil,1505809,15,33,,,,Amazônia,1.5
37eaaa5e-ef7b-38bd-a360-bc7ac2cd6452,-2.89019,-54.13077,2026-10-03 05:16:00,NPP-375D,SANTARÉM,PARÁ,Brasil,1506807,15,33,,,,Amazônia,1.0
b839a63e-8d40-3848-b12f-3c44cf8e1cce,-4.40741,-49.96194,2026-10-03 05:16:00,NPP-375D,NOVO REPARTIMENTO,PARÁ,Brasil,1505064,15,33,,,,Amazônia,1.2
5d3506f6-c053-3753-954e-26f7dc99cfa5,-2.02352,-54.30865,2026-10-03 05:16:00,NPP-375D,MONTE ALEGRE,PARÁ,Brasil,1504802,15,33,,,,Amazônia,1.1
9e293d20-1c7c-3aaf-b342-f24c0d1f5887,-3.58792,-54.53307,2026-10-03 05:16:00,NPP-375D,PLACAS,PARÁ,Brasil,1505650,15,33,,,,Amazônia,4.2
b4889305-55f3-3163-bfd8-9db1d68e8fa5,-2.64627,-54.2394,2026-10-03 05:16:00,NPP-375D,SANTARÉM,PARÁ,Brasil,1506807,15,33,,,,Amazônia,0.8
249b8895-74ac-3bad-a062-d99cc86c873f,-1.22005,-54.53304,2026-10-03 05:16:00,NPP-375D,MONTE ALEGRE,PARÁ,Brasil,1504802,15,33,,,,Amazônia,0.5
f9eccd63-56b2-359b-a4a7-c7a6c9f9baa5,-5.71767,-46.19984,2026-10-03 05:16:00,NPP-375D,GRAJAÚ,MARANHÃO,Brasil,2104800,21,33,,,,Cerrado,0.7
77e46e54-0613-3303-8936-0e05fe4874d5,-3.00461,-53.87478,2026-10-03 05:16:00,NPP-375D,URUARÁ,PARÁ,Brasil,1508159,15,33,,,,Amazônia,1.2
17a28d33-44d9-32d6-806c-da1ca33b9c65,-1.64018,-55.1445,2026-10-03 05:16:00,NPP-375D,CURUÁ,PARÁ,Brasil,1502855,15,33,,,,Amazônia,1.2
dc63a4cd-682f-360c-8af3-eadac5654a4b,-6.01752,-53.54619,2026-10-03 05:16:00,NPP-375D,ALTAMIRA,PARÁ,Brasil,1500602,15,33,,,,Amazônia,1.7
212549a0-3f3a-3c85-9317-c539f58dc823,-6.21839,-60.02791,2026-10-03 05:16:00,NPP-375D,NOVO ARIPUANÃ,AMAZONAS,Brasil,1303304,13,33,,,,Amazônia,0.9
eb039261-897e-3fef-8aa4-01c8a20f6d58,-2.9459,-54.10361,2026-10-03 05:16:00,NPP-375D,SANTARÉM,PARÁ,Brasil,1506807,15,33,,,,Amazônia,0.6
85a6051c-4458-3ec8-9032-4a747de2cc71,-3.17538,-54.10015,2026-10-03 05:16:00,NPP-375D,URUARÁ,PARÁ,Brasil,1508159,15,33,,,,Amazônia,0.7
7dc140cb-9ee7-3c74-b1bc-7e046291e331,-5.25556,-55.92198,2026-10-03 05:16:00,NPP-375D,TRAIRÃO,PARÁ,Brasil,1508050,15,33,,,,Amazônia,2.5
3dd4e4a0-4cf6-323c-aa4e-73109dec63a6,-4.05797,-51.12187,2026-10-03 05:16:00,NPP-375D,PACAJÁ,PARÁ,Brasil,1505486,15,33,,,,Amazônia,1.3
411af485-f4ac-3da7-b278-e50f49933eaa,-6.31744,-43.33717,2026-10-03 05:16:00,NPP-375D,SUCUPIRA DO RIACHÃO,MARANHÃO,Brasil,2111953,21,33,,,,Cerrado,3.4
44e09ea7-aefa-32d0-9d29-be298e46b268,-2.36084,-50.60357,2026-10-03 05:16:00,NPP-375D,PORTEL,PARÁ,Brasil,1505809,15,33,,,,Amazônia,1.3
7918e0fc-8389-3dc9-ac9a-f6d94e4e0621,-1.08512,-54.10472,2026-10-03 05:16:00,NPP-375D,MONTE ALEGRE,PARÁ,Brasil,1504802,15,33,,,,Amazônia,1.2
332beec4-aec0-3ccf-873c-05c34712cc47,-2.87135,-50.32725,2026-10-03 05:16:00,NPP-375D,PORTEL,PARÁ,Brasil,1505809,15,33,,,,Amazônia,1.3
6a820ea9-3bbc-3bd9-8110-0c3143153807,-4.11637,-55.0176,2026-10-03 05:16:00,NPP-375D,RURÓPOLIS,PARÁ,Brasil,1506195,15,33,,,,Amazônia,0.7
cc577884-9dcb-3c04-b12b-8e128dac1d4a,-5.86704,-53.47739,2026-10-03 05:16:00,NPP-375D,ALTAMIRA,PARÁ,Brasil,1500602,15,33,,,,Amazônia,1.0
d6a14ca3-fd76-3af2-9635-a114c9a1e76e,-1.44827,-54.45919,2026-10-03 05:16:00,NPP-375D,MONTE ALEGRE,PARÁ,Brasil,1504802,15,33,,,,Amazônia,1.1
feeb7d66-decb-33a8-b3c5-317ce0800d8b,-4.45025,-47.92175,2026-10-03 05:16:00,NPP-375D,DOM ELISEU,PARÁ,Brasil,1502939,15,33,,,,Amazônia,3.8
326bf288-844a-3a3e-8c11-d7bf1b83816e,-3.11902,-53.73994,2026-10-03 05:16:00,NPP-375D,URUARÁ,PARÁ,Brasil,1508159,15,33,,,,Amazônia,6.2
f024e9e2-7b0c-37be-9506-21fef4f661a4,-2.55791,-54.73308,2026-10-03 05:16:00,NPP-375D,SANTARÉM,PARÁ,Brasil,1506807,15,33,,,,Amazônia,0.9
96b0cdec-0092-3d0c-a284-b358b5442a29,-3.85628,-55.96902,2026-10-03 05:16:00,NPP-375D,AVEIRO,PARÁ,Brasil,1501006,15,33,,,,Amazônia,1.0
185d33ea-4de4-3e2f-a458-7bac529bd153,-2.96979,-54.09655,2026-10-03 05:16:00,NPP-375D,SANTARÉM,PARÁ,Brasil,1506807,15,33,,,,Amazônia,2.2
5a9fbdf3-5c4b-3683-bebf-7a129a691346,-1.61016,-54.76075,2026-10-03 05:16:00,NPP-375D,ALENQUER,PARÁ,Brasil,1500404,15,33,,,,Amazônia,1.0
2c35c33a-bc16-3b61-b9c5-6c029b195a86,-4.29025,-50.78482,2026-10-03 05:16:00,NPP-375D,NOVO REPARTIMENTO,PARÁ,Brasil,1505064,15,33,,,,Amazônia,2.6
3777762a-8ff0-3d48-8f47-da91ac167882,-2.95092,-54.09363,2026-10-03 05:16:00,NPP-375D,SANTARÉM,PARÁ,Brasil,1506807,15,33,,,,Amazônia,1.9
584f2083-0d1b-3ae8-af50-3785cc2fd6c6,-7.46585,-54.99519,2026-10-03 05:16:00,NPP-375D,ALTAMIRA,PARÁ,Brasil,1500602,15,33,,,,Amazônia,1.4
b27d5d68-03a2-38a3-858b-d39f93d51bd8,-2.88684,-54.13025,2026-10-03 05:16:00,NPP-375D,SANTARÉM,PARÁ,Brasil,1506807,15,33,,,,Amazônia,1.3
03f01194-1023-3f55-aa52-ef9dc4400838,-3.22809,-54.30909,2026-10-03 05:16:00,NPP-375D,MOJUÍ DOS CAMPOS,PARÁ,Brasil,1504752,15,33,,,,Amazônia,5.2
3b7be471-5afd-3e68-a98d-e9bd51328713,-3.11276,-50.28186,2026-10-03 05:16:00,NPP-375D,PORTEL,PARÁ,Brasil,1505809,15,33,,,,Amazônia,2.0
1bc9aa43-d5f8-3d6f-8c5d-2a4b657d8f3f,-3.7157,-54.64555,2026-10-03 05:16:00,NPP-375D,PLACAS,PARÁ,Brasil,1505650,15,33,,,,Amazônia,0.3
79a279e5-1ce2-3caf-bd36-072202f78262,-5.9499,-43.65858,2026-10-03 05:16:00,NPP-375D,LAGOA DO MATO,MARANHÃO,Brasil,2105922,21,33,,,,Cerrado,20.1
ba7aabf3-5218-3277-af3c-2a167341b6bd,-1.26234,-54.56068,2026-10-03 05:16:00,NPP-375D,MONTE ALEGRE,PARÁ,Brasil,1504802,15,33,,,,Amazônia,1.4
3775a8d0-b752-3b0c-a1b8-fd797d5339cb,-3.00406,-53.87832,2026-10-03 05:16:00,NPP-375D,URUARÁ,PARÁ,Brasil,1508159,15,33,,,,Amazônia,1.2
d6925aaf-e3b3-3804-90e6-067941db2aef,-2.28951,-47.88248,2026-10-03 05:16:00,NPP-375D,AURORA DO PARÁ,PARÁ,Brasil,1500958,15,33,,,,Amazônia,1.8
8dc11c97-6d09-3ac7-bcd6-2757ab1e5c1c,-3.84739,-55.97087,2026-10-03 05:16:00,NPP-375D,AVEIRO,PARÁ,Brasil,1501006,15,33,,,,Amazônia,0.9
f78b0041-61c6-3852-aa15-bad9c0bdfd7f,-6.0693,-53.46442,2026-10-03 05:16:00,NPP-375D,ALTAMIRA,PARÁ,Brasil,1500602,15,33,,,,Amazônia,1.9
087b5096-960b-397c-a455-74e374b8e8c8,-2.8454,-53.99126,2026-10-03 05:16:00,NPP-375D,PRAINHA,PARÁ,Brasil,1506005,15,33,,,,Amazônia,0.8
4eaf1e5c-d4df-3d2f-9fd7-f345a505bb06,-3.1662,-54.08023,2026-10-03 05:16:00,NPP-375D,URUARÁ,PARÁ,Brasil,1508159,15,33,,,,Amazônia,2.6
df2e6ab3-1fcc-3b39-948b-0f85e79ef997,-4.1197,-55.01812,2026-10-03 05:16:00,NPP-375D,RURÓPOLIS,PARÁ,Brasil,1506195,15,33,,,,Amazônia,0.7
7963a3cf-79b5-3fc7-8c94-5d5a3ba41502,-3.13684,-53.74235,2026-10-03 05:16:00,NPP-375D,URUARÁ,PARÁ,Brasil,1508159,15,33,,,,Amazônia,1.5
34d7e3f5-8075-3f8b-94b3-d70f7ffabd37,-5.29905,-45.79939,2026-10-03 05:16:00,NPP-375D,ITAIPAVA DO GRAJAÚ,MARANHÃO,Brasil,2105351,21,33,,,,Cerrado,1.7
f23dfb7d-72c8-3d2a-8cf5-56de6847aeb7,-2.57012,-54.74207,2026-10-03 05:16:00,NPP-375D,SANTARÉM,PARÁ,Brasil,1506807,15,33,,,,Amazônia,2.5
69f112c5-8557-3f67-b526-4efe5a4b5bd3,-4.05871,-51.11713,2026-10-03 05:16:00,NPP-375D,PACAJÁ,PARÁ,Brasil,1505486,15,33,,,,Amazônia,1.1
fd11177f-c01c-36af-833d-ccf38076332a,-2.92197,-54.14648,2026-10-03 05:16:00,NPP-375D,SANTARÉM,PARÁ,Brasil,1506807,15,33,,,,Amazônia,1.6
fdde8f5b-f778-33a6-868a-69407e3efc65,-3.04214,-53.877,2026-10-03 05:16:00,NPP-375D,URUARÁ,PARÁ,Brasil,1508159,15,33,,,,Amazônia,0.7
f87dc981-29a7-3515-938c-34da5e1d1ff9,-2.88629,-54.13375,2026-10-03 05:16:00,NPP-375D,SANTARÉM,PARÁ,Brasil,1506807,15,33,,,,Amazônia,1.3
29ccaa59-1c0a-3b85-a643-ce056b2d1623,-2.98113,-53.26408,2026-10-03 05:16:00,NPP-375D,MEDICILÂNDIA,PARÁ,Brasil,1504455,15,33,,,,Amazônia,1.0
f8da283b-a96e-310a-8be9-cd2a75343e9a,-2.87214,-50.32224,2026-10-03 05:16:00,NPP-375D,PORTEL,PARÁ,Brasil,1505809,15,33,,,,Amazônia,1.3
9e769d11-392c-37f3-a8f5-840386c35d3e,-6.02304,-57.6949,2026-10-03 05:16:00,NPP-375D,JACAREACANGA,PARÁ,Brasil,1503754,15,33,,,,Amazônia,1.6
551855fb-7cca-3e6e-9c1f-27d42000a340,-3.10575,-50.30155,2026-10-03 05:16:00,NPP-375D,PORTEL,PARÁ,Brasil,1505809,15,33,,,,Amazônia,1.4
e64cd0f6-2c89-39a0-a0a4-3c76f99f7238,-3.12446,-53.73312,2026-10-03 05:16:00,NPP-375D,URUARÁ,PARÁ,Brasil,1508159,15,33,,,,Amazônia,9.1
92549474-8e69-389f-a86c-6e62950965b6,-3.26513,-49.51951,2026-10-03 05:16:00,NPP-375D,MOJU,PARÁ,Brasil,1504703,15,33,,,,Amazônia,1.7
11fbc6b3-a235-3713-b267-93e2a9ee96c5,-7.46832,-54.98799,2026-10-03 05:16:00,NPP-375D,ALTAMIRA,PARÁ,Brasil,1500602,15,33,,,,Amazônia,0.8
e3109aa9-ddf1-3338-80d6-ba4e4c8d5457,-3.30008,-50.31822,2026-10-03 05:16:00,NPP-375D,PORTEL,PARÁ,Brasil,1505809,15,33,,,,Amazônia,1.7
e7be3a8b-0874-337a-b7aa-398ea9352b3f,-4.60774,-46.78467,2026-10-03 05:16:00,NPP-375D,BOM JESUS DAS SELVAS,MARANHÃO,Brasil,2102036,21,33,,,,Amazônia,0.4
02da2685-9548-33a0-bafa-8ca1b18c6236,-2.02019,-54.30814,2026-10-03 05:16:00,NPP-375D,MONTE ALEGRE,PARÁ,Brasil,1504802,15,33,,,,Amazônia,1.0
97d30737-deae-3ff8-86d3-d6e7574c4a05,-4.45874,-47.92944,2026-10-03 05:16:00,NPP-375D,DOM ELISEU,PARÁ,Brasil,1502939,15,33,,,,Amazônia,3.5
e22292b2-3c57-30e0-bc64-c9489f4548f5,-2.5454,-57.40219,2026-10-03 05:16:00,NPP-375D,URUCURITUBA,AMAZONAS,Brasil,1304401,13,33,,,,Amazônia,1.5
51944aed-4128-3b65-9d13-11016a5578a3,-3.10726,-50.29144,2026-10-03 05:16:00,NPP-375D,PORTEL,PARÁ,Brasil,1505809,15,33,,,,Amazônia,1.0
5ae43f69-555d-3ca6-a215-65312f8a4113,-1.26566,-54.5612,2026-10-03 05:16:00,NPP-375D,MONTE ALEGRE,PARÁ,Brasil,1504802,15,33,,,,Amazônia,1.6
987294c5-3412-3a3d-b9af-054f9a1509fa,-3.58847,-54.52959,2026-10-03 05:16:00,NPP-375D,PLACAS,PARÁ,Brasil,1505650,15,33,,,,Amazônia,2.9
a756c0a6-2fdc-308e-ae4c-5de803c2dad4,-3.28869,-53.83937,2026-10-03 05:16:00,NPP-375D,URUARÁ,PARÁ,Brasil,1508159,15,33,,,,Amazônia,1.3
8406d131-4e74-34a4-878a-99661ff1be52,-4.25951,-50.74991,2026-10-03 05:16:00,NPP-375D,NOVO REPARTIMENTO,PARÁ,Brasil,1505064,15,33,,,,Amazônia,2.1
1fcfa0c1-b38a-3694-96d7-ec3d2c0b8bc9,-2.89184,-54.12028,2026-10-03 05:16:00,NPP-375D,SANTARÉM,PARÁ,Brasil,1506807,15,33,,,,Amazônia,2.7
8ce92a81-c988-31e2-af13-bd711df91987,-4.40162,-49.9723,2026-10-03 05:16:00,NPP-375D,NOVO REPARTIMENTO,PARÁ,Brasil,1505064,15,33,,,,Amazônia,0.5
012c4ace-a9a5-35f6-bbe0-9955aebad8d7,-3.61485,-55.51275,2026-10-03 05:16:00,NPP-375D,AVEIRO,PARÁ,Brasil,1501006,15,33,,,,Amazônia,0.7
d03b54a5-9f4b-31b9-ba2f-67b61651e66a,-5.89522,-55.49028,2026-10-03 05:16:00,NPP-375D,ITAITUBA,PARÁ,Brasil,1503606,15,33,,,,Amazônia,1.3
d9981421-b08e-334b-bcca-5903ecdd7f1e,-3.13572,-53.74948,2026-10-03 05:16:00,NPP-375D,URUARÁ,PARÁ,Brasil,1508159,15,33,,,,Amazônia,1.2
50bc006e-c0bf-3669-8165-2562a804c174,-5.73794,-45.14044,2026-10-03 05:16:00,NPP-375D,BARRA DO CORDA,MARANHÃO,Brasil,2101608,21,33,,,,Cerrado,2.0
e94c822e-95da-3c7d-8749-ee8b03733114,-4.0624,-51.09353,2026-10-03 05:16:00,NPP-375D,PACAJÁ,PARÁ,Brasil,1505486,15,33,,,,Amazônia,2.2
02ea5e42-f357-3f05-b7d3-356ef37e9eac,-4.12025,-55.01466,2026-10-03 05:16:00,NPP-375D,RURÓPOLIS,PARÁ,Brasil,1506195,15,33,,,,Amazônia,0.7
3427be0a-e8bc-33ac-aff1-516c7edc69eb,-3.70358,-55.4699,2026-10-03 05:16:00,NPP-375D,AVEIRO,PARÁ,Brasil,1501006,15,33,,,,Amazônia,1.2
a1f267dc-a55e-34ad-aec1-4a2b975e1c78,-6.06523,-53.46769,2026-10-03 05:16:00,NPP-375D,ALTAMIRA,PARÁ,Brasil,1500602,15,33,,,,Amazônia,1.9
b0dc4937-5274-3e56-bb41-d2d327af6d84,-4.78471,-55.70877,2026-10-03 05:16:00,NPP-375D,TRAIRÃO,PARÁ,Brasil,1508050,15,33,,,,Amazônia,1.5
b5f2b337-38b8-3859-a8d7-8fd3baeaf06a,-5.95202,-43.64317,2026-10-03 05:16:00,NPP-375D,LAGOA DO MATO,MARANHÃO,Brasil,2105922,21,33,,,,Cerrado,7.3
0ad56cd1-bc50-3fdd-a2a7-310cca6e35b2,-5.61936,-44.38226,2026-10-03 05:16:00,NPP-375D,SÃO DOMINGOS DO MARANHÃO,MARANHÃO,Brasil,2110708,21,33,,,,Cerrado,4.0
78e38462-653e-38b0-9cdf-c1a817685ac8,-2.93983,-54.18507,2026-10-03 05:16:00,NPP-375D,SANTARÉM,PARÁ,Brasil,1506807,15,33,,,,Amazônia,0.8
9d83f753-ffc3-3ba8-99d9-721ece16335f,-5.89134,-55.49323,2026-10-03 05:16:00,NPP-375D,ITAITUBA,PARÁ,Brasil,1503606,15,33,,,,Amazônia,0.9
b05fd403-d7ff-36bf-8515-6a59983d03ba,-3.2915,-53.84344,2026-10-03 05:16:00,NPP-375D,URUARÁ,PARÁ,Brasil,1508159,15,33,,,,Amazônia,1.3
71bb9b5e-ea63-343b-a3b9-a22975fbe4c1,-3.27639,-54.00423,2026-10-03 05:16:00,NPP-375D,URUARÁ,PARÁ,Brasil,1508159,15,33,,,,Amazônia,0.9
092de478-8780-3a7a-b4ca-d5a65744f60d,-3.2416,-54.51768,2026-10-03 05:16:00,NPP-375D,MOJUÍ DOS CAMPOS,PARÁ,Brasil,1504752,15,33,,,,Amazônia,0.8
35cf0329-f97f-36d1-810d-4c29424f7981,-2.90801,-54.12639,2026-10-03 05:16:00,NPP-375D,SANTARÉM,PARÁ,Brasil,1506807,15,33,,,,Amazônia,2.3
cd19af06-c094-3e3a-9d89-22d57154315d,-3.17067,-54.09534,2026-10-03 05:16:00,NPP-375D,URUARÁ,PARÁ,Brasil,1508159,15,33,,,,Amazônia,1.3
d17127ce-f3be-3643-b5a7-f4d7002298dd,-3.28925,-53.85764,2026-10-03 05:16:00,NPP-375D,URUARÁ,PARÁ,Brasil,1508159,15,33,,,,Amazônia,0.4
352593df-9edb-316c-a6ce-7f3e3b43a41f,-4.431,-54.85021,2026-10-03 05:16:00,NPP-375D,RURÓPOLIS,PARÁ,Brasil,1506195,15,33,,,,Amazônia,0.7
5f27f4f3-57c1-357f-986c-15d7ed5c7b67,-2.96076,-51.51163,2026-10-03 05:16:00,NPP-375D,ANAPU,PARÁ,Brasil,1500859,15,33,,,,Amazônia,1.6
3a14b5b3-7f1a-3706-875c-33c3c59d662b,-3.12108,-53.73259,2026-10-03 05:16:00,NPP-375D,URUARÁ,PARÁ,Brasil,1508159,15,33,,,,Amazônia,9.1
075565af-f4a1-3f45-afe1-17dc7a53c6c8,-2.88623,-54.0907,2026-10-03 05:16:00,NPP-375D,PRAINHA,PARÁ,Brasil,1506005,15,33,,,,Amazônia,0.8
a39f4a80-9277-3929-9338-42f868ae4614,-3.1256,-53.7479,2026-10-03 05:16:00,NPP-375D,URUARÁ,PARÁ,Brasil,1508159,15,33,,,,Amazônia,3.1
1c3859c3-2da0-3c59-b3c0-10dad44617b2,-3.2814,-53.84185,2026-10-03 05:16:00,NPP-375D,URUARÁ,PARÁ,Brasil,1508159,15,33,,,,Amazônia,1.8
513d60bd-defe-35f1-abfe-92fad6e1d225,-3.16955,-54.08076,2026-10-03 05:16:00,NPP-375D,URUARÁ,PARÁ,Brasil,1508159,15,33,,,,Amazônia,1.6
85b5e710-a158-304c-a013-af7009d666aa,-3.17011,-54.07724,2026-10-03 05:16:00,NPP-375D,URUARÁ,PARÁ,Brasil,1508159,15,33,,,,Amazônia,1.5
b752ee5d-bb6c-36db-afb8-0e594c7c4ad7,-6.45488,-55.48277,2026-10-03 05:16:00,NPP-375D,ITAITUBA,PARÁ,Brasil,1503606,15,33,,,,Amazônia,1.4
c1ff0706-bfc6-397b-b7bc-c20862d6937a,-3.28588,-53.83529,2026-10-03 05:16:00,NPP-375D,URUARÁ,PARÁ,Brasil,1508159,15,33,,,,Amazônia,4.2
b5f495be-25e5-3055-813f-b281fb787706,-5.72527,-43.28663,2026-10-03 05:16:00,NPP-375D,PARNARAMA,MARANHÃO,Brasil,2107803,21,33,,,,Cerrado,2.9
28291f5c-7be2-3a61-a217-9c2f5383479d,-2.96589,-54.09953,2026-10-03 05:16:00,NPP-375D,SANTARÉM,PARÁ,Brasil,1506807,15,33,,,,Amazônia,2.3
03be5354-35e8-317b-b4ee-eaf6916ea205,-6.21452,-60.02727,2026-10-03 05:16:00,NPP-375D,NOVO ARIPUANÃ,AMAZONAS,Brasil,1303304,13,33,,,,Amazônia,0.9
5cebfdf7-45cc-3946-83af-667573e70ea9,-4.79248,-55.72424,2026-10-03 05:16:00,NPP-375D,TRAIRÃO,PARÁ,Brasil,1508050,15,33,,,,Amazônia,3.1
5d9aea0f-2575-30a7-a68a-6a23a2bc22fd,-5.3442,-50.09054,2026-10-03 05:16:00,NPP-375D,ITUPIRANGA,PARÁ,Brasil,1503705,15,33,,,,Amazônia,1.0
bb9a2541-f1f7-3cb6-8b3b-85696cebc61b,-2.88957,-54.09122,2026-10-03 05:16:00,NPP-375D,URUARÁ,PARÁ,Brasil,1508159,15,33,,,,Amazônia,0.9
5467c47b-33ab-3a60-ba29-b3958d14cea3,-6.22007,-53.262,2026-10-03 05:16:00,NPP-375D,SÃO FÉLIX DO XINGU,PARÁ,Brasil,1507300,15,33,,,,Amazônia,2.1
4f9eaf32-4049-3321-aeaf-62fec35e5e02,-2.8885,-54.11976,2026-10-03 05:16:00,NPP-375D,SANTARÉM,PARÁ,Brasil,1506807,15,33,,,,Amazônia,4.4
67e08baa-016d-30c1-b98e-ef4d05c11a2e,-5.9456,-43.64209,2026-10-03 05:16:00,NPP-375D,LAGOA DO MATO,MARANHÃO,Brasil,2105922,21,33,,,,Cerrado,10.3
38bad52c-f41f-3c59-9dfb-6de6cde9a19e,-5.89745,-55.49775,2026-10-03 05:16:00,NPP-375D,ITAITUBA,PARÁ,Brasil,1503606,15,33,,,,Amazônia,0.6
7d2474e4-6279-3426-b265-32b69f3d09bf,-2.89356,-54.15279,2026-10-03 05:16:00,NPP-375D,SANTARÉM,PARÁ,Brasil,1506807,15,33,,,,Amazônia,1.2
7f6c5bcd-e211-3628-8448-9bfd0bc9a737,-6.50234,-41.74153,2026-10-03 05:16:00,NPP-375D,VALENÇA DO PIAUÍ,PIAUÍ,Brasil,2211308,22,33,,,,Caatinga,5.4
aa192eae-fd49-3e5a-9fd5-b64ba255e00e,-2.98455,-53.26459,2026-10-03 05:16:00,NPP-375D,MEDICILÂNDIA,PARÁ,Brasil,1504455,15,33,,,,Amazônia,0.5
263c0c65-461d-3f70-b9ad-5a933ea03a2c,-3.17759,-54.08609,2026-10-03 05:16:00,NPP-375D,URUARÁ,PARÁ,Brasil,1508159,15,33,,,,Amazônia,2.3
6607f7c8-331c-33e0-8eb1-2ee630b0f4f2,-2.90127,-54.08228,2026-10-03 05:16:00,NPP-375D,URUARÁ,PARÁ,Brasil,1508159,15,33,,,,Amazônia,1.5
8f5d8eab-d1e5-3a68-8250-69bd9f9c9404,-3.29486,-53.84397,2026-10-03 05:16:00,NPP-375D,URUARÁ,PARÁ,Brasil,1508159,15,33,,,,Amazônia,1.3
4fc51d66-9bd5-3995-90a6-4085d0dd3127,-2.25211,-51.92683,2026-10-03 05:16:00,NPP-375D,PORTEL,PARÁ,Brasil,1505809,15,33,,,,Amazônia,0.8
392dc723-b825-35f0-9326-f478dc8214c1,-3.61207,-55.50876,2026-10-03 05:16:00,NPP-375D,AVEIRO,PARÁ,Brasil,1501006,15,33,,,,Amazônia,0.7
47b073d8-309a-3838-88e4-f03ed68766f3,-3.0427,-53.87347,2026-10-03 05:16:00,NPP-375D,URUARÁ,PARÁ,Brasil,1508159,15,33,,,,Amazônia,0.7
5f705375-4de4-3924-ad55-db165ace6fc4,-6.02215,-53.53918,2026-10-03 05:16:00,NPP-375D,ALTAMIRA,PARÁ,Brasil,1500602,15,33,,,,Amazônia,2.0
fd32d36f-6da5-372c-aa80-135e34d6a68a,-2.97772,-53.26357,2026-10-03 05:16:00,NPP-375D,MEDICILÂNDIA,PARÁ,Brasil,1504455,15,33,,,,Amazônia,1.0
32a6751d-45ee-3c4d-9c24-ceac3fdccefb,-6.06463,-53.47152,2026-10-03 05:16:00,NPP-375D,ALTAMIRA,PARÁ,Brasil,1500602,15,33,,,,Amazônia,3.2
8fb934f5-c832-3d97-bdfb-c2b96b17891f,-3.10803,-50.28634,2026-10-03 05:16:00,NPP-375D,PORTEL,PARÁ,Brasil,1505809,15,33,,,,Amazônia,1.0
5fb39c6d-5b4d-3c40-b067-28377dc9da5b,-3.00742,-53.87885,2026-10-03 05:16:00,NPP-375D,URUARÁ,PARÁ,Brasil,1508159,15,33,,,,Amazônia,1.2
77ffe7ff-5bb6-325f-8ed5-e0a093b82620,-3.1051,-50.28947,2026-10-03 05:16:00,NPP-375D,PORTEL,PARÁ,Brasil,1505809,15,33,,,,Amazônia,1.3
eb6bcddf-9351-3179-94e1-b5fe12d62e4c,-2.92304,-54.09645,2026-10-03 05:16:00,NPP-375D,URUARÁ,PARÁ,Brasil,1508159,15,33,,,,Amazônia,2.3
70d4791a-d2e0-3638-ae8f-438db4602a57,-5.96264,-55.34445,2026-10-03 05:16:00,NPP-375D,ITAITUBA,PARÁ,Brasil,1503606,15,33,,,,Amazônia,2.3
943deea2-5b44-35b2-8c0e-91c2fcbd45a2,-2.85603,-51.2855,2026-10-03 05:16:00,NPP-375D,PORTEL,PARÁ,Brasil,1505809,15,33,,,,Amazônia,1.2
fe09e493-dd44-3255-98a6-c25e11af9da4,-6.25063,-52.68695,2026-10-03 05:16:00,NPP-375D,SÃO FÉLIX DO XINGU,PARÁ,Brasil,1507300,15,33,,,,Amazônia,2.7
49d31f4b-8083-35ec-adca-fe6224005f13,-2.17182,-49.76384,2026-10-03 05:16:00,NPP-375D,CAMETÁ,PARÁ,Brasil,1502103,15,33,,,,Amazônia,1.3
fac9204b-e884-37e8-a554-0307b27ad58b,-2.85283,-51.28736,2026-10-03 05:16:00,NPP-375D,PORTEL,PARÁ,Brasil,1505809,15,33,,,,Amazônia,1.3
b37e7032-cd27-3fd5-9eba-7da6bf208263,-2.8874,-54.12675,2026-10-03 05:16:00,NPP-375D,SANTARÉM,PARÁ,Brasil,1506807,15,33,,,,Amazônia,1.0
e2d9179e-cd41-30ac-bc78-6106a65ca2a7,-5.64033,-44.36645,2026-10-03 05:16:00,NPP-375D,SÃO DOMINGOS DO MARANHÃO,MARANHÃO,Brasil,2110708,21,33,,,,Cerrado,1.7
8bca640c-ba77-3705-8608-ff8e276b7b19,-1.77084,-55.02661,2026-10-03 05:16:00,NPP-375D,ALENQUER,PARÁ,Brasil,1500404,15,33,,,,Amazônia,1.3
dfbe2fd7-cc24-3ece-9b8a-16e65e13e9bc,-3.18879,-54.1022,2026-10-03 05:16:00,NPP-375D,URUARÁ,PARÁ,Brasil,1508159,15,33,,,,Amazônia,1.8
14d8e4b1-8e44-3802-86ca-8fe3e249a510,-5.97542,-55.3714,2026-10-03 05:16:00,NPP-375D,ITAITUBA,PARÁ,Brasil,1503606,15,33,,,,Amazônia,1.2
90fa4a06-0150-372d-aec7-8da0649f0598,-3.17259,-54.09612,2026-10-03 05:16:00,NPP-375D,URUARÁ,PARÁ,Brasil,1508159,15,33,,,,Amazônia,0.7
591b39e7-9ac6-3bdd-8e3e-42f8c6a836d2,-2.89467,-54.1458,2026-10-03 05:16:00,NPP-375D,SANTARÉM,PARÁ,Brasil,1506807,15,33,,,,Amazônia,0.9
a104abee-535b-335e-ac82-60804c889db6,-2.23065,-51.92348,2026-10-03 05:16:00,NPP-375D,PORTEL,PARÁ,Brasil,1505809,15,33,,,,Amazônia,1.3
acd7975b-2ed9-3dd6-901e-72006be8ab74,-3.11997,-53.73972,2026-10-03 05:16:00,NPP-375D,URUARÁ,PARÁ,Brasil,1508159,15,33,,,,Amazônia,12.3
af7801e3-ae2a-3f26-9869-9f57faada3f4,-2.85655,-51.28794,2026-10-03 05:16:00,NPP-375D,PORTEL,PARÁ,Brasil,1505809,15,33,,,,Amazônia,0.9
d9858531-7ae2-3634-8574-dc7b6e0415f4,-3.07759,-51.27467,2026-10-03 05:16:00,NPP-375D,ANAPU,PARÁ,Brasil,1500859,15,33,,,,Amazônia,2.5
b9821fb8-701d-305e-ada7-571c2ba42b6f,-4.2666,-50.75603,2026-10-03 05:16:00,NPP-375D,NOVO REPARTIMENTO,PARÁ,Brasil,1505064,15,33,,,,Amazônia,3.4
1ecc019b-664a-3bd4-b2d9-98985966cdc8,-4.41285,-55.75301,2026-10-03 05:16:00,NPP-375D,ITAITUBA,PARÁ,Brasil,1503606,15,33,,,,Amazônia,1.6
f3eee847-1083-3fbd-bc8a-156a913de888,-2.89627,-54.09226,2026-10-03 05:16:00,NPP-375D,URUARÁ,PARÁ,Brasil,1508159,15,33,,,,Amazônia,1.3
d0e5d1a9-814c-3d46-a0e3-c60ec891be03,-3.12393,-53.75859,2026-10-03 05:16:00,NPP-375D,URUARÁ,PARÁ,Brasil,1508159,15,33,,,,Amazônia,2.5
dadffa84-9239-34e9-a123-e1121e1660c3,-3.01078,-53.87937,2026-10-03 05:16:00,NPP-375D,URUARÁ,PARÁ,Brasil,1508159,15,33,,,,Amazônia,1.8
0986bbce-1fb2-3353-abb8-db8b204e53ba,-3.11959,-53.73638,2026-10-03 05:16:00,NPP-375D,URUARÁ,PARÁ,Brasil,1508159,15,33,,,,Amazônia,7.0
b7261b06-51b5-3b41-aadb-74e851fc38d9,-3.32055,-54.16917,2026-10-03 05:16:00,NPP-375D,URUARÁ,PARÁ,Brasil,1508159,15,33,,,,Amazônia,1.1
2e4ba423-d2a3-3469-9751-3b563b59f11b,-2.33877,-57.98416,2026-10-03 05:16:00,NPP-375D,SÃO SEBASTIÃO DO UATUMÃ,AMAZONAS,Brasil,1303957,13,33,,,,Amazônia,0.7
95f64bd5-abec-3011-9205-15964e7792d5,-2.94156,-54.18891,2026-10-03 05:16:00,NPP-375D,SANTARÉM,PARÁ,Brasil,1506807,15,33,,,,Amazônia,1.0
53da2ce2-1e92-3bc8-b47e-5211f0d9ee98,-2.88135,-51.0281,2026-10-03 05:16:00,NPP-375D,PORTEL,PARÁ,Brasil,1505809,15,33,,,,Amazônia,2.0
6f919c0d-3547-3ee3-9aaa-86307a4892cb,-4.26567,-50.7357,2026-10-03 05:16:00,NPP-375D,NOVO REPARTIMENTO,PARÁ,Brasil,1505064,15,33,,,,Amazônia,3.5
e86ce2f3-9920-3358-849a-365a87452d76,-4.90793,-45.70902,2026-10-03 05:16:00,NPP-375D,ARAME,MARANHÃO,Brasil,2100956,21,33,,,,Amazônia,1.1
e3f84191-f3a0-3e2d-ad41-70e89ab3804d,-5.60095,-44.90593,2026-10-03 05:16:00,NPP-375D,TUNTUM,MARANHÃO,Brasil,2112308,21,33,,,,Cerrado,2.0
88df8442-6727-3aac-b011-d738f82f3129,-1.22283,-54.53701,2026-10-03 05:16:00,NPP-375D,MONTE ALEGRE,PARÁ,Brasil,1504802,15,33,,,,Amazônia,2.7
ebf4a402-baa7-331c-ab19-175d10cc98b3,-3.12505,-53.75146,2026-10-03 05:16:00,NPP-375D,URUARÁ,PARÁ,Brasil,1508159,15,33,,,,Amazônia,3.1
a77cd85d-4cc9-3275-ab77-d8faa6cc2408,-3.11384,-50.28559,2026-10-03 05:16:00,NPP-375D,PORTEL,PARÁ,Brasil,1505809,15,33,,,,Amazônia,1.9
8f6d4270-87e5-3d65-8930-5cee06374095,-3.28589,-53.85711,2026-10-03 05:16:00,NPP-375D,URUARÁ,PARÁ,Brasil,1508159,15,33,,,,Amazônia,0.4
a69bbb33-8499-3de3-ac53-5660695ac7c7,-5.85475,-53.47598,2026-10-03 05:16:00,NPP-375D,ALTAMIRA,PARÁ,Brasil,1500602,15,33,,,,Amazônia,2.9
40f67b8f-f6b1-3c87-8236-b8092c2926b3,-5.25889,-55.92252,2026-10-03 05:16:00,NPP-375D,TRAIRÃO,PARÁ,Brasil,1508050,15,33,,,,Amazônia,1.2
445e4cfd-3b2f-39c2-857b-c62155f49557,-3.21368,-53.94364,2026-10-03 05:16:00,NPP-375D,URUARÁ,PARÁ,Brasil,1508159,15,33,,,,Amazônia,6.7
ada52dd5-41b9-33c0-81d7-bb5b73e113c0,-4.11359,-55.01361,2026-10-03 05:16:00,NPP-375D,RURÓPOLIS,PARÁ,Brasil,1506195,15,33,,,,Amazônia,0.6
0fa6dca8-5fbb-320e-80a2-3d0c3be5cd20,-7.46721,-54.9951,2026-10-03 05:16:00,NPP-375D,ALTAMIRA,PARÁ,Brasil,1500602,15,33,,,,Amazônia,1.0
e8b21e4d-7e21-3cfd-bc60-051ae7145f9b,-5.25945,-55.91904,2026-10-03 05:16:00,NPP-375D,TRAIRÃO,PARÁ,Brasil,1508050,15,33,,,,Amazônia,1.2
9f4dec7f-349e-3fa6-9e42-4ae2ac8c9288,-3.89415,-56.0326,2026-10-03 05:16:00,NPP-375D,ITAITUBA,PARÁ,Brasil,1503606,15,33,,,,Amazônia,0.6
6550b143-e796-3c40-8e04-d58de8a24aa1,-4.42926,-55.75212,2026-10-03 05:16:00,NPP-375D,ITAITUBA,PARÁ,Brasil,1503606,15,33,,,,Amazônia,1.7
1afff832-8aef-33a6-9ca4-d1e47919ac7e,-5.85131,-53.47533,2026-10-03 05:16:00,NPP-375D,ALTAMIRA,PARÁ,Brasil,1500602,15,33,,,,Amazônia,3.0
9b991fdd-171c-3eff-a8b8-a910b589c71f,-4.44923,-47.92801,2026-10-03 05:16:00,NPP-375D,DOM ELISEU,PARÁ,Brasil,1502939,15,33,,,,Amazônia,6.3
0a9e446f-fd56-38a5-bf98-d6cbcd652acc,-3.02943,-48.41579,2026-10-03 05:16:00,NPP-375D,TOMÉ-AÇU,PARÁ,Brasil,1508001,15,33,,,,Amazônia,0.9
5f65adf2-4ac7-373f-a590-fa160dffabfd,-3.11941,-53.74329,2026-10-03 05:16:00,NPP-375D,URUARÁ,PARÁ,Brasil,1508159,15,33,,,,Amazônia,12.3
5cb279b8-1d8f-3c7f-9e07-ca3180ef8a05,-2.87178,-54.11714,2026-10-03 05:16:00,NPP-375D,SANTARÉM,PARÁ,Brasil,1506807,15,33,,,,Amazônia,1.0
c0186eb3-e87d-35b1-8c01-663f0b396c7c,-3.14077,-53.73931,2026-10-03 05:16:00,NPP-375D,URUARÁ,PARÁ,Brasil,1508159,15,33,,,,Amazônia,1.8
2fc4f907-3ef1-3e65-9dcb-db5825c3294d,-1.99473,-49.65013,2026-10-03 05:16:00,NPP-375D,LIMOEIRO DO AJURU,PARÁ,Brasil,1504000,15,33,,,,Amazônia,0.8
6740aaf8-14ca-39a5-8ae5-0054581bb323,-5.85592,-53.46848,2026-10-03 05:16:00,NPP-375D,ALTAMIRA,PARÁ,Brasil,1500602,15,33,,,,Amazônia,2.9
6f055f77-bbfa-31ba-bf9a-eafdec692305,-2.97123,-53.26328,2026-10-03 05:16:00,NPP-375D,MEDICILÂNDIA,PARÁ,Brasil,1504455,15,33,,,,Amazônia,3.1
4127c17f-3678-3a76-b85a-c3356b5b079f,-2.90407,-54.0863,2026-10-03 05:16:00,NPP-375D,URUARÁ,PARÁ,Brasil,1508159,15,33,,,,Amazônia,2.5
078976a1-6ef2-305b-8160-39bff406d3db,-2.93586,-54.10204,2026-10-03 05:16:00,NPP-375D,SANTARÉM,PARÁ,Brasil,1506807,15,33,,,,Amazônia,0.8
6ebd4785-07a4-3175-9af6-ec953de10a16,-5.29853,-45.80293,2026-10-03 05:16:00,NPP-375D,ITAIPAVA DO GRAJAÚ,MARANHÃO,Brasil,2105351,21,33,,,,Cerrado,1.7
83841c94-abcf-3039-8a67-feffe1b673a4,-3.16341,-54.07619,2026-10-03 05:16:00,NPP-375D,URUARÁ,PARÁ,Brasil,1508159,15,33,,,,Amazônia,0.9
3e9f41e4-9110-3256-a8bb-f5491dd3fcad,-3.10748,-50.30018,2026-10-03 05:16:00,NPP-375D,PORTEL,PARÁ,Brasil,1505809,15,33,,,,Amazônia,1.3
0616555f-5dec-3718-8dcb-37079f934d40,-4.45423,-47.92749,2026-10-03 05:16:00,NPP-375D,DOM ELISEU,PARÁ,Brasil,1502939,15,33,,,,Amazônia,9.1
269d1cc5-e661-364b-80ed-50e60c337b48,-3.112,-50.28694,2026-10-03 05:16:00,NPP-375D,PORTEL,PARÁ,Brasil,1505809,15,33,,,,Amazônia,1.0
aba42201-c25f-3f7c-a379-5dcd1b38afc5,-1.7383,-57.17295,2026-10-03 05:16:00,NPP-375D,NHAMUNDÁ,AMAZONAS,Brasil,1303007,13,33,,,,Amazônia,5.3
703432c3-1aa7-3166-bb57-4b24e66221dd,-5.97764,-55.37888,2026-10-03 05:16:00,NPP-375D,ITAITUBA,PARÁ,Brasil,1503606,15,33,,,,Amazônia,0.7
6194e0d8-b866-3234-bd82-77cc45413dbb,-4.98636,-45.64038,2026-10-03 05:16:00,NPP-375D,ARAME,MARANHÃO,Brasil,2100956,21,33,,,,Amazônia,1.0
dd5a0946-cabe-38f5-8b60-047ec899bd7e,-2.97258,-54.10058,2026-10-03 05:16:00,NPP-375D,SANTARÉM,PARÁ,Brasil,1506807,15,33,,,,Amazônia,1.8
76ea45a5-d14a-3c80-a37d-91716fb3d938,-2.73562,-49.46131,2026-10-03 05:16:00,NPP-375D,MOJU,PARÁ,Brasil,1504703,15,33,,,,Amazônia,0.6
5a0ec069-af94-356b-a0a0-d3885ecc058b,-1.76364,-55.02903,2026-10-03 05:16:00,NPP-375D,ALENQUER,PARÁ,Brasil,1500404,15,33,,,,Amazônia,0.7
d8bd2521-dfd0-3b03-9a1b-c05c9f5ad699,-2.88063,-51.03267,2026-10-03 05:16:00,NPP-375D,PORTEL,PARÁ,Brasil,1505809,15,33,,,,Amazônia,1.4
e3e1d2db-9939-36c4-a010-caed34eead72,-1.14965,-54.18547,2026-10-03 05:16:00,NPP-375D,MONTE ALEGRE,PARÁ,Brasil,1504802,15,33,,,,Amazônia,0.8
c2b3ef4c-3e27-3d6c-896c-5d040858e8b0,-4.90844,-45.70546,2026-10-03 05:16:00,NPP-375D,ARAME,MARANHÃO,Brasil,2100956,21,33,,,,Amazônia,0.8
882dbbf9-8424-3d67-b7b1-1760ddfa2815,-3.12223,-53.74737,2026-10-03 05:16:00,NPP-375D,URUARÁ,PARÁ,Brasil,1508159,15,33,,,,Amazônia,3.5
421658f5-f131-39f3-ba9c-7f7e25163480,-1.64351,-55.14503,2026-10-03 05:16:00,NPP-375D,CURUÁ,PARÁ,Brasil,1502855,15,33,,,,Amazônia,1.2
4075fbbd-7c16-342b-9db2-077de781c336,-5.74381,-45.14119,2026-10-03 05:16:00,NPP-375D,BARRA DO CORDA,MARANHÃO,Brasil,2101608,21,33,,,,Cerrado,1.7
47e5453a-5d54-39a2-bbe6-8996785d9f27,-3.00486,-54.75346,2026-10-03 05:16:00,NPP-375D,MOJUÍ DOS CAMPOS,PARÁ,Brasil,1504752,15,33,,,,Amazônia,0.6
da1fba35-a4b5-382b-8469-513ef8aa3ce8,-2.64682,-54.23592,2026-10-03 05:16:00,NPP-375D,SANTARÉM,PARÁ,Brasil,1506807,15,33,,,,Amazônia,0.8
d20563fd-c950-30b8-a561-70c2b12716c3,-2.91131,-54.08384,2026-10-03 05:16:00,NPP-375D,URUARÁ,PARÁ,Brasil,1508159,15,33,,,,Amazônia,1.9
844db112-3453-3c7e-9a54-06456745dd42,-3.85011,-55.80287,2026-10-03 05:16:00,NPP-375D,AVEIRO,PARÁ,Brasil,1501006,15,33,,,,Amazônia,1.2
86d52d54-c785-361d-975c-36424e7b1479,-2.96644,-54.09603,2026-10-03 05:16:00,NPP-375D,SANTARÉM,PARÁ,Brasil,1506807,15,33,,,,Amazônia,1.6
b5cc1d5b-a10a-3e73-8e66-b87d14dc867d,-3.28645,-53.85357,2026-10-03 05:16:00,NPP-375D,URUARÁ,PARÁ,Brasil,1508159,15,33,,,,Amazônia,0.4
f88195b9-4f04-3108-9d06-c926d940edc5,-2.95864,-54.10199,2026-10-03 05:16:00,NPP-375D,SANTARÉM,PARÁ,Brasil,1506807,15,33,,,,Amazônia,0.8
669c9024-83c3-3755-a71a-854d2bf6ede2,-1.26011,-54.55326,2026-10-03 05:16:00,NPP-375D,MONTE ALEGRE,PARÁ,Brasil,1504802,15,33,,,,Amazônia,0.8
a42dc361-ced5-3482-9f46-92f6eeaa7d33,-7.46361,-54.98756,2026-10-03 05:16:00,NPP-375D,ALTAMIRA,PARÁ,Brasil,1500602,15,33,,,,Amazônia,1.0
38489810-9f04-3c5b-965b-6ea0c4ce57a8,-4.41512,-49.9668,2026-10-03 05:16:00,NPP-375D,NOVO REPARTIMENTO,PARÁ,Brasil,1505064,15,33,,,,Amazônia,0.7
872cb7fc-be69-3f8b-ac7e-1b801d9376c7,-2.32414,-60.06514,2026-10-03 05:16:00,NPP-375D,MANAUS,AMAZONAS,Brasil,1302603,13,33,,,,Amazônia,0.9
38a5b0d5-ff9b-3d50-8d63-290c77cdb044,-3.01919,-53.89156,2026-10-03 05:16:00,NPP-375D,URUARÁ,PARÁ,Brasil,1508159,15,33,,,,Amazônia,2.4
3a738d75-7448-36cf-8800-577f052fae85,-1.2195,-54.53648,2026-10-03 05:16:00,NPP-375D,MONTE ALEGRE,PARÁ,Brasil,1504802,15,33,,,,Amazônia,5.5
99101f7e-e8e1-3c43-bf79-3e305a3d2ecb,-6.06582,-53.46388,2026-10-03 05:16:00,NPP-375D,ALTAMIRA,PARÁ,Brasil,1500602,15,33,,,,Amazônia,1.9
aaea6416-49cb-3c42-a15c-a23a0bb7fe9c,-6.21982,-53.2631,2026-10-03 05:16:00,NPP-375D,SÃO FÉLIX DO XINGU,PARÁ,Brasil,1507300,15,33,,,,Amazônia,2.5
33673ada-16ad-3ad8-80b9-c15f6a58fcc5,-3.0076,-54.73617,2026-10-03 05:16:00,NPP-375D,MOJUÍ DOS CAMPOS,PARÁ,Brasil,1504752,15,33,,,,Amazônia,0.6
c1c6e82b-7559-35de-88fa-c219703f9453,-3.12672,-53.74078,2026-10-03 05:16:00,NPP-375D,URUARÁ,PARÁ,Brasil,1508159,15,33,,,,Amazônia,2.2
ffc43ded-622b-3d51-9fca-37fd5ec4afc2,-5.97377,-55.38182,2026-10-03 05:16:00,NPP-375D,ITAITUBA,PARÁ,Brasil,1503606,15,33,,,,Amazônia,0.7
e5b7049c-409b-3ad3-83eb-662e9e67a371,-6.73531,-44.14183,2026-10-03 05:16:00,NPP-375D,NOVA IORQUE,MARANHÃO,Brasil,2107308,21,33,,,,Cerrado,3.1
cdf45be1-241f-3048-886f-b2871c15b1d6,-6.07472,-57.80371,2026-10-03 05:16:00,NPP-375D,JACAREACANGA,PARÁ,Brasil,1503754,15,33,,,,Amazônia,1.4
f7902aee-b94b-38ba-8a70-0a3c5639136d,-5.6139,-44.37652,2026-10-03 05:16:00,NPP-375D,SÃO DOMINGOS DO MARANHÃO,MARANHÃO,Brasil,2110708,21,33,,,,Cerrado,2.4
21b47a9e-a350-35fa-977f-eb029e69e76f,-3.54128,-55.52961,2026-10-03 05:16:00,NPP-375D,AVEIRO,PARÁ,Brasil,1501006,15,33,,,,Amazônia,1.1
712bfbc6-1023-3949-8058-7403ac11e3a2,-2.15546,-47.7466,2026-10-03 05:16:00,NPP-375D,AURORA DO PARÁ,PARÁ,Brasil,1500958,15,33,,,,Amazônia,0.8
a7d84418-110c-32da-b5b4-8a3f32f61bc2,-3.70254,-50.97449,2026-10-03 05:16:00,NPP-375D,PACAJÁ,PARÁ,Brasil,1505486,15,33,,,,Amazônia,3.0
90e4a198-00b1-37af-bc6a-3de68ac25c0a,-3.11886,-53.74685,2026-10-03 05:16:00,NPP-375D,URUARÁ,PARÁ,Brasil,1508159,15,33,,,,Amazônia,3.5
eefb6808-3450-388e-a48f-d53645518f45,-5.09788,-56.25548,2026-10-03 05:16:00,NPP-375D,TRAIRÃO,PARÁ,Brasil,1508050,15,33,,,,Amazônia,2.5
306345c1-31b6-3bb4-b520-3292aa81112d,-2.97065,-53.26691,2026-10-03 05:16:00,NPP-375D,MEDICILÂNDIA,PARÁ,Brasil,1504455,15,33,,,,Amazônia,2.5
4d807562-9fb6-3516-957b-65a6cf27e962,-2.96534,-54.10303,2026-10-03 05:16:00,NPP-375D,SANTARÉM,PARÁ,Brasil,1506807,15,33,,,,Amazônia,2.3
b126e1e6-1382-38d6-a51a-ead360b693d8,-1.76697,-55.02954,2026-10-03 05:16:00,NPP-375D,ALENQUER,PARÁ,Brasil,1500404,15,33,,,,Amazônia,1.3
8b673713-c001-3ae4-97e5-d2d580296b5f,-1.26953,-54.55827,2026-10-03 05:16:00,NPP-375D,MONTE ALEGRE,PARÁ,Brasil,1504802,15,33,,,,Amazônia,1.6
ee337d87-bf1d-3871-8663-8a70cb9a9939,-2.8604,-49.62807,2026-10-03 05:16:00,NPP-375D,BAIÃO,PARÁ,Brasil,1501204,15,33,,,,Amazônia,2.6
05638df7-a011-31ae-86af-26976b15c409,-4.42767,-54.84969,2026-10-03 05:16:00,NPP-375D,RURÓPOLIS,PARÁ,Brasil,1506195,15,33,,,,Amazônia,0.7
62d79498-0a50-3044-8b2b-676f2b199547,-3.14302,-53.74696,2026-10-03 05:16:00,NPP-375D,URUARÁ,PARÁ,Brasil,1508159,15,33,,,,Amazônia,0.8
dbad7079-791d-3eb3-9058-c6d8233747e0,-3.81778,-52.20866,2026-10-03 05:16:00,NPP-375D,SENADOR JOSÉ PORFÍRIO,PARÁ,Brasil,1507805,15,33,,,,Amazônia,0.9
b4430500-656f-3777-90b1-27f774a021ff,-3.71472,-50.65909,2026-10-03 05:16:00,NPP-375D,PACAJÁ,PARÁ,Brasil,1505486,15,33,,,,Amazônia,3.3
e1b5af08-6da9-3fd8-9caa-2b120f9b2695,-5.2981,-45.79842,2026-10-03 05:16:00,NPP-375D,ITAIPAVA DO GRAJAÚ,MARANHÃO,Brasil,2105351,21,33,,,,Cerrado,2.1
f1f484ea-3cf1-32bf-81bf-98ce766b23b5,-6.05354,-57.70373,2026-10-03 05:16:00,NPP-375D,JACAREACANGA,PARÁ,Brasil,1503754,15,33,,,,Amazônia,1.0
db51f43b-46b1-365d-bcbf-49f15686f8f3,-2.86452,-49.62872,2026-10-03 05:16:00,NPP-375D,BAIÃO,PARÁ,Brasil,1501204,15,33,,,,Amazônia,2.6
4dc7d93a-04fd-3ebe-896b-66e724f68df5,-6.40256,-55.23546,2026-10-03 05:16:00,NPP-375D,ALTAMIRA,PARÁ,Brasil,1500602,15,33,,,,Amazônia,0.9
e56f2810-7fd1-3351-9a90-f68dd02a35f1,-5.13955,-45.57668,2026-10-03 05:16:00,NPP-375D,ITAIPAVA DO GRAJAÚ,MARANHÃO,Brasil,2105351,21,33,,,,Cerrado,1.2
c418440e-de1f-37c7-8426-0cc5e22a60fe,-2.97407,-53.26742,2026-10-03 05:16:00,NPP-375D,MEDICILÂNDIA,PARÁ,Brasil,1504455,15,33,,,,Amazônia,1.7
2224c4d6-b216-344a-8b19-ea55887184f6,-4.30289,-54.80176,2026-10-03 05:16:00,NPP-375D,PLACAS,PARÁ,Brasil,1505650,15,33,,,,Amazônia,1.3
f889288f-aaad-3020-a710-48df40d7a462,-3.55645,-53.2689,2026-10-03 05:16:00,NPP-375D,URUARÁ,PARÁ,Brasil,1508159,15,33,,,,Amazônia,0.7
cb02fb81-7588-3210-9ab7-99bfb39cc687,-3.12786,-53.75555,2026-10-03 05:16:00,NPP-375D,URUARÁ,PARÁ,Brasil,1508159,15,33,,,,Amazônia,2.5
021cee7b-e081-3fcd-b509-539f1ed4c402,-2.93423,-54.15557,2026-10-03 05:16:00,NPP-375D,SANTARÉM,PARÁ,Brasil,1506807,15,33,,,,Amazônia,0.9
90a05cdc-a4db-3c9b-b3ef-3d4515666d75,-2.15342,-53.66305,2026-10-03 05:16:00,NPP-375D,PRAINHA,PARÁ,Brasil,1506005,15,33,,,,Amazônia,2.0
a8e3a95e-52ff-3f45-8f13-bdfbbdf30581,-4.14444,-53.94546,2026-10-03 05:16:00,NPP-375D,URUARÁ,PARÁ,Brasil,1508159,15,33,,,,Amazônia,0.5
b60fa2c0-7ca2-3c33-bfb5-f2786b189ae7,-3.17984,-54.09364,2026-10-03 05:16:00,NPP-375D,URUARÁ,PARÁ,Brasil,1508159,15,33,,,,Amazônia,1.4
6e12ebc8-4431-31c7-9c2c-34d8e8c8e489,-4.42394,-55.74767,2026-10-03 05:16:00,NPP-375D,ITAITUBA,PARÁ,Brasil,1503606,15,33,,,,Amazônia,2.0
c346943a-a228-34cf-ba23-f79e5b09fc6d,-10.9923,-59.13417,2026-10-03 05:18:00,NPP-375D,JUÍNA,MATO GROSSO,Brasil,5105150,51,33,,,,Amazônia,8.1
7d8f50a4-e18f-33bd-be36-79790f5ada45,-9.48363,-67.1589,2026-10-03 05:18:00,NPP-375D,LÁBREA,AMAZONAS,Brasil,1302405,13,33,,,,Amazônia,1.7
8fd239d9-481a-3b11-823f-3e6085471add,-10.87076,-57.11178,2026-10-03 05:18:00,NPP-375D,JUARA,MATO GROSSO,Brasil,5105101,51,33,,,,Amazônia,0.8
920d4097-2ba4-3e66-bb49-02ae30256150,-15.23777,-43.26603,2026-10-03 05:18:00,NPP-375D,PAI PEDRO,MINAS GERAIS,Brasil,3146552,31,33,,,,Caatinga,13.3
b00f71e0-ee64-398f-9c63-8d855bc8b2c3,-10.98881,-59.13358,2026-10-03 05:18:00,NPP-375D,JUÍNA,MATO GROSSO,Brasil,5105150,51,33,,,,Amazônia,7.0
94c6287d-f940-3f2a-a5ee-4a11f018b081,-12.86134,-44.71333,2026-10-03 05:18:00,NPP-375D,SÃO DESIDÉRIO,BAHIA,Brasil,2928901,29,33,,,,Cerrado,3.9
4a226efe-2af5-32f7-b90c-4c465c5bc9d9,-9.62759,-65.73852,2026-10-03 05:18:00,NPP-375D,PORTO VELHO,RONDÔNIA,Brasil,1100205,11,33,,,,Amazônia,1.1
f1c10ce8-c88a-354f-a9a7-8505fb1ccfc2,-9.48713,-67.15932,2026-10-03 05:18:00,NPP-375D,LÁBREA,AMAZONAS,Brasil,1302405,13,33,,,,Amazônia,0.9
90673e8f-88e1-39d3-b0bc-6a5d28e00ae3,-15.23705,-43.27396,2026-10-03 05:18:00,NPP-375D,PAI PEDRO,MINAS GERAIS,Brasil,3146552,31,33,,,,Caatinga,13.3
fe7287cb-9ab7-3caf-b889-98229fb952d3,-9.8832,-65.14214,2026-10-03 05:18:00,NPP-375D,PORTO VELHO,RONDÔNIA,Brasil,1100205,11,33,,,,Amazônia,2.2
a4281b1a-0d17-3dba-841b-3c34d9fe1290,-11.04701,-62.56996,2026-10-03 05:18:00,NPP-375D,MIRANTE DA SERRA,RONDÔNIA,Brasil,1101302,11,33,,,,Amazônia,1.2
331bb68d-27f7-3c46-bcc8-a3b6a8a9c25c,-10.13947,-61.74101,2026-10-03 05:18:00,NPP-375D,JI-PARANÁ,RONDÔNIA,Brasil,1100122,11,33,,,,Amazônia,1.2
d6c74605-929e-3844-9b43-284a411a9e9a,-13.50332,-61.13243,2026-10-03 05:18:00,NPP-375D,PIMENTEIRAS DO OESTE,RONDÔNIA,Brasil,1101468,11,33,,,,Amazônia,1.5
8165c252-c337-3712-a700-5a981845384e,-9.54001,-68.52698,2026-10-03 05:18:00,NPP-375D,SENA MADUREIRA,ACRE,Brasil,1200500,12,33,,,,Amazônia,2.5
ea2c7203-a9b5-304e-bad5-9b15040aae3c,-12.85064,-44.68921,2026-10-03 05:18:00,NPP-375D,SÃO DESIDÉRIO,BAHIA,Brasil,2928901,29,33,,,,Cerrado,4.5
15639272-731c-3ae2-9120-ae567436e3a6,-10.87465,-57.1088,2026-10-03 05:18:00,NPP-375D,JUARA,MATO GROSSO,Brasil,5105101,51,33,,,,Amazônia,1.4
742d1f76-421c-398c-917c-865a6c88b7a9,-15.24451,-43.26958,2026-10-03 05:18:00,NPP-375D,PAI PEDRO,MINAS GERAIS,Brasil,3146552,31,33,,,,Caatinga,7.8
d529b24e-74f6-3053-9346-ed964b7a82d1,-10.84437,-62.78,2026-10-03 05:18:00,NPP-375D,JARU,RONDÔNIA,Brasil,1100114,11,33,,,,Amazônia,1.3
5b545006-daba-3801-a28f-be114c5677ec,-9.62165,-65.74071,2026-10-03 05:18:00,NPP-375D,PORTO VELHO,RONDÔNIA,Brasil,1100205,11,33,,,,Amazônia,1.1
d0282ce9-e4bf-3460-871d-581d6f734147,-15.23643,-43.27648,2026-10-03 05:18:00,NPP-375D,PAI PEDRO,MINAS GERAIS,Brasil,3146552,31,33,,,,Caatinga,18.1
3ea6d8b5-7322-3438-a23d-463dcfc5515e,-9.37957,-65.47036,2026-10-03 05:18:00,NPP-375D,LÁBREA,AMAZONAS,Brasil,1302405,13,33,,,,Amazônia,1.0
f97d2d50-fbac-3e2a-b3f5-54c02103eb3b,-13.50213,-61.13359,2026-10-03 05:18:00,NPP-375D,PIMENTEIRAS DO OESTE,RONDÔNIA,Brasil,1101468,11,33,,,,Amazônia,1.5
07218928-a005-3461-856f-2c020d82de7d,-12.951,-57.11406,2026-10-03 05:18:00,NPP-375D,NOVA MARINGÁ,MATO GROSSO,Brasil,5108907,51,33,,,,Amazônia,0.3
79d83316-f9a9-3556-ad1d-52905b34cd01,-9.54637,-68.52831,2026-10-03 05:18:00,NPP-375D,SENA MADUREIRA,ACRE,Brasil,1200500,12,33,,,,Amazônia,2.5
1c0d5d2f-5c21-3911-8615-f34d000b9a2c,-10.1401,-61.73732,2026-10-03 05:18:00,NPP-375D,JI-PARANÁ,RONDÔNIA,Brasil,1100122,11,33,,,,Amazônia,1.2
713c6322-547c-3151-b8aa-84c4e2ef7c17,-9.62225,-65.73742,2026-10-03 05:18:00,NPP-375D,PORTO VELHO,RONDÔNIA,Brasil,1100205,11,33,,,,Amazônia,1.1
ae332b7c-c7b8-3d43-a611-2994f4f429d9,-12.13232,-61.15685,2026-10-03 05:18:00,NPP-375D,PARECIS,RONDÔNIA,Brasil,1101450,11,33,,,,Amazônia,1.1
aca51761-de85-38cf-9d90-d07379b380cb,-15.23718,-43.26872,2026-10-03 05:18:00,NPP-375D,PAI PEDRO,MINAS GERAIS,Brasil,3146552,31,33,,,,Caatinga,7.8
f4c21faa-a83b-38aa-a0a1-f903851aad96,-12.14589,-61.16906,2026-10-03 05:18:00,NPP-375D,PARECIS,RONDÔNIA,Brasil,1101450,11,33,,,,Amazônia,1.1
e51e6c05-c857-3aa8-9a83-81e6e27cf941,-12.85474,-44.71266,2026-10-03 05:18:00,NPP-375D,SÃO DESIDÉRIO,BAHIA,Brasil,2928901,29,33,,,,Cerrado,3.9
58ca3700-d2eb-3c86-be0d-655ed8930374,-9.93162,-63.97911,2026-10-03 05:18:00,NPP-375D,BURITIS,RONDÔNIA,Brasil,1100452,11,33,,,,Amazônia,1.1
a90010e7-07ad-3a02-9b4b-a1fe6ca3f9f8,-9.9086,-65.03444,2026-10-03 05:18:00,NPP-375D,PORTO VELHO,RONDÔNIA,Brasil,1100205,11,33,,,,Amazônia,0.7
ea997dee-5d07-3bbf-a7e6-7e6e0484a0fb,-12.1389,-63.17235,2026-10-03 05:18:00,NPP-375D,SERINGUEIRAS,RONDÔNIA,Brasil,1101500,11,33,,,,Amazônia,2.0
cf7822fe-1e95-33af-be63-2f3faec3e9b9,-10.84867,-62.78077,2026-10-03 05:18:00,NPP-375D,JARU,RONDÔNIA,Brasil,1100114,11,33,,,,Amazônia,0.9
119a623b-6596-3927-919f-17a017fdc1b3,-10.87019,-57.11531,2026-10-03 05:18:00,NPP-375D,JUARA,MATO GROSSO,Brasil,5105101,51,33,,,,Amazônia,1.4
285450b2-91a1-36a8-aec0-466b34418dd5,-9.54739,-68.52316,2026-10-03 05:18:00,NPP-375D,SENA MADUREIRA,ACRE,Brasil,1200500,12,33,,,,Amazônia,1.8
efdc4746-b793-368c-aee4-349000fea9dc,-9.90804,-65.03744,2026-10-03 05:18:00,NPP-375D,PORTO VELHO,RONDÔNIA,Brasil,1100205,11,33,,,,Amazônia,1.0
b965fa0e-f5a4-317e-a8a8-f2d20a3413e3,-12.85224,-44.68945,2026-10-03 05:18:00,NPP-375D,SÃO DESIDÉRIO,BAHIA,Brasil,2928901,29,33,,,,Cerrado,4.5
9e9e98da-0a4a-3f32-a3c2-7e86ad7300f0,-10.87521,-57.10527,2026-10-03 05:18:00,NPP-375D,JUARA,MATO GROSSO,Brasil,5105101,51,33,,,,Amazônia,1.0
e5c65deb-373f-33f6-a221-719c76f35ec6,-15.24377,-43.27725,2026-10-03 05:18:00,NPP-375D,PAI PEDRO,MINAS GERAIS,Brasil,3146552,31,33,,,,Caatinga,18.1
f2cb66bf-1821-3435-afc8-ffa0c98a608d,-10.98946,-59.1297,2026-10-03 05:18:00,NPP-375D,JUÍNA,MATO GROSSO,Brasil,5105150,51,33,,,,Amazônia,7.0
6d69ccf6-ee7a-3f5b-8f94-fdad31c059cc,-9.3743,-65.46933,2026-10-03 05:18:00,NPP-375D,LÁBREA,AMAZONAS,Brasil,1302405,13,33,,,,Amazônia,0.5
62ec35e8-b15d-34a3-a1bd-05d1c7410a74,-10.9958,-59.13478,2026-10-03 05:18:00,NPP-375D,JUÍNA,MATO GROSSO,Brasil,5105150,51,33,,,,Amazônia,8.1
e7972423-0808-313b-90b6-825c1c63a8f1,-9.48443,-67.15459,2026-10-03 05:18:00,NPP-375D,LÁBREA,AMAZONAS,Brasil,1302405,13,33,,,,Amazônia,1.1
7b3f6c24-c28b-3047-8104-c32f4abba160,-12.12852,-61.15614,2026-10-03 05:18:00,NPP-375D,PARECIS,RONDÔNIA,Brasil,1101450,11,33,,,,Amazônia,1.1
670985a3-0bbb-3eda-97bc-0da0101a1c12,-10.99294,-59.13031,2026-10-03 05:18:00,NPP-375D,JUÍNA,MATO GROSSO,Brasil,5105150,51,33,,,,Amazônia,8.1
5dece2de-6327-3307-8ec1-30566b04d0d6,-10.99166,-59.13807,2026-10-03 05:18:00,NPP-375D,JUÍNA,MATO GROSSO,Brasil,5105150,51,33,,,,Amazônia,5.6
0c52fd25-78b0-38c1-aea2-a92ee2ac0694,-9.31066,-65.77651,2026-10-03 05:18:00,NPP-375D,LÁBREA,AMAZONAS,Brasil,1302405,13,33,,,,Amazônia,1.0
bf502b21-5798-3176-9fb2-043f3d3b3c02,-12.14507,-61.17379,2026-10-03 05:18:00,NPP-375D,PARECIS,RONDÔNIA,Brasil,1101450,11,33,,,,Amazônia,0.7
60486385-d6d0-3289-a62e-729803cb6b26,-12.13815,-63.17651,2026-10-03 05:18:00,NPP-375D,SERINGUEIRAS,RONDÔNIA,Brasil,1101500,11,33,,,,Amazônia,4.9
fb45447d-50c4-30ce-b60e-709fb8cf558e,-10.9599,-60.91084,2026-10-03 05:18:00,NPP-375D,RONDOLÂNDIA,MATO GROSSO,Brasil,5107578,51,33,,,,Amazônia,0.9
93ed97f8-26c1-3a5c-9b89-0a748f4fa84b,-10.87353,-57.11584,2026-10-03 05:18:00,NPP-375D,JUARA,MATO GROSSO,Brasil,5105101,51,33,,,,Amazônia,1.5
3bbb2e13-81f9-3da9-8a38-edeaea495469,-12.13384,-63.1757,2026-10-03 05:18:00,NPP-375D,SERINGUEIRAS,RONDÔNIA,Brasil,1101500,11,33,,,,Amazônia,2.0
2d26ebd2-88d5-3868-9aea-08c0ecb0e308,-15.23795,-43.2607,2026-10-03 05:18:00,NPP-375D,PAI PEDRO,MINAS GERAIS,Brasil,3146552,31,33,,,,Caatinga,7.8
12ce28b8-9d51-3b04-98dc-874b6557ce0e,-9.48129,-67.15805,2026-10-03 05:18:00,NPP-375D,LÁBREA,AMAZONAS,Brasil,1302405,13,33,,,,Amazônia,0.7
96bc6f8f-0c10-30aa-b083-28adeb4f09ab,-15.24439,-43.27478,2026-10-03 05:18:00,NPP-375D,PAI PEDRO,MINAS GERAIS,Brasil,3146552,31,33,,,,Caatinga,13.3
401d79bc-f8a1-3259-8b03-52faa6f50a28,-9.3113,-65.77312,2026-10-03 05:18:00,NPP-375D,LÁBREA,AMAZONAS,Brasil,1302405,13,33,,,,Amazônia,0.9
6abf4aeb-e2b0-3ee1-a01b-e888ee73dd1d,-11.03853,-62.56856,2026-10-03 05:18:00,NPP-375D,NOVA UNIÃO,RONDÔNIA,Brasil,1101435,11,33,,,,Amazônia,1.0
e0a1b4b5-912e-3885-8ac5-3c4126416205,-9.88377,-65.13911,2026-10-03 05:18:00,NPP-375D,PORTO VELHO,RONDÔNIA,Brasil,1100205,11,33,,,,Amazônia,2.2
159499ae-5534-3b8e-8a96-44a0d8123630,-9.88888,-65.14011,2026-10-03 05:18:00,NPP-375D,PORTO VELHO,RONDÔNIA,Brasil,1100205,11,33,,,,Amazônia,2.2
18dc6031-460a-3239-bcbb-760264bd861a,-12.13459,-63.17153,2026-10-03 05:18:00,NPP-375D,SERINGUEIRAS,RONDÔNIA,Brasil,1101500,11,33,,,,Amazônia,2.0
c4a6292a-4af2-3c6e-8bf2-1e282723f66f,-12.05833,-58.04086,2026-10-03 05:18:00,NPP-375D,BRASNORTE,MATO GROSSO,Brasil,5101902,51,33,,,,Amazônia,0.6
5c980f5e-f5ee-320e-b696-4ab609dcdb88,-15.23636,-43.28157,2026-10-03 05:18:00,NPP-375D,PAI PEDRO,MINAS GERAIS,Brasil,3146552,31,33,,,,Caatinga,17.6
f6bfa752-6850-3817-bad7-7d70c1a35f6d,-9.55968,-62.72907,2026-10-03 05:18:00,NPP-375D,RIO CRESPO,RONDÔNIA,Brasil,1100262,11,33,,,,Amazônia,1.0
168458d8-9469-34e9-b405-bcd7dd810a7c,-8.3509,-62.8377,2026-10-03 05:18:00,NPP-375D,PORTO VELHO,RONDÔNIA,Brasil,1100205,11,33,,,,Amazônia,2.8
f85f8e18-9f6f-3205-bcdf-57b19e7f7db8,-9.17032,-59.69443,2026-10-03 05:18:00,NPP-375D,COLNIZA,MATO GROSSO,Brasil,5103254,51,33,,,,Amazônia,0.9
dc34968d-81b8-3663-9c85-3ace47f01069,-8.70487,-66.73384,2026-10-03 05:18:00,NPP-375D,LÁBREA,AMAZONAS,Brasil,1302405,13,33,,,,Amazônia,1.7
dc1c0345-97ea-3cd4-ab0f-85bd809e0827,-9.15258,-57.54643,2026-10-03 05:18:00,NPP-375D,APIACÁS,MATO GROSSO,Brasil,5100805,51,33,,,,Amazônia,0.6
2eb97c72-8899-3500-b67d-8841328d11c2,-11.70441,-43.63131,2026-10-03 05:18:00,NPP-375D,BARRA,BAHIA,Brasil,2902708,29,33,,,,Cerrado,1.8
df1ff5ea-26a3-3b29-b296-27df3ed0f47c,-10.08832,-55.1612,2026-10-03 05:18:00,NPP-375D,NOVO MUNDO,MATO GROSSO,Brasil,5106265,51,33,,,,Amazônia,0.5
d83c94a6-a68f-3b63-980b-b27bd4456932,-10.97106,-54.09148,2026-10-03 05:18:00,NPP-375D,MARCELÂNDIA,MATO GROSSO,Brasil,5105580,51,33,,,,Amazônia,0.8
2ae7ddd7-ce7c-3cb8-95e3-a8104053b896,-9.16514,-61.40763,2026-10-03 05:18:00,NPP-375D,COLNIZA,MATO GROSSO,Brasil,5103254,51,33,,,,Amazônia,3.0
3d93ab35-0e7e-3ad0-8f9e-da57e5ba584d,-8.7044,-66.73136,2026-10-03 05:18:00,NPP-375D,LÁBREA,AMAZONAS,Brasil,1302405,13,33,,,,Amazônia,1.6
9e86b5c4-f042-3da9-967c-cf1e0dc8d418,-9.69898,-57.45127,2026-10-03 05:18:00,NPP-375D,APIACÁS,MATO GROSSO,Brasil,5100805,51,33,,,,Amazônia,3.8
90f55dbf-3c29-3d8a-8bbf-250b197dfbc7,-10.96811,-54.08693,2026-10-03 05:18:00,NPP-375D,MARCELÂNDIA,MATO GROSSO,Brasil,5105580,51,33,,,,Amazônia,0.8
fe2d75ff-f6e2-3991-95d9-6e897fe94e1d,-8.69908,-66.73272,2026-10-03 05:18:00,NPP-375D,LÁBREA,AMAZONAS,Brasil,1302405,13,33,,,,Amazônia,1.7
f53ad2f6-c967-3aa0-9914-fb83c1192baa,-9.9543,-55.33012,2026-10-03 05:18:00,NPP-375D,NOVO MUNDO,MATO GROSSO,Brasil,5106265,51,33,,,,Amazônia,1.0
0ad40fc7-df94-3d48-a62c-62898dd723a3,-9.72376,-56.79559,2026-10-03 05:18:00,NPP-375D,PARANAÍTA,MATO GROSSO,Brasil,5106299,51,33,,,,Amazônia,0.9
9ef51002-1dd5-3a87-81ee-81d14d8fdaee,-8.85577,-66.78492,2026-10-03 05:18:00,NPP-375D,LÁBREA,AMAZONAS,Brasil,1302405,13,33,,,,Amazônia,1.8
f5508f04-e185-38fc-9e49-68ca5078b8bd,-8.3464,-62.8369,2026-10-03 05:18:00,NPP-375D,PORTO VELHO,RONDÔNIA,Brasil,1100205,11,33,,,,Amazônia,2.1
4dd450ae-d595-37ae-8b45-8eba74a9ccd9,-8.34721,-62.83239,2026-10-03 05:18:00,NPP-375D,PORTO VELHO,RONDÔNIA,Brasil,1100205,11,33,,,,Amazônia,2.1
455b2f2b-4623-3fcd-bdd2-91cbb74965ba,-9.0829,-59.48096,2026-10-03 05:18:00,NPP-375D,COLNIZA,MATO GROSSO,Brasil,5103254,51,33,,,,Amazônia,0.5
42ec462a-8aed-3783-b8ac-b663128717b6,-9.16978,-61.4049,2026-10-03 05:18:00,NPP-375D,COLNIZA,MATO GROSSO,Brasil,5103254,51,33,,,,Amazônia,2.0
8bd9cf1a-5fba-31c9-89cf-0a0602811d56,-9.16575,-61.40413,2026-10-03 05:18:00,NPP-375D,COLNIZA,MATO GROSSO,Brasil,5103254,51,33,,,,Amazônia,3.0
fa4533db-eacb-3e8a-93fb-52258120358e,-9.89417,-60.29255,2026-10-03 05:18:00,NPP-375D,ARIPUANÃ,MATO GROSSO,Brasil,5101407,51,33,,,,Amazônia,1.5
7a905eeb-d5d6-3e4c-8d3e-7d65d00a6b97,-8.89565,-66.88455,2026-10-03 05:18:00,NPP-375D,LÁBREA,AMAZONAS,Brasil,1302405,13,33,,,,Amazônia,1.3
445544dd-9b16-3bcc-af8a-6f09ed7aec44,-9.95823,-55.32705,2026-10-03 05:18:00,NPP-375D,NOVO MUNDO,MATO GROSSO,Brasil,5106265,51,33,,,,Amazônia,1.2
5a8139e3-64f9-3894-a7f7-cb038fc8ac25,-9.16918,-61.40837,2026-10-03 05:18:00,NPP-375D,COLNIZA,MATO GROSSO,Brasil,5103254,51,33,,,,Amazônia,2.0
65f1815b-64bc-3a5d-a9c9-8db004e61772,-9.70176,-57.45539,2026-10-03 05:18:00,NPP-375D,APIACÁS,MATO GROSSO,Brasil,5100805,51,33,,,,Amazônia,4.3
bf1d77a7-eb83-3d6b-9cf5-d26c9167adc4,-9.75225,-59.31904,2026-10-03 05:18:00,NPP-375D,COLNIZA,MATO GROSSO,Brasil,5103254,51,33,,,,Amazônia,0.6
68a7edeb-701d-365d-8ee9-26fd6bb8bd19,-9.89043,-60.29192,2026-10-03 05:18:00,NPP-375D,ARIPUANÃ,MATO GROSSO,Brasil,5101407,51,33,,,,Amazônia,2.0
7c7ca231-20f0-314d-9713-322e9b139644,-11.20299,-54.12873,2026-10-03 05:18:00,NPP-375D,MARCELÂNDIA,MATO GROSSO,Brasil,5105580,51,33,,,,Amazônia,0.6
34f2345f-cc4e-3484-82c8-173b0cadcc6c,-9.95767,-55.33066,2026-10-03 05:18:00,NPP-375D,NOVO MUNDO,MATO GROSSO,Brasil,5106265,51,33,,,,Amazônia,4.6
e1981ca8-1aa8-312e-b5e6-65030ea070b0,-10.52707,-57.75152,2026-10-03 05:18:00,NPP-375D,JUARA,MATO GROSSO,Brasil,5105101,51,33,,,,Amazônia,0.9
2aa692eb-b45a-3e0c-9629-d81e4781cf4d,-9.70234,-57.45183,2026-10-03 05:18:00,NPP-375D,APIACÁS,MATO GROSSO,Brasil,5100805,51,33,,,,Amazônia,2.4
f9056aec-77d1-365e-bb8b-a7474bb8b620,-8.86078,-66.79015,2026-10-03 05:18:00,NPP-375D,LÁBREA,AMAZONAS,Brasil,1302405,13,33,,,,Amazônia,1.8
57f34ec0-5fb8-3cb3-a3d0-a03783b67170,-9.37565,-65.47171,2026-10-03 05:18:00,NPP-375D,LÁBREA,AMAZONAS,Brasil,1302405,13,33,,,,Amazônia,0.5
723eb1f7-bef9-37b6-a2ce-de141dee6049,-9.17398,-59.69505,2026-10-03 05:18:00,NPP-375D,COLNIZA,MATO GROSSO,Brasil,5103254,51,33,,,,Amazônia,0.7
5bda3536-fb14-3ef6-b039-bf68cbf6719e,-8.85499,-66.78902,2026-10-03 05:18:00,NPP-375D,LÁBREA,AMAZONAS,Brasil,1302405,13,33,,,,Amazônia,1.8
6eaaeb99-921a-337c-86f3-0a8c929e1ea5,-11.7922,-43.54026,2026-10-03 05:18:00,NPP-375D,BARRA,BAHIA,Brasil,2902708,29,33,,,,Cerrado,2.7
42e03a2f-5b98-3e83-987b-edea788952a2,-11.71138,-43.63182,2026-10-03 05:18:00,NPP-375D,BARRA,BAHIA,Brasil,2902708,29,33,,,,Cerrado,1.8
8ea153b6-1aa1-3da9-8692-bbbe3246398d,-9.6984,-57.45484,2026-10-03 05:18:00,NPP-375D,APIACÁS,MATO GROSSO,Brasil,5100805,51,33,,,,Amazônia,6.2
7b1f2a2a-57c0-3fe4-845b-6d479b614b35,-9.15613,-65.54211,2026-10-03 05:18:00,NPP-375D,LÁBREA,AMAZONAS,Brasil,1302405,13,33,,,,Amazônia,0.6
f40f765a-e081-3368-bf47-d09c49ec01b0,-9.37625,-65.46841,2026-10-03 05:18:00,NPP-375D,LÁBREA,AMAZONAS,Brasil,1302405,13,33,,,,Amazônia,0.5
584ce976-57e3-3706-998d-10afb3523d32,-9.7006,-57.46254,2026-10-03 05:18:00,NPP-375D,APIACÁS,MATO GROSSO,Brasil,5100805,51,33,,,,Amazônia,1.2
bd966fb3-ff04-3b01-a036-c385f346081d,-11.79917,-43.54106,2026-10-03 05:18:00,NPP-375D,BARRA,BAHIA,Brasil,2902708,29,33,,,,Cerrado,3.1
f07f248e-e515-343f-9241-e508f69b77ca,-9.15551,-65.54543,2026-10-03 05:18:00,NPP-375D,LÁBREA,AMAZONAS,Brasil,1302405,13,33,,,,Amazônia,0.6
b5a2bdfa-825b-3a99-a32d-c0196c8f1f0d,-8.85421,-66.79318,2026-10-03 05:18:00,NPP-375D,LÁBREA,AMAZONAS,Brasil,1302405,13,33,,,,Amazônia,3.5
34e16879-5366-3504-9d5d-27f65194c638,-9.75158,-59.3231,2026-10-03 05:18:00,NPP-375D,COLNIZA,MATO GROSSO,Brasil,5103254,51,33,,,,Amazônia,0.7
2f6d016e-6712-309f-867a-538459d0aa8e,-8.70362,-66.73543,2026-10-03 05:18:00,NPP-375D,LÁBREA,AMAZONAS,Brasil,1302405,13,33,,,,Amazônia,1.6
a9e5728e-b6f6-366a-8d3c-8aa334c1eb9f,-16.18067,-59.43774,2026-10-03 05:21:00,NPP-375D,PORTO ESPERIDIÃO,MATO GROSSO,Brasil,5106828,51,33,,,,Amazônia,0.5
eadea07f-862e-3fe3-a3b0-e4ab41ad4976,2.36018,-50.75475,2026-10-03 05:33:00,NOAA-20,CALÇOENE,AMAPÁ,Brasil,1600204,16,33,,,,Amazônia,1.3
19f81775-e144-3136-9540-eaf93c416965,-2.8869,-54.14735,2026-10-03 05:33:00,NOAA-20,SANTARÉM,PARÁ,Brasil,1506807,15,33,,,,Amazônia,3.4
63f44e4c-08f0-36ba-8c22-22e97a3c1997,-1.22172,-54.53476,2026-10-03 05:33:00,NOAA-20,MONTE ALEGRE,PARÁ,Brasil,1504802,15,33,,,,Amazônia,1.7
b2c62564-276f-3856-91ec-d6e16dc9ee53,-3.29162,-53.84085,2026-10-03 05:33:00,NOAA-20,URUARÁ,PARÁ,Brasil,1508159,15,33,,,,Amazônia,1.4
fbad0768-d0ec-303a-ac60-e68a6219299d,-1.27483,-54.56346,2026-10-03 05:33:00,NOAA-20,MONTE ALEGRE,PARÁ,Brasil,1504802,15,33,,,,Amazônia,2.1
5ab9484f-6acd-37a7-b06a-ef5a7e686e9c,-3.88011,-49.68776,2026-10-03 05:33:00,NOAA-20,TUCURUÍ,PARÁ,Brasil,1508100,15,33,,,,Amazônia,2.8
77048ea7-561f-3e7d-aab9-d6bb06fa94b6,-2.96724,-54.10317,2026-10-03 05:33:00,NOAA-20,SANTARÉM,PARÁ,Brasil,1506807,15,33,,,,Amazônia,3.6
2a1d3a24-b43e-308a-826b-100096b46c34,-0.35199,-52.01367,2026-10-03 05:33:00,NOAA-20,MAZAGÃO,AMAPÁ,Brasil,1600402,16,33,,,,Amazônia,4.7
dafc9dc3-4e67-3f26-9706-86644413782e,-3.24265,-54.51551,2026-10-03 05:33:00,NOAA-20,MOJUÍ DOS CAMPOS,PARÁ,Brasil,1504752,15,33,,,,Amazônia,2.0
36ccd37b-ad52-361c-b407-94e1b7cd6bf7,-1.64328,-55.14771,2026-10-03 05:33:00,NOAA-20,CURUÁ,PARÁ,Brasil,1502855,15,33,,,,Amazônia,1.2
fdbfa6e4-e431-32eb-a2f8-441106052d10,0.40116,-60.00084,2026-10-03 05:33:00,NOAA-20,SÃO JOÃO DA BALIZA,RORAIMA,Brasil,1400506,14,33,,,,Amazônia,1.2
2dba260c-238d-37aa-8788-9416fe35d0a8,0.39119,-60.00238,2026-10-03 05:33:00,NOAA-20,SÃO JOÃO DA BALIZA,RORAIMA,Brasil,1400506,14,33,,,,Amazônia,0.9
5d90e9b6-4e12-331b-834a-6e6816e865e2,-2.40841,-56.82312,2026-10-03 05:33:00,NOAA-20,PARINTINS,AMAZONAS,Brasil,1303403,13,33,,,,Amazônia,2.0
ef3512bf-67fb-3cf6-95d3-c61ef3fbebcf,-3.11564,-50.28003,2026-10-03 05:33:00,NOAA-20,PORTEL,PARÁ,Brasil,1505809,15,33,,,,Amazônia,1.4
b324e61b-c436-3dd6-83b2-8c4b12a781a8,-2.91968,-54.09598,2026-10-03 05:33:00,NOAA-20,URUARÁ,PARÁ,Brasil,1508159,15,33,,,,Amazônia,4.4
accafcff-9a66-327b-ab96-bbac26a1e031,4.80432,-60.27279,2026-10-03 05:33:00,NOAA-20,UIRAMUTÃ,RORAIMA,Brasil,1400704,14,33,,,,Amazônia,3.1
80067913-a9b9-39c8-9eb9-b21b50a6967f,-2.92369,-54.1018,2026-10-03 05:33:00,NOAA-20,SANTARÉM,PARÁ,Brasil,1506807,15,33,,,,Amazônia,4.5
ffb6dcfa-2601-35e4-ac80-d74998bb45bf,-3.13981,-53.73899,2026-10-03 05:33:00,NOAA-20,URUARÁ,PARÁ,Brasil,1508159,15,33,,,,Amazônia,4.0
f1ae47db-6f6b-34c0-b921-faa13960c6e3,-2.85981,-49.63486,2026-10-03 05:33:00,NOAA-20,BAIÃO,PARÁ,Brasil,1501204,15,33,,,,Amazônia,1.8
358081b7-bdd9-3f21-a9d9-964d2d0a0e53,-3.22752,-54.3161,2026-10-03 05:33:00,NOAA-20,MOJUÍ DOS CAMPOS,PARÁ,Brasil,1504752,15,33,,,,Amazônia,1.7
e3dd531a-c4e9-363f-978c-c60af8b30e9c,-2.8892,-54.13241,2026-10-03 05:33:00,NOAA-20,SANTARÉM,PARÁ,Brasil,1506807,15,33,,,,Amazônia,2.8
7b0b09b9-f681-30e2-90b0-d1b248e704b3,-3.22045,-54.31244,2026-10-03 05:33:00,NOAA-20,MOJUÍ DOS CAMPOS,PARÁ,Brasil,1504752,15,33,,,,Amazônia,2.2
88fb731d-6373-3b09-8a29-9138bedf3146,0.49964,-60.59998,2026-10-03 05:33:00,NOAA-20,RORAINÓPOLIS,RORAIMA,Brasil,1400472,14,33,,,,Amazônia,1.3
613fd620-59e6-38e9-b58a-cc7ba17fa301,-3.22282,-54.31536,2026-10-03 05:33:00,NOAA-20,MOJUÍ DOS CAMPOS,PARÁ,Brasil,1504752,15,33,,,,Amazônia,1.7
a514942d-3949-3e70-90f4-16a73dcdf10c,-3.09487,-51.09902,2026-10-03 05:33:00,NOAA-20,PORTEL,PARÁ,Brasil,1505809,15,33,,,,Amazônia,1.4
3c96ee94-adf7-3ca8-82d2-508adebd14d6,-2.88953,-56.82527,2026-10-03 05:33:00,NOAA-20,PARINTINS,AMAZONAS,Brasil,1303403,13,33,,,,Amazônia,0.7
8f3df070-3c7b-3f46-a660-fbf126f0392b,-3.18818,-54.09845,2026-10-03 05:33:00,NOAA-20,URUARÁ,PARÁ,Brasil,1508159,15,33,,,,Amazônia,1.8
18bdc523-4f4d-33f8-8e3e-df3e8dd0426c,-3.28472,-53.84199,2026-10-03 05:33:00,NOAA-20,URUARÁ,PARÁ,Brasil,1508159,15,33,,,,Amazônia,1.9
23902cba-95f7-3d6d-8a38-aa387a0c77f7,-3.28594,-53.84544,2026-10-03 05:33:00,NOAA-20,URUARÁ,PARÁ,Brasil,1508159,15,33,,,,Amazônia,1.4
fc77ddb4-c82d-3443-bc35-a6920f31e685,2.01082,-61.08813,2026-10-03 05:33:00,NOAA-20,IRACEMA,RORAIMA,Brasil,1400282,14,33,,,,Amazônia,0.4
e98571b8-9833-3440-8e1d-4f5433016664,-0.59777,-58.11734,2026-10-03 05:33:00,NOAA-20,ORIXIMINÁ,PARÁ,Brasil,1505304,15,33,,,,Amazônia,1.0
50134078-4b57-3735-8a11-dac25419c128,-1.22102,-54.53922,2026-10-03 05:33:00,NOAA-20,MONTE ALEGRE,PARÁ,Brasil,1504802,15,33,,,,Amazônia,3.7
678b4e3c-8978-38c3-a5bd-55a94b6c08ad,-2.33916,-57.98708,2026-10-03 05:33:00,NOAA-20,SÃO SEBASTIÃO DO UATUMÃ,AMAZONAS,Brasil,1303957,13,33,,,,Amazônia,1.1
1a6324b6-352c-3d4e-9c17-34cf2fcb9c50,-3.70459,-50.97702,2026-10-03 05:33:00,NOAA-20,PACAJÁ,PARÁ,Brasil,1505486,15,33,,,,Amazônia,0.8
e535b722-6a40-362b-bd11-c3f460465969,-2.97065,-53.2637,2026-10-03 05:33:00,NOAA-20,MEDICILÂNDIA,PARÁ,Brasil,1504455,15,33,,,,Amazônia,1.4
5aab52d9-52aa-37e6-b773-8cc9ad7968ad,1.13464,-59.52496,2026-10-03 05:33:00,NOAA-20,CAROEBE,RORAIMA,Brasil,1400233,14,33,,,,Amazônia,3.6
08a2b8b8-1e14-3105-824a-d989e2175305,-0.35672,-52.01559,2026-10-03 05:33:00,NOAA-20,MAZAGÃO,AMAPÁ,Brasil,1600402,16,33,,,,Amazônia,2.3
27a956c6-442f-3266-9223-49185685e206,-1.63895,-55.14702,2026-10-03 05:33:00,NOAA-20,CURUÁ,PARÁ,Brasil,1502855,15,33,,,,Amazônia,1.5
e6a764de-7f53-3fa9-b2af-a31919a06b9c,-3.17212,-54.07523,2026-10-03 05:33:00,NOAA-20,URUARÁ,PARÁ,Brasil,1508159,15,33,,,,Amazônia,1.8
519f856f-e7f2-327f-9b6e-99a5ad4d795a,-2.96878,-54.09299,2026-10-03 05:33:00,NOAA-20,SANTARÉM,PARÁ,Brasil,1506807,15,33,,,,Amazônia,2.0
b84caa0d-0838-3a91-80e3-1df7e0dd2337,-1.25756,-54.55635,2026-10-03 05:33:00,NOAA-20,MONTE ALEGRE,PARÁ,Brasil,1504802,15,33,,,,Amazônia,1.9
9c83707d-1eb6-3fde-88bc-c6489c737b3b,-3.01776,-53.89893,2026-10-03 05:33:00,NOAA-20,URUARÁ,PARÁ,Brasil,1508159,15,33,,,,Amazônia,2.4
a52ddf1d-0ab5-3c3d-aaca-2156fb7effba,-3.28958,-53.84276,2026-10-03 05:33:00,NOAA-20,URUARÁ,PARÁ,Brasil,1508159,15,33,,,,Amazônia,1.9
57a7826c-8a47-3aab-854d-c780243cb878,-1.76558,-55.027,2026-10-03 05:33:00,NOAA-20,ALENQUER,PARÁ,Brasil,1500404,15,33,,,,Amazônia,1.8
7d2769da-8417-3e5b-a7f3-837ffd0501f6,-2.88842,-54.13745,2026-10-03 05:33:00,NOAA-20,SANTARÉM,PARÁ,Brasil,1506807,15,33,,,,Amazônia,2.8
89e41097-8634-3bce-afce-6f0f01783c73,-1.26205,-54.55697,2026-10-03 05:33:00,NOAA-20,MONTE ALEGRE,PARÁ,Brasil,1504802,15,33,,,,Amazônia,1.9
44682f07-2292-34c1-b76a-30ff2fc85a41,-3.29657,-50.32684,2026-10-03 05:33:00,NOAA-20,PORTEL,PARÁ,Brasil,1505809,15,33,,,,Amazônia,0.9
3f8c863b-1c88-385d-a47b-66437be56b63,-1.27931,-54.56415,2026-10-03 05:33:00,NOAA-20,MONTE ALEGRE,PARÁ,Brasil,1504802,15,33,,,,Amazônia,2.1
8c15ab24-0039-3768-b30f-ce5318c01a4c,-1.49806,-55.83353,2026-10-03 05:33:00,NOAA-20,ORIXIMINÁ,PARÁ,Brasil,1505304,15,33,,,,Amazônia,0.8
8da9559c-763f-3e2f-b394-e8d10ecbc076,-3.07393,-51.27975,2026-10-03 05:33:00,NOAA-20,ANAPU,PARÁ,Brasil,1500859,15,33,,,,Amazônia,2.9
5ba6d759-f6f3-31c0-8800-bc16dac7756d,-3.2855,-53.83663,2026-10-03 05:33:00,NOAA-20,URUARÁ,PARÁ,Brasil,1508159,15,33,,,,Amazônia,1.9
c1c958b4-a238-372d-a808-32d6f9f269db,1.92835,-55.73793,2026-10-03 05:33:00,NOAA-20,ÓBIDOS,PARÁ,Brasil,1505106,15,33,,,,Amazônia,1.0
50567bb3-9b3d-3771-81b5-d77be5962a43,-3.1826,-54.10308,2026-10-03 05:33:00,NOAA-20,URUARÁ,PARÁ,Brasil,1508159,15,33,,,,Amazônia,2.0
d3be608e-dbb2-3e37-bb9e-b25a6c1eed37,-3.69802,-50.9806,2026-10-03 05:33:00,NOAA-20,PACAJÁ,PARÁ,Brasil,1505486,15,33,,,,Amazônia,1.7
77e4c415-af3b-3c40-9ab9-39701616d62e,-3.28273,-53.83393,2026-10-03 05:33:00,NOAA-20,URUARÁ,PARÁ,Brasil,1508159,15,33,,,,Amazônia,5.4
8ee8ae6e-287b-3433-94c2-33e6b2555c55,-3.16579,-54.08489,2026-10-03 05:33:00,NOAA-20,URUARÁ,PARÁ,Brasil,1508159,15,33,,,,Amazônia,1.5
f49de7f5-890f-3f00-8da8-c09c20f8089f,-2.92791,-54.10192,2026-10-03 05:33:00,NOAA-20,SANTARÉM,PARÁ,Brasil,1506807,15,33,,,,Amazônia,3.4
17618e08-8818-30f2-be84-72e75fda2429,-2.9192,-54.0954,2026-10-03 05:33:00,NOAA-20,URUARÁ,PARÁ,Brasil,1508159,15,33,,,,Amazônia,4.1
eb7fb737-d590-3c35-92b8-88818a54fe91,-2.15068,-59.2313,2026-10-03 05:33:00,NOAA-20,PRESIDENTE FIGUEIREDO,AMAZONAS,Brasil,1303536,13,33,,,,Amazônia,2.0
2b9fccd1-b1ad-3ea2-ad65-08fac9a99ed4,-2.22708,-51.92768,2026-10-03 05:33:00,NOAA-20,PORTEL,PARÁ,Brasil,1505809,15,33,,,,Amazônia,0.6
9610fb04-6d65-3d89-8126-4ee0681e87b2,-2.97401,-53.2757,2026-10-03 05:33:00,NOAA-20,MEDICILÂNDIA,PARÁ,Brasil,1504455,15,33,,,,Amazônia,1.5
4277460d-2f6b-3d01-9493-ff8e4c72ce98,-0.35145,-52.01476,2026-10-03 05:33:00,NOAA-20,MAZAGÃO,AMAPÁ,Brasil,1600402,16,33,,,,Amazônia,2.7
ea2ca1e8-8102-3677-b4c2-69313c088b1b,4.8065,-60.28666,2026-10-03 05:33:00,NOAA-20,UIRAMUTÃ,RORAIMA,Brasil,1400704,14,33,,,,Amazônia,0.9
b926a5b5-01b2-37d6-9351-23a48461b846,-3.27788,-53.83308,2026-10-03 05:33:00,NOAA-20,URUARÁ,PARÁ,Brasil,1508159,15,33,,,,Amazônia,5.4
8d7d9daa-f0d8-3a81-be31-b71870c43985,1.93937,-55.73098,2026-10-03 05:33:00,NOAA-20,ÓBIDOS,PARÁ,Brasil,1505106,15,33,,,,Amazônia,0.8
34270840-1dbd-3922-a100-59b5120cf4dd,-2.88997,-54.12737,2026-10-03 05:33:00,NOAA-20,SANTARÉM,PARÁ,Brasil,1506807,15,33,,,,Amazônia,2.1
f0047dd9-0f10-3888-979e-852c5fb64e4a,-1.26965,-54.56723,2026-10-03 05:33:00,NOAA-20,MONTE ALEGRE,PARÁ,Brasil,1504802,15,33,,,,Amazônia,2.9
0499d62b-c917-3d9a-aa7b-999b264c71f2,3.79297,-60.96933,2026-10-03 05:33:00,NOAA-20,AMAJARI,RORAIMA,Brasil,1400027,14,33,,,,Amazônia,2.3
3b862fa6-9fad-3f39-bff1-e28fe7160418,2.35421,-50.75356,2026-10-03 05:33:00,NOAA-20,CALÇOENE,AMAPÁ,Brasil,1600204,16,33,,,,Amazônia,1.7
e425c0d9-6c08-302d-b08e-a74294871de1,-3.12594,-53.73141,2026-10-03 05:33:00,NOAA-20,URUARÁ,PARÁ,Brasil,1508159,15,33,,,,Amazônia,6.3
c06a6904-f7fa-33fa-a5f7-6882ef4e64c6,-2.92712,-54.107,2026-10-03 05:33:00,NOAA-20,SANTARÉM,PARÁ,Brasil,1506807,15,33,,,,Amazônia,3.4
1635f3ea-6ff2-3922-a1e9-011f930dd1e3,-3.22362,-54.31028,2026-10-03 05:33:00,NOAA-20,MOJUÍ DOS CAMPOS,PARÁ,Brasil,1504752,15,33,,,,Amazônia,2.5
cd557736-de2c-38a1-9979-5e2a534a6c26,-3.29444,-53.84351,2026-10-03 05:33:00,NOAA-20,URUARÁ,PARÁ,Brasil,1508159,15,33,,,,Amazônia,0.8
7e36c83d-0a22-3df9-a603-b6aeea6c3454,-2.96801,-54.09809,2026-10-03 05:33:00,NOAA-20,SANTARÉM,PARÁ,Brasil,1506807,15,33,,,,Amazônia,3.6
a19b1726-8792-350c-bfa0-e658fbfe2f5d,-3.12024,-53.73611,2026-10-03 05:33:00,NOAA-20,URUARÁ,PARÁ,Brasil,1508159,15,33,,,,Amazônia,7.7
3aa239f4-6eb7-39c1-98af-b734668df4b1,-2.4081,-56.82557,2026-10-03 05:33:00,NOAA-20,PARINTINS,AMAZONAS,Brasil,1303403,13,33,,,,Amazônia,0.9
5d60e4e4-b422-3b3c-a4a0-a06c93306e57,-3.17614,-54.08099,2026-10-03 05:33:00,NOAA-20,URUARÁ,PARÁ,Brasil,1508159,15,33,,,,Amazônia,3.3
0323155c-516d-3c0a-a446-d0b1a3f09d75,-2.17472,-49.77954,2026-10-03 05:33:00,NOAA-20,CAMETÁ,PARÁ,Brasil,1502103,15,33,,,,Amazônia,2.2
86bb411f-82ef-3c91-b0e2-27f625236238,-2.32393,-60.0651,2026-10-03 05:33:00,NOAA-20,MANAUS,AMAZONAS,Brasil,1302603,13,33,,,,Amazônia,0.8
6897abc2-165a-38d1-b796-623ea8e4d6ca,-3.02722,-51.2767,2026-10-03 05:33:00,NOAA-20,ANAPU,PARÁ,Brasil,1500859,15,33,,,,Amazônia,0.6
e130d2df-f6d9-38b1-ac0b-21a1ed703711,-3.00085,-53.88014,2026-10-03 05:33:00,NOAA-20,URUARÁ,PARÁ,Brasil,1508159,15,33,,,,Amazônia,1.0
a59906c2-b908-345a-9796-ac328b4b1165,0.65839,-59.56668,2026-10-03 05:33:00,NOAA-20,CAROEBE,RORAIMA,Brasil,1400233,14,33,,,,Amazônia,0.5
466042b8-e095-3559-81ed-9ef83a32547e,0.89736,-59.70163,2026-10-03 05:33:00,NOAA-20,CAROEBE,RORAIMA,Brasil,1400233,14,33,,,,Amazônia,0.6
1df9d89f-0585-3d6a-805a-b4b71046ccfe,-3.09426,-51.10316,2026-10-03 05:33:00,NOAA-20,PORTEL,PARÁ,Brasil,1505809,15,33,,,,Amazônia,1.4
04c2eaae-10d7-3771-8dfd-552d20a4b987,-2.86058,-49.62961,2026-10-03 05:33:00,NOAA-20,BAIÃO,PARÁ,Brasil,1501204,15,33,,,,Amazônia,1.9
e6a76f13-4e9a-3cd5-b246-83d44c646659,-2.92966,-54.15969,2026-10-03 05:33:00,NOAA-20,SANTARÉM,PARÁ,Brasil,1506807,15,33,,,,Amazônia,1.6
418f893e-e298-3681-a523-d4c61f0031cf,-2.92316,-54.1012,2026-10-03 05:33:00,NOAA-20,URUARÁ,PARÁ,Brasil,1508159,15,33,,,,Amazônia,3.4
08af47bd-5d40-306d-90c1-1a82dd18fcaa,-2.97613,-53.26149,2026-10-03 05:33:00,NOAA-20,MEDICILÂNDIA,PARÁ,Brasil,1504455,15,33,,,,Amazônia,1.4
ae0cf04e-3168-35ce-87c5-54d9ba60bc56,-3.11943,-53.74153,2026-10-03 05:33:00,NOAA-20,URUARÁ,PARÁ,Brasil,1508159,15,33,,,,Amazônia,11.2
e1317776-9dcb-3169-a5e9-a765bcf02114,-1.14505,-54.15945,2026-10-03 05:33:00,NOAA-20,MONTE ALEGRE,PARÁ,Brasil,1504802,15,33,,,,Amazônia,1.3
85388a7c-0b5e-318e-a2bf-021cbe313b2b,-2.88766,-54.14241,2026-10-03 05:33:00,NOAA-20,SANTARÉM,PARÁ,Brasil,1506807,15,33,,,,Amazônia,3.4
2a27dfce-3d10-3371-aaf3-2718db558130,-2.91524,-54.08956,2026-10-03 05:33:00,NOAA-20,URUARÁ,PARÁ,Brasil,1508159,15,33,,,,Amazônia,1.3
a7854467-91f3-320f-90b8-1bf11f12640a,3.79965,-60.97205,2026-10-03 05:33:00,NOAA-20,AMAJARI,RORAIMA,Brasil,1400027,14,33,,,,Amazônia,1.1
a3b14052-1b88-35fd-ab44-4965f7129fb4,-3.2844,-53.82311,2026-10-03 05:33:00,NOAA-20,URUARÁ,PARÁ,Brasil,1508159,15,33,,,,Amazônia,5.5
3cdfd532-bf0e-395b-97cd-dbe50811b611,-3.29036,-53.8374,2026-10-03 05:33:00,NOAA-20,URUARÁ,PARÁ,Brasil,1508159,15,33,,,,Amazônia,1.9
b3fa6137-e28e-3746-83c8-89d006c1e9a0,1.80435,-55.58969,2026-10-03 05:33:00,NOAA-20,ÓBIDOS,PARÁ,Brasil,1505106,15,33,,,,Amazônia,0.5
c2413502-137d-3530-85e8-a63537942537,-3.01051,-53.88159,2026-10-03 05:33:00,NOAA-20,URUARÁ,PARÁ,Brasil,1508159,15,33,,,,Amazônia,1.6
9f351c7b-b477-3d56-9469-7ba76f772b87,1.92392,-55.8104,2026-10-03 05:33:00,NOAA-20,ÓBIDOS,PARÁ,Brasil,1505106,15,33,,,,Amazônia,1.8
580b9776-017e-342e-ab83-7ceec01545ba,-3.10053,-50.29724,2026-10-03 05:33:00,NOAA-20,PORTEL,PARÁ,Brasil,1505809,15,33,,,,Amazônia,1.1
200089eb-1c00-32a6-96a0-abc862e69e76,-3.70084,-50.97743,2026-10-03 05:33:00,NOAA-20,PACAJÁ,PARÁ,Brasil,1505486,15,33,,,,Amazônia,1.6
81b89ab8-96af-308f-b95f-22552293adf3,-2.98034,-53.26781,2026-10-03 05:33:00,NOAA-20,MEDICILÂNDIA,PARÁ,Brasil,1504455,15,33,,,,Amazônia,1.7
c680f540-5c63-3d99-930c-f01d0143ed57,-2.40886,-56.8206,2026-10-03 05:33:00,NOAA-20,PARINTINS,AMAZONAS,Brasil,1303403,13,33,,,,Amazônia,1.8
4bfb39bf-bf1d-38f8-b8e7-cccf2c007c8c,3.79632,-60.97251,2026-10-03 05:33:00,NOAA-20,AMAJARI,RORAIMA,Brasil,1400027,14,33,,,,Amazônia,1.1
00c45265-bafe-3d63-89b5-2cfebad5251e,-2.32729,-60.06562,2026-10-03 05:33:00,NOAA-20,MANAUS,AMAZONAS,Brasil,1302603,13,33,,,,Amazônia,0.8
39c7c532-105a-3918-9bae-59fb8bc8cd59,-3.17134,-54.08043,2026-10-03 05:33:00,NOAA-20,URUARÁ,PARÁ,Brasil,1508159,15,33,,,,Amazônia,3.3
0856c2ef-ebe9-3a91-bef2-c9c742ff03e3,-2.22762,-51.92414,2026-10-03 05:33:00,NOAA-20,PORTEL,PARÁ,Brasil,1505809,15,33,,,,Amazônia,0.6
d1c1e245-63f9-32fa-9fea-8a85e532523f,-3.28708,-53.82584,2026-10-03 05:33:00,NOAA-20,URUARÁ,PARÁ,Brasil,1508159,15,33,,,,Amazônia,3.1
bd1a76f8-6566-39b3-b178-f897ec8b6c02,-3.28879,-53.84812,2026-10-03 05:33:00,NOAA-20,URUARÁ,PARÁ,Brasil,1508159,15,33,,,,Amazônia,1.2
e13619d1-ffa4-3d86-8700-a3b2e197a3d1,-1.26517,-54.56659,2026-10-03 05:33:00,NOAA-20,MONTE ALEGRE,PARÁ,Brasil,1504802,15,33,,,,Amazônia,2.9
cbbccaa5-8a84-3aee-af96-c7499a31c95f,1.93543,-55.73163,2026-10-03 05:33:00,NOAA-20,ÓBIDOS,PARÁ,Brasil,1505106,15,33,,,,Amazônia,0.8
21397dd5-1382-3dc7-84bc-80ac7c96345c,-3.16902,-54.09601,2026-10-03 05:33:00,NOAA-20,URUARÁ,PARÁ,Brasil,1508159,15,33,,,,Amazônia,1.8
2d9151cc-f71d-3609-8d82-f6c7ea2a8bff,-3.1874,-54.10358,2026-10-03 05:33:00,NOAA-20,URUARÁ,PARÁ,Brasil,1508159,15,33,,,,Amazônia,4.8
9d8dc89a-c76f-354c-b0e5-c8f9be0d088e,-2.89162,-54.14814,2026-10-03 05:33:00,NOAA-20,SANTARÉM,PARÁ,Brasil,1506807,15,33,,,,Amazônia,3.4
5e3c3878-c337-3e61-bcb8-5d3ef8b85211,0.37765,-60.00097,2026-10-03 05:33:00,NOAA-20,SÃO JOÃO DA BALIZA,RORAIMA,Brasil,1400506,14,33,,,,Amazônia,1.0
2bf2639e-5f0d-32f8-a6c9-11abbac4b34a,-3.02627,-51.27682,2026-10-03 05:33:00,NOAA-20,ANAPU,PARÁ,Brasil,1500859,15,33,,,,Amazônia,0.7
a3d1f2ac-bb52-32fc-96cb-3f24365095fe,-2.92844,-54.10253,2026-10-03 05:33:00,NOAA-20,SANTARÉM,PARÁ,Brasil,1506807,15,33,,,,Amazônia,4.5
af5df490-fde7-3ff8-a073-0711282855c5,1.7781,-55.60441,2026-10-03 05:33:00,NOAA-20,ÓBIDOS,PARÁ,Brasil,1505106,15,33,,,,Amazônia,0.8
3bbf6adb-f2d5-37af-a082-a5469223a237,-3.13246,-53.75455,2026-10-03 05:33:00,NOAA-20,URUARÁ,PARÁ,Brasil,1508159,15,33,,,,Amazônia,3.4
5e673b4f-d742-3ea6-bb13-8b56ccf9678b,-2.91048,-54.08884,2026-10-03 05:33:00,NOAA-20,URUARÁ,PARÁ,Brasil,1508159,15,33,,,,Amazônia,2.4
9e830fb0-03c8-353b-907f-9c71c18fbc45,1.91433,-55.77611,2026-10-03 05:33:00,NOAA-20,ÓBIDOS,PARÁ,Brasil,1505106,15,33,,,,Amazônia,1.7
6f1c88ff-153a-36de-bd41-1d41e61b64fc,-3.12269,-53.75311,2026-10-03 05:33:00,NOAA-20,URUARÁ,PARÁ,Brasil,1508159,15,33,,,,Amazônia,3.9
8274e4d9-4716-34a7-a7a4-76588a4857e2,1.22567,-59.97092,2026-10-03 05:33:00,NOAA-20,CARACARAÍ,RORAIMA,Brasil,1400209,14,33,,,,Amazônia,0.7
c3d80dd9-c97d-364a-b093-cd688db19670,-2.89074,-54.12234,2026-10-03 05:33:00,NOAA-20,SANTARÉM,PARÁ,Brasil,1506807,15,33,,,,Amazônia,2.1
2b5c4db0-352d-3ded-ad3f-c542be98ffba,1.79238,-55.59159,2026-10-03 05:33:00,NOAA-20,ÓBIDOS,PARÁ,Brasil,1505106,15,33,,,,Amazônia,0.8
8f31fa74-f31a-3aa2-9d30-ef187ac2ee4a,-3.28357,-53.8285,2026-10-03 05:33:00,NOAA-20,URUARÁ,PARÁ,Brasil,1508159,15,33,,,,Amazônia,5.4
ac610506-aeac-3273-b075-e1bb663307f7,-1.26136,-54.56149,2026-10-03 05:33:00,NOAA-20,MONTE ALEGRE,PARÁ,Brasil,1504802,15,33,,,,Amazônia,1.9
a252c4b5-f715-36d1-b503-015e0e2bb011,-2.97571,-53.26433,2026-10-03 05:33:00,NOAA-20,MEDICILÂNDIA,PARÁ,Brasil,1504455,15,33,,,,Amazônia,1.4
e11a7190-e785-3a6a-bf8f-4f34fda56528,-3.1778,-54.10255,2026-10-03 05:33:00,NOAA-20,URUARÁ,PARÁ,Brasil,1508159,15,33,,,,Amazônia,2.0
c6c2eab3-060a-3432-858d-ff7c40649d35,-3.22985,-54.31393,2026-10-03 05:33:00,NOAA-20,MOJUÍ DOS CAMPOS,PARÁ,Brasil,1504752,15,33,,,,Amazônia,1.8
a7b48657-d2c7-3835-9f2a-2efbbd602d27,-3.71165,-50.65718,2026-10-03 05:33:00,NOAA-20,PACAJÁ,PARÁ,Brasil,1505486,15,33,,,,Amazônia,2.9
7ceb10ff-150f-3dcb-a5fb-eec8e55e10bb,-3.12676,-53.75927,2026-10-03 05:33:00,NOAA-20,URUARÁ,PARÁ,Brasil,1508159,15,33,,,,Amazônia,3.9
6fc6b690-963a-3c6a-9c38-2d6005661970,-2.17545,-49.77456,2026-10-03 05:33:00,NOAA-20,CAMETÁ,PARÁ,Brasil,1502103,15,33,,,,Amazônia,1.2
182bf637-9d4f-336b-95eb-2f5aae1febc9,-3.00971,-53.88691,2026-10-03 05:33:00,NOAA-20,URUARÁ,PARÁ,Brasil,1508159,15,33,,,,Amazônia,1.6
10217a77-59d2-3784-86b1-21854089929c,1.2229,-59.97491,2026-10-03 05:33:00,NOAA-20,CARACARAÍ,RORAIMA,Brasil,1400209,14,33,,,,Amazônia,0.8
d2793198-9efb-3d90-8d3d-a702d68257aa,-2.89542,-54.09185,2026-10-03 05:33:00,NOAA-20,URUARÁ,PARÁ,Brasil,1508159,15,33,,,,Amazônia,1.8
11d5b792-83f8-3208-83bf-f562e4154e27,-2.97486,-53.27001,2026-10-03 05:33:00,NOAA-20,MEDICILÂNDIA,PARÁ,Brasil,1504455,15,33,,,,Amazônia,1.9
d7c45a69-409a-3345-9815-42e414b58446,-2.97528,-53.26717,2026-10-03 05:33:00,NOAA-20,MEDICILÂNDIA,PARÁ,Brasil,1504455,15,33,,,,Amazônia,1.9
b1058947-184f-36cc-a373-280bb3e1d5a0,-2.15126,-59.22755,2026-10-03 05:33:00,NOAA-20,PRESIDENTE FIGUEIREDO,AMAZONAS,Brasil,1303536,13,33,,,,Amazônia,1.2
c1e71461-2709-3e53-b5ac-12d9fd2a5eff,-3.2908,-53.84619,2026-10-03 05:33:00,NOAA-20,URUARÁ,PARÁ,Brasil,1508159,15,33,,,,Amazônia,1.4
2e26f8c9-041e-3c92-9579-cf3ad6562441,-3.28145,-53.83031,2026-10-03 05:33:00,NOAA-20,URUARÁ,PARÁ,Brasil,1508159,15,33,,,,Amazônia,6.6
762dcae2-1ca2-3416-8817-36635096aa17,1.78496,-55.59626,2026-10-03 05:33:00,NOAA-20,ÓBIDOS,PARÁ,Brasil,1505106,15,33,,,,Amazônia,1.4
094e934c-87f7-3f51-9090-90a32c9a1f5b,1.80379,-55.58623,2026-10-03 05:33:00,NOAA-20,ÓBIDOS,PARÁ,Brasil,1505106,15,33,,,,Amazônia,0.7
f0cda760-498e-3312-928f-e623a83ba5c5,0.62368,-54.41202,2026-10-03 05:33:00,NOAA-20,ALMEIRIM,PARÁ,Brasil,1500503,15,33,,,,Amazônia,1.4
8ca49955-d012-3596-a19d-51cb12b8ce3b,-2.14781,-59.22703,2026-10-03 05:33:00,NOAA-20,PRESIDENTE FIGUEIREDO,AMAZONAS,Brasil,1303536,13,33,,,,Amazônia,1.2
d4c0ad40-760f-314a-99db-2a9d5b104bc4,-3.28759,-53.83475,2026-10-03 05:33:00,NOAA-20,URUARÁ,PARÁ,Brasil,1508159,15,33,,,,Amazônia,1.8
d4848c0f-5784-3157-8503-97733a35e220,-3.12513,-53.73684,2026-10-03 05:33:00,NOAA-20,URUARÁ,PARÁ,Brasil,1508159,15,33,,,,Amazônia,6.3
66c54abd-baf0-3a52-a788-374179b027a4,-3.17535,-54.08628,2026-10-03 05:33:00,NOAA-20,URUARÁ,PARÁ,Brasil,1508159,15,33,,,,Amazônia,3.3
e0e34b0a-23f4-3323-bf02-75396905ddee,-3.12758,-53.75383,2026-10-03 05:33:00,NOAA-20,URUARÁ,PARÁ,Brasil,1508159,15,33,,,,Amazônia,3.9
3f044275-c563-3cca-96c6-39805ca4808f,-3.14062,-53.73357,2026-10-03 05:33:00,NOAA-20,URUARÁ,PARÁ,Brasil,1508159,15,33,,,,Amazônia,4.0
298425a3-6882-3a0d-b717-f13e39828b06,-0.362,-52.01631,2026-10-03 05:33:00,NOAA-20,MAZAGÃO,AMAPÁ,Brasil,1600402,16,33,,,,Amazônia,2.3
a28447f2-168e-338e-ad8f-1a4157d8d241,-3.22589,-54.30816,2026-10-03 05:33:00,NOAA-20,MOJUÍ DOS CAMPOS,PARÁ,Brasil,1504752,15,33,,,,Amazônia,2.3
4225d6cf-c9bb-36e3-af3f-3c21ca671a14,1.78552,-55.59971,2026-10-03 05:33:00,NOAA-20,ÓBIDOS,PARÁ,Brasil,1505106,15,33,,,,Amazônia,1.3
796dbf33-a60e-3573-925e-2849dab660ee,-1.37119,-54.63774,2026-10-03 05:33:00,NOAA-20,ALENQUER,PARÁ,Brasil,1500404,15,33,,,,Amazônia,0.9
db5c7f2a-c617-332f-9b1c-fc72104b66b7,-2.56988,-54.74464,2026-10-03 05:33:00,NOAA-20,SANTARÉM,PARÁ,Brasil,1506807,15,33,,,,Amazônia,2.8
19dd8e20-dcdd-3b07-8586-36ba1d18b479,-3.17302,-54.1019,2026-10-03 05:33:00,NOAA-20,URUARÁ,PARÁ,Brasil,1508159,15,33,,,,Amazônia,1.5
0bf76fcd-6067-3470-aa1c-0dd37d571f4a,-2.04824,-56.86762,2026-10-03 05:33:00,NOAA-20,NHAMUNDÁ,AMAZONAS,Brasil,1303007,13,33,,,,Amazônia,1.0
185f67ed-5f6d-3652-b670-987b6c563b17,-0.3615,-52.01954,2026-10-03 05:33:00,NOAA-20,MAZAGÃO,AMAPÁ,Brasil,1600402,16,33,,,,Amazônia,2.3
c27c4a57-217c-32b2-9f1c-05140dee71fa,-1.26585,-54.56213,2026-10-03 05:33:00,NOAA-20,MONTE ALEGRE,PARÁ,Brasil,1504802,15,33,,,,Amazônia,2.9
42365aa7-eaaa-3d46-848d-b0ba78b3eb27,-2.93041,-54.15462,2026-10-03 05:33:00,NOAA-20,SANTARÉM,PARÁ,Brasil,1506807,15,33,,,,Amazônia,1.6
3b7f009a-6ced-3c89-968b-34b1a6ab6659,-2.25383,-51.93531,2026-10-03 05:33:00,NOAA-20,PORTEL,PARÁ,Brasil,1505809,15,33,,,,Amazônia,0.9
86c31252-3e3c-3e0d-a797-91d71e69abae,-2.24291,-51.93369,2026-10-03 05:33:00,NOAA-20,PORTEL,PARÁ,Brasil,1505809,15,33,,,,Amazônia,0.6
c95b7fc5-ba8f-39b4-bb46-1cd661631d31,-3.00084,-54.23202,2026-10-03 05:33:00,NOAA-20,SANTARÉM,PARÁ,Brasil,1506807,15,33,,,,Amazônia,2.5
d7c85398-0f16-3278-9277-a3858543d651,-0.37154,-52.02436,2026-10-03 05:33:00,NOAA-20,MAZAGÃO,AMAPÁ,Brasil,1600402,16,33,,,,Amazônia,5.4
ed0895b6-f328-3621-a570-d1c2c90e39e4,1.9043,-55.81351,2026-10-03 05:33:00,NOAA-20,ÓBIDOS,PARÁ,Brasil,1505106,15,33,,,,Amazônia,1.3
63dd08be-4f12-3582-b97d-324825c0e37d,-2.24837,-51.9345,2026-10-03 05:33:00,NOAA-20,PORTEL,PARÁ,Brasil,1505809,15,33,,,,Amazônia,0.9
fcc9c961-5548-3d5a-82b4-f6c45bde87bc,1.78607,-55.60316,2026-10-03 05:33:00,NOAA-20,ÓBIDOS,PARÁ,Brasil,1505106,15,33,,,,Amazônia,1.3
377c43b3-9faa-30fc-a5e2-200a0f645564,-3.01374,-53.89294,2026-10-03 05:33:00,NOAA-20,URUARÁ,PARÁ,Brasil,1508159,15,33,,,,Amazônia,2.4
17b36039-2c9f-35c2-9106-f741864745a8,1.80036,-55.59032,2026-10-03 05:33:00,NOAA-20,ÓBIDOS,PARÁ,Brasil,1505106,15,33,,,,Amazônia,3.0
a99ac0f2-5d62-3c57-9abb-12cb39e9e357,-1.21652,-54.53858,2026-10-03 05:33:00,NOAA-20,MONTE ALEGRE,PARÁ,Brasil,1504802,15,33,,,,Amazônia,3.7
3434569c-b299-33e2-b6f7-c1b5b192d998,-3.18015,-54.08688,2026-10-03 05:33:00,NOAA-20,URUARÁ,PARÁ,Brasil,1508159,15,33,,,,Amazônia,1.2
845d1cb4-a57a-3442-8955-81a8e0d63be1,-3.28676,-53.84011,2026-10-03 05:33:00,NOAA-20,URUARÁ,PARÁ,Brasil,1508159,15,33,,,,Amazônia,1.4
259f5984-6511-307a-b1d4-bad314d528a2,-3.28108,-53.84466,2026-10-03 05:33:00,NOAA-20,URUARÁ,PARÁ,Brasil,1508159,15,33,,,,Amazônia,1.4
0afd5dab-3de7-342d-ba26-9576ab6eccf8,-1.60897,-54.76175,2026-10-03 05:33:00,NOAA-20,ALENQUER,PARÁ,Brasil,1500404,15,33,,,,Amazônia,1.3
a9e32784-37ee-3b79-b4b7-a55a8b72238c,-3.28629,-53.83123,2026-10-03 05:33:00,NOAA-20,URUARÁ,PARÁ,Brasil,1508159,15,33,,,,Amazônia,3.1
101be984-04d0-3baf-b1d2-6ff56041fb69,-3.13899,-53.74443,2026-10-03 05:33:00,NOAA-20,URUARÁ,PARÁ,Brasil,1508159,15,33,,,,Amazônia,2.3
a764db84-ddeb-3034-b957-4bbcab08b3b0,-3.1341,-53.74371,2026-10-03 05:33:00,NOAA-20,URUARÁ,PARÁ,Brasil,1508159,15,33,,,,Amazônia,2.3
8cbf01f2-778f-3a5d-99ac-e66b5a9e7c08,1.94331,-55.73033,2026-10-03 05:33:00,NOAA-20,ÓBIDOS,PARÁ,Brasil,1505106,15,33,,,,Amazônia,0.5
aa2d1824-0086-3d75-a17a-c2c8de85049a,3.69998,-51.59471,2026-10-03 05:33:00,NOAA-20,OIAPOQUE,AMAPÁ,Brasil,1600501,16,33,,,,Amazônia,2.6
ccd07a88-bbca-34bb-878b-9041a11cecd6,1.92704,-55.80481,2026-10-03 05:33:00,NOAA-20,ÓBIDOS,PARÁ,Brasil,1505106,15,33,,,,Amazônia,1.4
85e4aa03-c0b2-3b77-ac0b-d40c158a5eb8,-3.13328,-53.74913,2026-10-03 05:33:00,NOAA-20,URUARÁ,PARÁ,Brasil,1508159,15,33,,,,Amazônia,2.3
bb12fcbe-4d63-37ae-b16c-c5c77d4bdd2c,-1.76493,-55.03121,2026-10-03 05:33:00,NOAA-20,ALENQUER,PARÁ,Brasil,1500404,15,33,,,,Amazônia,1.8
9d25cb8a-f420-3871-a4e6-8a80b8074c45,-3.17379,-54.09674,2026-10-03 05:33:00,NOAA-20,URUARÁ,PARÁ,Brasil,1508159,15,33,,,,Amazônia,1.8
47e3d78b-c648-3cf1-bb66-69124815efb8,-3.10668,-50.29812,2026-10-03 05:33:00,NOAA-20,PORTEL,PARÁ,Brasil,1505809,15,33,,,,Amazônia,1.1
d97ff6b2-2727-3235-916d-fdc0d902d604,2.54724,-60.61124,2026-10-03 05:33:00,NOAA-20,CANTÁ,RORAIMA,Brasil,1400175,14,33,,,,Amazônia,1.5
d9738d45-21f8-3b34-aacd-93d8b0c7f7c5,-3.88065,-49.69009,2026-10-03 05:33:00,NOAA-20,TUCURUÍ,PARÁ,Brasil,1508100,15,33,,,,Amazônia,1.9
9c1e5fa8-c1f3-3dd4-a7fb-7d8c6ad93aa2,-2.97443,-53.27286,2026-10-03 05:33:00,NOAA-20,MEDICILÂNDIA,PARÁ,Brasil,1504455,15,33,,,,Amazônia,1.5
c8d20f09-c3db-3a91-a316-910d7deb4982,-1.27034,-54.56277,2026-10-03 05:33:00,NOAA-20,MONTE ALEGRE,PARÁ,Brasil,1504802,15,33,,,,Amazônia,2.9
0bab4e6e-a2cd-333f-85d8-203c0a93162a,-2.97277,-54.0988,2026-10-03 05:33:00,NOAA-20,SANTARÉM,PARÁ,Brasil,1506807,15,33,,,,Amazônia,2.4
b6b9c8a2-c8f7-35c1-a542-bc5510c52698,-3.17692,-54.07579,2026-10-03 05:33:00,NOAA-20,URUARÁ,PARÁ,Brasil,1508159,15,33,,,,Amazônia,1.8
499d04a2-770a-3c9d-b630-55a8d1b0ca1e,-0.35722,-52.01236,2026-10-03 05:33:00,NOAA-20,MAZAGÃO,AMAPÁ,Brasil,1600402,16,33,,,,Amazônia,2.7
52bda9a8-70d3-3ece-92b5-21a5d8f924d4,-2.25437,-51.93179,2026-10-03 05:33:00,NOAA-20,PORTEL,PARÁ,Brasil,1505809,15,33,,,,Amazônia,2.3
ec94f1f3-14ea-38f3-a5b4-28694f696185,-3.22832,-54.31101,2026-10-03 05:33:00,NOAA-20,MOJUÍ DOS CAMPOS,PARÁ,Brasil,1504752,15,33,,,,Amazônia,2.5
86b9c196-824e-37e9-8a71-230fe71fe951,-2.33684,-51.94844,2026-10-03 05:33:00,NOAA-20,PORTO DE MOZ,PARÁ,Brasil,1505908,15,33,,,,Amazônia,1.1
75df0885-f220-3b55-ad59-7c3bdfe10c72,-3.69863,-50.97631,2026-10-03 05:33:00,NOAA-20,PACAJÁ,PARÁ,Brasil,1505486,15,33,,,,Amazônia,0.8
9c86a847-3002-3200-bacb-28343f1c3278,-0.3525,-52.01048,2026-10-03 05:33:00,NOAA-20,MAZAGÃO,AMAPÁ,Brasil,1600402,16,33,,,,Amazônia,3.7
46663b45-8fe6-321c-af7f-09e450b4027c,-1.05781,-53.58927,2026-10-03 05:33:00,NOAA-20,ALMEIRIM,PARÁ,Brasil,1500503,15,33,,,,Amazônia,0.9
ec1a443a-c4e8-39f5-9a46-c91739dfc1c5,0.22907,-60.50156,2026-10-03 05:33:00,NOAA-20,RORAINÓPOLIS,RORAIMA,Brasil,1400472,14,33,,,,Amazônia,0.4
2a1fcab0-ac43-3ce5-9059-eb553245180e,1.78209,-55.60378,2026-10-03 05:33:00,NOAA-20,ÓBIDOS,PARÁ,Brasil,1505106,15,33,,,,Amazônia,1.3
08855c09-43e8-3757-8796-9906af30560f,-3.13084,-53.73213,2026-10-03 05:33:00,NOAA-20,URUARÁ,PARÁ,Brasil,1508159,15,33,,,,Amazônia,6.3
00e383da-128f-35a1-9a6e-d74f9563b90e,-3.71097,-50.66175,2026-10-03 05:33:00,NOAA-20,PACAJÁ,PARÁ,Brasil,1505486,15,33,,,,Amazônia,2.9
ed05dda3-618b-33b1-84a0-00323b49f0aa,-2.89152,-54.11728,2026-10-03 05:33:00,NOAA-20,SANTARÉM,PARÁ,Brasil,1506807,15,33,,,,Amazônia,5.8
697892b8-5e0f-3ba5-8bca-84ae7b5f7531,-3.28393,-53.84734,2026-10-03 05:33:00,NOAA-20,URUARÁ,PARÁ,Brasil,1508159,15,33,,,,Amazônia,1.2
d8875df1-71d9-392b-845d-afc2e61958aa,-2.88677,-54.11657,2026-10-03 05:33:00,NOAA-20,SANTARÉM,PARÁ,Brasil,1506807,15,33,,,,Amazônia,2.4
c6c82627-4824-32ec-b00d-663505f15458,-2.9698,-53.26937,2026-10-03 05:33:00,NOAA-20,MEDICILÂNDIA,PARÁ,Brasil,1504455,15,33,,,,Amazônia,1.9
d8bd9579-ccdd-3438-bf94-13c21d421a0e,1.79981,-55.58687,2026-10-03 05:33:00,NOAA-20,ÓBIDOS,PARÁ,Brasil,1505106,15,33,,,,Amazônia,2.1
8bc02c3e-9160-33c3-960b-c777f956cf1d,-1.26655,-54.55762,2026-10-03 05:33:00,NOAA-20,MONTE ALEGRE,PARÁ,Brasil,1504802,15,33,,,,Amazônia,2.8
4aae6510-82e4-30c5-b683-874994bd8ffb,-2.05215,-56.8681,2026-10-03 05:33:00,NOAA-20,NHAMUNDÁ,AMAZONAS,Brasil,1303007,13,33,,,,Amazônia,1.0
b6c69079-a24c-3153-87cb-ec7cc673e510,-3.00568,-53.88087,2026-10-03 05:33:00,NOAA-20,URUARÁ,PARÁ,Brasil,1508159,15,33,,,,Amazônia,1.6
568bd9ff-32da-37e9-b318-a972f52d4d10,-1.73604,-57.17538,2026-10-03 05:33:00,NOAA-20,NHAMUNDÁ,AMAZONAS,Brasil,1303007,13,33,,,,Amazônia,2.1
f29964f3-04e1-38cb-bb0d-ead75efa09ef,-3.4097,-52.83406,2026-10-03 05:33:00,NOAA-20,MEDICILÂNDIA,PARÁ,Brasil,1504455,15,33,,,,Amazônia,1.6
95179e3b-d0d7-3281-99c2-07aa88dc0a55,-3.21575,-53.94807,2026-10-03 05:33:00,NOAA-20,URUARÁ,PARÁ,Brasil,1508159,15,33,,,,Amazônia,4.1
5867bf25-9f62-31c8-9824-82107a41a614,-3.11862,-53.74694,2026-10-03 05:33:00,NOAA-20,URUARÁ,PARÁ,Brasil,1508159,15,33,,,,Amazônia,11.2
19ce589a-8760-3fac-a7c5-059394ec879b,1.21959,-59.97543,2026-10-03 05:33:00,NOAA-20,CARACARAÍ,RORAIMA,Brasil,1400209,14,33,,,,Amazônia,0.8
ae7bde94-fb5e-37fd-b6b5-14e2312782cb,2.35969,-50.7526,2026-10-03 05:33:00,NOAA-20,CALÇOENE,AMAPÁ,Brasil,1600204,16,33,,,,Amazônia,1.8
be408b1a-e258-34e1-b956-d79d2424aa2c,-3.8813,-49.6855,2026-10-03 05:33:00,NOAA-20,TUCURUÍ,PARÁ,Brasil,1508100,15,33,,,,Amazônia,1.9
67542f24-898e-38e8-bf3d-844ac557651f,0.62739,-54.40704,2026-10-03 05:33:00,NOAA-20,ALMEIRIM,PARÁ,Brasil,1500503,15,33,,,,Amazônia,1.4
8c4eaa0e-59e0-30c5-b894-4107b2ee046c,-2.90096,-54.08746,2026-10-03 05:33:00,NOAA-20,URUARÁ,PARÁ,Brasil,1508159,15,33,,,,Amazônia,4.2
4cb03a9a-1745-303a-96b0-0b531fd5541c,-3.29726,-50.32211,2026-10-03 05:33:00,NOAA-20,PORTEL,PARÁ,Brasil,1505809,15,33,,,,Amazônia,0.9
85d99d1c-e3c2-3405-b516-47084ca819de,-0.35194,-52.01158,2026-10-03 05:33:00,NOAA-20,MAZAGÃO,AMAPÁ,Brasil,1600402,16,33,,,,Amazônia,4.8
15eeb6c1-4156-3db7-85d8-12fd9fac59fd,-3.05592,-54.16583,2026-10-03 05:33:00,NOAA-20,SANTARÉM,PARÁ,Brasil,1506807,15,33,,,,Amazônia,4.0
9f3cd458-d2fb-37ab-badb-f6afafa18820,1.92522,-55.74357,2026-10-03 05:33:00,NOAA-20,ÓBIDOS,PARÁ,Brasil,1505106,15,33,,,,Amazônia,1.1
99f9dd9c-0038-306c-8eae-f850588f5bbe,0.90957,-59.62799,2026-10-03 05:33:00,NOAA-20,CAROEBE,RORAIMA,Brasil,1400233,14,33,,,,Amazônia,0.5
0835a030-57b9-3242-ba84-14be2e99e651,-3.13492,-53.73827,2026-10-03 05:33:00,NOAA-20,URUARÁ,PARÁ,Brasil,1508159,15,33,,,,Amazônia,4.0
a5a1d104-40ec-35d6-bf5f-854f2b9f08f9,1.7895,-55.59908,2026-10-03 05:33:00,NOAA-20,ÓBIDOS,PARÁ,Brasil,1505106,15,33,,,,Amazônia,0.9
0691ce00-cc07-3814-8517-92a178ae05b6,-1.26067,-54.56596,2026-10-03 05:33:00,NOAA-20,MONTE ALEGRE,PARÁ,Brasil,1504802,15,33,,,,Amazônia,1.9
1a3cd25d-44ad-36b8-90fe-8d6d9a9aa603,3.79353,-60.97286,2026-10-03 05:33:00,NOAA-20,AMAJARI,RORAIMA,Brasil,1400027,14,33,,,,Amazônia,1.6
19620728-db37-3258-99dd-218675e11367,-3.07453,-51.27577,2026-10-03 05:33:00,NOAA-20,ANAPU,PARÁ,Brasil,1500859,15,33,,,,Amazônia,2.6
08d1c0c2-3296-3737-bd04-fb017729f2f8,-3.02688,-51.27282,2026-10-03 05:33:00,NOAA-20,ANAPU,PARÁ,Brasil,1500859,15,33,,,,Amazônia,0.7
25af4711-5087-3d8d-9384-54f9e0408881,1.91133,-55.80725,2026-10-03 05:33:00,NOAA-20,ÓBIDOS,PARÁ,Brasil,1505106,15,33,,,,Amazônia,2.2
0bf2974b-4542-3b4d-96be-eadbb524a38d,-3.10809,-50.2886,2026-10-03 05:33:00,NOAA-20,PORTEL,PARÁ,Brasil,1505809,15,33,,,,Amazônia,2.5
9a9e90a2-4eb8-3c2c-8cbd-94df24645cd6,-2.33738,-51.94494,2026-10-03 05:33:00,NOAA-20,PORTO DE MOZ,PARÁ,Brasil,1505908,15,33,,,,Amazônia,1.0
1fab078d-34f0-37bc-a803-9a01023f918b,-3.22515,-54.31318,2026-10-03 05:33:00,NOAA-20,MOJUÍ DOS CAMPOS,PARÁ,Brasil,1504752,15,33,,,,Amazônia,1.8
8b862348-71dc-3243-8ee7-9f2ed3502d27,1.80103,-55.56899,2026-10-03 05:33:00,NOAA-20,ÓBIDOS,PARÁ,Brasil,1505106,15,33,,,,Amazônia,1.5
ad1eb17b-fc7b-3b22-a870-ebe8b6dc0d74,1.90741,-55.8079,2026-10-03 05:33:00,NOAA-20,ÓBIDOS,PARÁ,Brasil,1505106,15,33,,,,Amazônia,2.2
cb5fe7c3-1661-3460-be8f-ce6f51ba7348,-3.13002,-53.73756,2026-10-03 05:33:00,NOAA-20,URUARÁ,PARÁ,Brasil,1508159,15,33,,,,Amazônia,6.3
5e7541ce-86b1-313e-8838-1736f6415ff4,1.77866,-55.60785,2026-10-03 05:33:00,NOAA-20,ÓBIDOS,PARÁ,Brasil,1505106,15,33,,,,Amazônia,0.7
dcb9af65-b074-3118-9f78-9b16a9ed4410,-1.73984,-57.17599,2026-10-03 05:33:00,NOAA-20,NHAMUNDÁ,AMAZONAS,Brasil,1303007,13,33,,,,Amazônia,2.1
ca370365-77ef-3eb6-96ef-308af764d046,-3.1618,-54.0789,2026-10-03 05:33:00,NOAA-20,URUARÁ,PARÁ,Brasil,1508159,15,33,,,,Amazônia,1.5
7078c887-0c64-34f8-809e-8f1376c9db69,-3.28997,-53.85154,2026-10-03 05:33:00,NOAA-20,URUARÁ,PARÁ,Brasil,1508159,15,33,,,,Amazônia,1.5
856b86a4-ce2a-375c-8fb6-dee8e5762582,-3.7002,-50.98167,2026-10-03 05:33:00,NOAA-20,PACAJÁ,PARÁ,Brasil,1505486,15,33,,,,Amazônia,1.4
ff407376-795e-3d13-886b-a3842bcf100a,1.78441,-55.59283,2026-10-03 05:33:00,NOAA-20,ÓBIDOS,PARÁ,Brasil,1505106,15,33,,,,Amazônia,1.4
767dd3a0-8f52-3da1-87ac-bf1152e32588,-3.17857,-54.09741,2026-10-03 05:33:00,NOAA-20,URUARÁ,PARÁ,Brasil,1508159,15,33,,,,Amazônia,3.3
995fb6c8-1020-3b1c-98b7-b970955277d6,-3.11494,-50.28477,2026-10-03 05:33:00,NOAA-20,PORTEL,PARÁ,Brasil,1505809,15,33,,,,Amazônia,1.4
a7f316cc-4010-3ff6-ab7b-1cbcc5f29473,1.91201,-55.7867,2026-10-03 05:33:00,NOAA-20,ÓBIDOS,PARÁ,Brasil,1505106,15,33,,,,Amazônia,3.6
a2ed59a3-9a32-3051-90b4-b8d1601e87e1,-1.60969,-54.75716,2026-10-03 05:33:00,NOAA-20,ALENQUER,PARÁ,Brasil,1500404,15,33,,,,Amazônia,1.2
ea6aa39e-87d4-3658-84c0-93fdff7dcdc6,-2.1699,-49.7687,2026-10-03 05:33:00,NOAA-20,CAMETÁ,PARÁ,Brasil,1502103,15,33,,,,Amazônia,1.2
3a174e2c-14b1-31be-b11e-afe210480797,2.35469,-50.75566,2026-10-03 05:33:00,NOAA-20,CALÇOENE,AMAPÁ,Brasil,1600204,16,33,,,,Amazônia,1.3
a7ee0054-a835-370d-9608-99d988c09671,-3.2109,-53.94748,2026-10-03 05:33:00,NOAA-20,URUARÁ,PARÁ,Brasil,1508159,15,33,,,,Amazônia,4.1
cc3fa527-4531-3037-9b10-1436efa4db05,-3.29365,-53.84888,2026-10-03 05:33:00,NOAA-20,URUARÁ,PARÁ,Brasil,1508159,15,33,,,,Amazônia,1.9
d28eb392-dfbd-31c4-95fd-4c0eeed1c700,-3.16657,-54.07968,2026-10-03 05:33:00,NOAA-20,URUARÁ,PARÁ,Brasil,1508159,15,33,,,,Amazônia,1.5
7838b75b-d0c0-3377-9726-85692a51abcf,-3.12839,-53.7484,2026-10-03 05:33:00,NOAA-20,URUARÁ,PARÁ,Brasil,1508159,15,33,,,,Amazônia,4.6
2e490d13-32e1-335e-8300-8dd04e28f367,-3.00648,-53.87553,2026-10-03 05:33:00,NOAA-20,URUARÁ,PARÁ,Brasil,1508159,15,33,,,,Amazônia,2.7
810f74ce-04a1-3bbc-b209-28e5973c224a,1.93229,-55.73729,2026-10-03 05:33:00,NOAA-20,ÓBIDOS,PARÁ,Brasil,1505106,15,33,,,,Amazônia,1.0
4d0e9539-dbe8-32a4-84bb-1e9aee9b5be0,1.7883,-55.61694,2026-10-03 05:33:00,NOAA-20,ÓBIDOS,PARÁ,Brasil,1505106,15,33,,,,Amazônia,4.2
78b8a572-5ec0-351d-ab9a-16d3a423cc19,-3.28064,-53.83582,2026-10-03 05:33:00,NOAA-20,URUARÁ,PARÁ,Brasil,1508159,15,33,,,,Amazônia,1.4
4c4c41df-4bbf-39d7-b06a-b005817c1606,-3.18337,-54.09794,2026-10-03 05:33:00,NOAA-20,URUARÁ,PARÁ,Brasil,1508159,15,33,,,,Amazônia,3.3
1e68599f-eca4-35eb-b2d5-1faed189b425,-3.01857,-53.89365,2026-10-03 05:33:00,NOAA-20,URUARÁ,PARÁ,Brasil,1508159,15,33,,,,Amazônia,2.4
50e904dc-aef2-3c6d-b0a4-d20cf2d145ac,-2.03912,-54.29579,2026-10-03 05:33:00,NOAA-20,MONTE ALEGRE,PARÁ,Brasil,1504802,15,33,,,,Amazônia,1.6
cffd9878-8a59-3140-9290-d8edc558e62c,-2.97022,-53.26654,2026-10-03 05:33:00,NOAA-20,MEDICILÂNDIA,PARÁ,Brasil,1504455,15,33,,,,Amazônia,1.9
d7fc9e7e-e79a-39fc-88d5-a1b6cdcea38c,-3.16824,-54.1012,2026-10-03 05:33:00,NOAA-20,URUARÁ,PARÁ,Brasil,1508159,15,33,,,,Amazônia,1.5
d8901850-48d8-3ede-bf12-7fee568bece9,1.79637,-55.59096,2026-10-03 05:33:00,NOAA-20,ÓBIDOS,PARÁ,Brasil,1505106,15,33,,,,Amazônia,3.0
25cf6b9b-cc79-3f13-98f7-1cb542484b4d,-3.18095,-54.08155,2026-10-03 05:33:00,NOAA-20,URUARÁ,PARÁ,Brasil,1508159,15,33,,,,Amazônia,1.2
669757bd-c6b9-31c0-b234-6761ea202676,-3.15702,-54.07814,2026-10-03 05:33:00,NOAA-20,URUARÁ,PARÁ,Brasil,1508159,15,33,,,,Amazônia,1.7
2bcd4fad-90bf-3281-ad58-18608dc9da0c,-2.89635,-54.14894,2026-10-03 05:33:00,NOAA-20,SANTARÉM,PARÁ,Brasil,1506807,15,33,,,,Amazônia,3.0
7219f84f-3d18-3c7a-9ede-fb51af10c365,1.7884,-55.59221,2026-10-03 05:33:00,NOAA-20,ÓBIDOS,PARÁ,Brasil,1505106,15,33,,,,Amazônia,0.8
105e00ba-a416-30e9-8119-d380979f697a,-3.12921,-53.74298,2026-10-03 05:33:00,NOAA-20,URUARÁ,PARÁ,Brasil,1508159,15,33,,,,Amazônia,4.6
33551d3d-bdbf-3bf0-868a-321ed16e9836,4.51134,-61.20039,2026-10-03 05:33:00,NOAA-20,PACARAIMA,RORAIMA,Brasil,1400456,14,33,,,,Amazônia,0.3
8a902236-9e7a-3827-a1e7-a246b71f3394,-3.29523,-53.83815,2026-10-03 05:33:00,NOAA-20,URUARÁ,PARÁ,Brasil,1508159,15,33,,,,Amazônia,0.8
e9a4706e-a5d2-3c63-ba38-905dce15abe7,-2.26542,-54.49722,2026-10-03 05:33:00,NOAA-20,SANTARÉM,PARÁ,Brasil,1506807,15,33,,,,Amazônia,1.5
88a372f1-83b4-33e4-baa0-1a5294d615c3,-0.36627,-52.02355,2026-10-03 05:33:00,NOAA-20,MAZAGÃO,AMAPÁ,Brasil,1600402,16,33,,,,Amazônia,5.4
c957b400-1595-3a6c-8420-a0d47c1ac748,-3.12432,-53.74225,2026-10-03 05:33:00,NOAA-20,URUARÁ,PARÁ,Brasil,1508159,15,33,,,,Amazônia,4.6
ec7fa092-d7c3-3dcb-90fc-0b5a02286a45,-3.28224,-53.82488,2026-10-03 05:33:00,NOAA-20,URUARÁ,PARÁ,Brasil,1508159,15,33,,,,Amazônia,6.6
47a59634-67aa-3e6c-b2b8-1cd90c4ab1ed,-3.28842,-53.82938,2026-10-03 05:33:00,NOAA-20,URUARÁ,PARÁ,Brasil,1508159,15,33,,,,Amazônia,1.8
524d09c4-e0c1-3280-9c99-8df4344f59a5,-2.25329,-51.93883,2026-10-03 05:33:00,NOAA-20,PORTEL,PARÁ,Brasil,1505809,15,33,,,,Amazônia,0.9
75488a8a-4a79-30f7-bcbd-38030d498420,-2.15293,-53.66152,2026-10-03 05:33:00,NOAA-20,PRAINHA,PARÁ,Brasil,1506005,15,33,,,,Amazônia,2.0
24d06465-2b63-30b3-99ba-4829d6c54a4b,-3.12351,-53.74767,2026-10-03 05:33:00,NOAA-20,URUARÁ,PARÁ,Brasil,1508159,15,33,,,,Amazônia,4.6
b1cd2d18-4b7d-3fb1-8a59-3407c56f73ae,-1.64392,-55.14357,2026-10-03 05:33:00,NOAA-20,CURUÁ,PARÁ,Brasil,1502855,15,33,,,,Amazônia,0.9
d0de1f0e-9415-318a-aafb-500e03cdd1af,1.91514,-55.7811,2026-10-03 05:33:00,NOAA-20,ÓBIDOS,PARÁ,Brasil,1505106,15,33,,,,Amazônia,3.6
4a47508e-6c3e-302b-9cf1-4fa89ad59045,-3.27986,-53.84121,2026-10-03 05:33:00,NOAA-20,URUARÁ,PARÁ,Brasil,1508159,15,33,,,,Amazônia,1.4
4857ffdd-c80f-3061-8192-ee6693779cda,-0.36678,-52.02031,2026-10-03 05:33:00,NOAA-20,MAZAGÃO,AMAPÁ,Brasil,1600402,16,33,,,,Amazônia,12.7
e8600e91-9f2e-36c4-aca2-a4feac43dde3,-3.2819,-53.83934,2026-10-03 05:33:00,NOAA-20,URUARÁ,PARÁ,Brasil,1508159,15,33,,,,Amazônia,1.4
a8ac822c-608c-3434-88d8-ed81a41a4380,-3.01454,-53.88763,2026-10-03 05:33:00,NOAA-20,URUARÁ,PARÁ,Brasil,1508159,15,33,,,,Amazônia,3.5
d4eb2875-7b8a-3274-8422-c3d57ba47378,1.90822,-55.81287,2026-10-03 05:33:00,NOAA-20,ÓBIDOS,PARÁ,Brasil,1505106,15,33,,,,Amazônia,2.0
ec063b6e-feab-3e89-b3ba-2bdaafd5776e,-1.76996,-55.02766,2026-10-03 05:33:00,NOAA-20,ALENQUER,PARÁ,Brasil,1500404,15,33,,,,Amazônia,0.8
b0bdc463-10fc-3767-8ee5-b36d72301fa0,-3.21892,-54.30951,2026-10-03 05:33:00,NOAA-20,MOJUÍ DOS CAMPOS,PARÁ,Brasil,1504752,15,33,,,,Amazônia,0.7
1fc64de1-20f7-3c4e-95a2-6a6eb91e5577,-2.89239,-54.14315,2026-10-03 05:33:00,NOAA-20,SANTARÉM,PARÁ,Brasil,1506807,15,33,,,,Amazônia,3.4
6e1f2198-f667-3ca7-9bcd-470d8c7333e3,-3.0278,-51.27269,2026-10-03 05:33:00,NOAA-20,ANAPU,PARÁ,Brasil,1500859,15,33,,,,Amazônia,0.6
ac52699d-5570-38a0-8568-3e2cbb3838ea,0.62808,-54.41135,2026-10-03 05:33:00,NOAA-20,ALMEIRIM,PARÁ,Brasil,1500503,15,33,,,,Amazônia,1.4
21efc3da-1222-369e-a059-91ebb86a5b95,-1.22031,-54.54366,2026-10-03 05:33:00,NOAA-20,MONTE ALEGRE,PARÁ,Brasil,1504802,15,33,,,,Amazônia,3.7
3cbd5bf3-b253-3bf3-8de7-da4092344816,1.90808,-55.78733,2026-10-03 05:33:00,NOAA-20,ÓBIDOS,PARÁ,Brasil,1505106,15,33,,,,Amazônia,3.4
88b2008e-2014-32a9-ac3c-749d58831b7c,-2.48624,-56.09428,2026-10-03 05:33:00,NOAA-20,JURUTI,PARÁ,Brasil,1503903,15,33,,,,Amazônia,1.3
f3703e53-25a4-33a5-8dc6-fbd3378b73cc,-3.17056,-54.08567,2026-10-03 05:33:00,NOAA-20,URUARÁ,PARÁ,Brasil,1508159,15,33,,,,Amazônia,3.3
8f704f99-f8a3-3fb1-808e-ed9773067811,4.69728,-60.84589,2026-10-03 05:33:00,NOAA-20,PACARAIMA,RORAIMA,Brasil,1400456,14,33,,,,Amazônia,1.9
1aadb3c8-ea37-3450-8173-d45fe25b05bb,-6.01946,-53.53827,2026-10-03 05:36:00,NOAA-20,ALTAMIRA,PARÁ,Brasil,1500602,15,33,,,,Amazônia,0.9
6e38af96-5906-3931-accf-022c45bb53e9,-6.01076,-53.53402,2026-10-03 05:36:00,NOAA-20,ALTAMIRA,PARÁ,Brasil,1500602,15,33,,,,Amazônia,0.9
00c377fe-f43a-3999-9ffb-c631b7ea2152,-3.68134,-60.53968,2026-10-03 05:36:00,NOAA-20,MANAQUIRI,AMAZONAS,Brasil,1302553,13,33,,,,Amazônia,3.0
d904cf57-7ae1-3146-9997-3459fc76dc06,-6.01545,-53.53837,2026-10-03 05:36:00,NOAA-20,ALTAMIRA,PARÁ,Brasil,1500602,15,33,,,,Amazônia,1.0
3245fae0-f67e-392a-aa79-3dce81879563,-4.40903,-49.97016,2026-10-03 05:36:00,NOAA-20,NOVO REPARTIMENTO,PARÁ,Brasil,1505064,15,33,,,,Amazônia,1.3
532217e0-5b78-3ba6-8f06-c3fc9fd4852e,-3.64139,-55.50157,2026-10-03 05:36:00,NOAA-20,AVEIRO,PARÁ,Brasil,1501006,15,33,,,,Amazônia,2.8
17c55c55-0940-3380-a5e9-187eaf8ecff9,-6.23535,-53.15511,2026-10-03 05:36:00,NOAA-20,SÃO FÉLIX DO XINGU,PARÁ,Brasil,1507300,15,33,,,,Amazônia,3.5
10104fd1-840b-3f85-9055-cadc4e652e0e,-3.51483,-54.60192,2026-10-03 05:36:00,NOAA-20,PLACAS,PARÁ,Brasil,1505650,15,33,,,,Amazônia,7.4
baa0f50c-f2ed-3d2e-9441-9a445615a4bf,-6.21955,-60.03061,2026-10-03 05:36:00,NOAA-20,NOVO ARIPUANÃ,AMAZONAS,Brasil,1303304,13,33,,,,Amazônia,0.7
5d56d983-48b5-31fb-9f2b-59eb868d23e1,-6.21381,-60.02193,2026-10-03 05:36:00,NOAA-20,NOVO ARIPUANÃ,AMAZONAS,Brasil,1303304,13,33,,,,Amazônia,2.0
4613a03f-8c59-335d-aeae-85d05bd5a5cc,-6.22015,-60.02679,2026-10-03 05:36:00,NOAA-20,NOVO ARIPUANÃ,AMAZONAS,Brasil,1303304,13,33,,,,Amazônia,0.8
d39aafac-d0bd-345f-9986-af29353fe526,-6.00916,-53.53635,2026-10-03 05:36:00,NOAA-20,ALTAMIRA,PARÁ,Brasil,1500602,15,33,,,,Amazônia,1.1
4c60a8e3-7404-3f27-85c4-094dcfe1ed3d,-6.01383,-53.54058,2026-10-03 05:36:00,NOAA-20,ALTAMIRA,PARÁ,Brasil,1500602,15,33,,,,Amazônia,1.1
37004f34-b34f-3081-a18f-b8d5b44b71a8,-4.42711,-55.75276,2026-10-03 05:36:00,NOAA-20,ITAITUBA,PARÁ,Brasil,1503606,15,33,,,,Amazônia,2.2
5e764917-d16c-30df-8faa-408088ee2a2e,-6.01591,-53.53503,2026-10-03 05:36:00,NOAA-20,ALTAMIRA,PARÁ,Brasil,1500602,15,33,,,,Amazônia,0.9
586cc83b-163d-3bd2-bfcb-028140140604,-4.79163,-55.71865,2026-10-03 05:36:00,NOAA-20,TRAIRÃO,PARÁ,Brasil,1508050,15,33,,,,Amazônia,2.6
43796a72-8d67-3fbc-a16a-15cb010e6e5b,-6.864,-59.27504,2026-10-03 05:36:00,NOAA-20,APUÍ,AMAZONAS,Brasil,1300144,13,33,,,,Amazônia,0.7
69c5c1c2-6273-3b7d-87a9-508e6d37c843,-6.85636,-59.25245,2026-10-03 05:36:00,NOAA-20,APUÍ,AMAZONAS,Brasil,1300144,13,33,,,,Amazônia,1.6
c25b0e1f-82d8-32af-87d5-062aa95e5f04,-6.91534,-59.28559,2026-10-03 05:36:00,NOAA-20,APUÍ,AMAZONAS,Brasil,1300144,13,33,,,,Amazônia,1.8
8309a0f9-cd5c-3e68-9be8-e3e1d22cb190,-4.26253,-50.74554,2026-10-03 05:36:00,NOAA-20,NOVO REPARTIMENTO,PARÁ,Brasil,1505064,15,33,,,,Amazônia,2.3
6f2d3c18-e778-30d0-b77c-6271c9a96693,-4.26309,-50.74775,2026-10-03 05:36:00,NOAA-20,NOVO REPARTIMENTO,PARÁ,Brasil,1505064,15,33,,,,Amazônia,2.5
76906da7-975c-382a-a3fc-d2d7752a11e4,-3.64075,-55.50578,2026-10-03 05:36:00,NOAA-20,AVEIRO,PARÁ,Brasil,1501006,15,33,,,,Amazônia,2.8
df7ab076-9444-31b4-b716-344dfdedf86a,-5.11743,-56.02799,2026-10-03 05:36:00,NOAA-20,TRAIRÃO,PARÁ,Brasil,1508050,15,33,,,,Amazônia,1.3
ff4f740d-65fe-3515-842c-94c88e121a7f,-3.95592,-55.3244,2026-10-03 05:36:00,NOAA-20,AVEIRO,PARÁ,Brasil,1501006,15,33,,,,Amazônia,1.0
e98be8a0-bd22-3334-8533-10ea18c26e41,-5.25155,-55.92418,2026-10-03 05:36:00,NOAA-20,TRAIRÃO,PARÁ,Brasil,1508050,15,33,,,,Amazônia,1.8
3e160e85-6605-39f2-9762-e685cd83e3cd,-3.64575,-55.50227,2026-10-03 05:36:00,NOAA-20,AVEIRO,PARÁ,Brasil,1501006,15,33,,,,Amazônia,2.8
c584634f-e542-349d-9133-69255a6d6fc8,-5.86276,-53.47686,2026-10-03 05:36:00,NOAA-20,ALTAMIRA,PARÁ,Brasil,1500602,15,33,,,,Amazônia,1.6
4333e8df-6e0e-3a94-b44c-fc1bbd3111cc,-4.26926,-50.74199,2026-10-03 05:36:00,NOAA-20,NOVO REPARTIMENTO,PARÁ,Brasil,1505064,15,33,,,,Amazônia,2.7
4e72609a-7d95-3d17-80dc-62cca5228732,-5.89049,-55.48615,2026-10-03 05:36:00,NOAA-20,ITAITUBA,PARÁ,Brasil,1503606,15,33,,,,Amazônia,4.3
93e34039-4bca-3fb6-8621-4a9fd7e09816,-4.40979,-49.96504,2026-10-03 05:36:00,NOAA-20,NOVO REPARTIMENTO,PARÁ,Brasil,1505064,15,33,,,,Amazônia,1.5
139279e8-0ff9-3093-882c-2f7f8d3de121,-4.2822,-50.78794,2026-10-03 05:36:00,NOAA-20,NOVO REPARTIMENTO,PARÁ,Brasil,1505064,15,33,,,,Amazônia,1.4
820a528e-d3a1-354b-ad8c-b85a4d9620b4,-5.85807,-53.47258,2026-10-03 05:36:00,NOAA-20,ALTAMIRA,PARÁ,Brasil,1500602,15,33,,,,Amazônia,0.7
9bc432db-2439-3100-8d37-568e48e685fb,-3.24655,-54.52113,2026-10-03 05:36:00,NOAA-20,MOJUÍ DOS CAMPOS,PARÁ,Brasil,1504752,15,33,,,,Amazônia,2.0
aa1ae289-9aab-3880-aef5-4dc91cb9d3b1,-6.85509,-59.97068,2026-10-03 05:36:00,NOAA-20,APUÍ,AMAZONAS,Brasil,1300144,13,33,,,,Amazônia,0.8
97dd8974-74ca-3f20-bfde-13b035be34a4,-4.42333,-55.74834,2026-10-03 05:36:00,NOAA-20,ITAITUBA,PARÁ,Brasil,1503606,15,33,,,,Amazônia,3.3
293d5f53-dbe3-398a-9c48-3cabd36a35b6,-6.86463,-59.2709,2026-10-03 05:36:00,NOAA-20,APUÍ,AMAZONAS,Brasil,1300144,13,33,,,,Amazônia,0.7
a37f7009-4606-36bc-95bd-a386d561cbae,-3.62759,-60.21033,2026-10-03 05:36:00,NOAA-20,CAREIRO,AMAZONAS,Brasil,1301100,13,33,,,,Amazônia,1.6
cc7e3b1d-c46e-3442-b18d-7659d2bafd78,-6.04431,-59.9341,2026-10-03 05:36:00,NOAA-20,NOVO ARIPUANÃ,AMAZONAS,Brasil,1303304,13,33,,,,Amazônia,1.1
26dc4679-4b1c-312e-946e-f43269975663,-4.78666,-55.72203,2026-10-03 05:36:00,NOAA-20,TRAIRÃO,PARÁ,Brasil,1508050,15,33,,,,Amazônia,2.6
1969b5b4-86df-3617-ba0e-dfbe75f48c0b,-5.85299,-53.47107,2026-10-03 05:36:00,NOAA-20,ALTAMIRA,PARÁ,Brasil,1500602,15,33,,,,Amazônia,0.8
5fd0401c-900a-3873-86e6-03fce0351800,-6.07931,-53.30978,2026-10-03 05:36:00,NOAA-20,SÃO FÉLIX DO XINGU,PARÁ,Brasil,1507300,15,33,,,,Amazônia,0.8
ada9c588-530d-3600-8b3e-15e5ae8f561e,-4.12285,-55.01871,2026-10-03 05:36:00,NOAA-20,RURÓPOLIS,PARÁ,Brasil,1506195,15,33,,,,Amazônia,1.2
fd3e3870-f615-3726-aa34-59a2e023717c,-3.58685,-54.53376,2026-10-03 05:36:00,NOAA-20,PLACAS,PARÁ,Brasil,1505650,15,33,,,,Amazônia,2.5
70f33408-2b39-38d5-bbeb-5384cc0976b7,-6.07978,-53.30639,2026-10-03 05:36:00,NOAA-20,SÃO FÉLIX DO XINGU,PARÁ,Brasil,1507300,15,33,,,,Amazônia,0.8
8655c8e4-ab48-3366-9c28-520c325593ba,-4.71357,-56.15243,2026-10-03 05:36:00,NOAA-20,ITAITUBA,PARÁ,Brasil,1503606,15,33,,,,Amazônia,0.6
50b962a4-09d9-31d6-b2b9-1c8e0080f6ce,-4.41339,-55.75563,2026-10-03 05:36:00,NOAA-20,ITAITUBA,PARÁ,Brasil,1503606,15,33,,,,Amazônia,1.5
244baac0-9fa5-319d-8156-b3eb7378bf5b,-6.00988,-53.54042,2026-10-03 05:36:00,NOAA-20,ALTAMIRA,PARÁ,Brasil,1500602,15,33,,,,Amazônia,1.0
0f6683d7-e869-3514-a6dc-da176ca844be,-5.96205,-55.34698,2026-10-03 05:36:00,NOAA-20,ITAITUBA,PARÁ,Brasil,1503606,15,33,,,,Amazônia,2.7
047fb572-6d41-3193-bac9-e4a911df06b0,-4.26852,-50.75321,2026-10-03 05:36:00,NOAA-20,NOVO REPARTIMENTO,PARÁ,Brasil,1505064,15,33,,,,Amazônia,2.6
267c946f-201f-37fe-9743-cdf08e90a9f9,-5.09525,-56.25715,2026-10-03 05:36:00,NOAA-20,TRAIRÃO,PARÁ,Brasil,1508050,15,33,,,,Amazônia,0.7
18fbe458-3d9c-347e-9165-7288f0987379,-3.62422,-60.2098,2026-10-03 05:36:00,NOAA-20,CAREIRO,AMAZONAS,Brasil,1301100,13,33,,,,Amazônia,1.6
628b8779-cdff-3f00-8d10-fdd57ac2a7d0,-6.23688,-53.14429,2026-10-03 05:36:00,NOAA-20,SÃO FÉLIX DO XINGU,PARÁ,Brasil,1507300,15,33,,,,Amazônia,2.7
ba4aa81f-32c1-3904-a5d5-5e920f2529bb,-4.40336,-49.97602,2026-10-03 05:36:00,NOAA-20,NOVO REPARTIMENTO,PARÁ,Brasil,1505064,15,33,,,,Amazônia,0.9
c8d9072b-2704-327a-8399-bbd78462f6ed,-6.2057,-60.02847,2026-10-03 05:36:00,NOAA-20,NOVO ARIPUANÃ,AMAZONAS,Brasil,1303304,13,33,,,,Amazônia,1.0
dc5493cd-78f1-31ba-990a-ab5bd74095ca,-3.70531,-59.68671,2026-10-03 05:36:00,NOAA-20,AUTAZES,AMAZONAS,Brasil,1300300,13,33,,,,Amazônia,1.1
25779528-7f85-3079-be3b-5c51e8f64b02,-3.51875,-54.60745,2026-10-03 05:36:00,NOAA-20,PLACAS,PARÁ,Brasil,1505650,15,33,,,,Amazônia,6.6
627b69bf-b6a0-38c6-a6d7-0d19178c81cd,-5.85257,-53.47399,2026-10-03 05:36:00,NOAA-20,ALTAMIRA,PARÁ,Brasil,1500602,15,33,,,,Amazônia,3.3
07c0944c-bc5e-3ea1-8479-46d71efe9eb5,-4.26981,-50.74403,2026-10-03 05:36:00,NOAA-20,NOVO REPARTIMENTO,PARÁ,Brasil,1505064,15,33,,,,Amazônia,2.5
9a8c7ab2-e745-3096-a136-4decebf2b215,-4.79102,-55.72275,2026-10-03 05:36:00,NOAA-20,TRAIRÃO,PARÁ,Brasil,1508050,15,33,,,,Amazônia,2.6
7cd309ce-7be5-33a9-bbc7-d5874f98065f,-3.08638,-59.18884,2026-10-03 05:36:00,NOAA-20,ITACOATIARA,AMAZONAS,Brasil,1301902,13,33,,,,Amazônia,0.6
db8b5ba1-fa10-3181-94c5-d350d93e84c0,-4.78727,-55.71791,2026-10-03 05:36:00,NOAA-20,TRAIRÃO,PARÁ,Brasil,1508050,15,33,,,,Amazônia,2.6
3fb5ec7d-8a06-3603-9889-03668cbf22a0,-4.79225,-55.71452,2026-10-03 05:36:00,NOAA-20,TRAIRÃO,PARÁ,Brasil,1508050,15,33,,,,Amazônia,1.2
6c803e8f-dbc1-337b-9917-4a2621a957e4,-6.0045,-53.53205,2026-10-03 05:36:00,NOAA-20,ALTAMIRA,PARÁ,Brasil,1500602,15,33,,,,Amazônia,1.1
303a4635-9134-3cfb-af2b-eb351108d03f,-6.0103,-53.53735,2026-10-03 05:36:00,NOAA-20,ALTAMIRA,PARÁ,Brasil,1500602,15,33,,,,Amazônia,1.0
99d8964d-2dc6-355d-bada-6e608d3d3a95,-4.43205,-55.74937,2026-10-03 05:36:00,NOAA-20,ITAITUBA,PARÁ,Brasil,1503606,15,33,,,,Amazônia,0.9
2ce73175-ee15-32d6-b2d7-37d5e96fb697,-3.85099,-55.80302,2026-10-03 05:36:00,NOAA-20,AVEIRO,PARÁ,Brasil,1501006,15,33,,,,Amazônia,2.2
be1bac04-90c8-3529-812b-3fd90eb174ba,-4.26183,-50.75029,2026-10-03 05:36:00,NOAA-20,NOVO REPARTIMENTO,PARÁ,Brasil,1505064,15,33,,,,Amazônia,2.3
8f065513-f69e-3b91-9dec-611217bae306,-4.29348,-50.78749,2026-10-03 05:36:00,NOAA-20,NOVO REPARTIMENTO,PARÁ,Brasil,1505064,15,33,,,,Amazônia,1.5
c85778a0-e3e3-3e09-b54f-c75ced3f08eb,-4.6852,-55.7968,2026-10-03 05:36:00,NOAA-20,TRAIRÃO,PARÁ,Brasil,1508050,15,33,,,,Amazônia,0.8
6671fd39-2b37-311f-a64b-16a83a8b156a,-6.85444,-59.26511,2026-10-03 05:36:00,NOAA-20,APUÍ,AMAZONAS,Brasil,1300144,13,33,,,,Amazônia,2.0
52c3655a-922c-3dc8-a8b7-0e58688c1e6a,-6.85997,-59.25303,2026-10-03 05:36:00,NOAA-20,APUÍ,AMAZONAS,Brasil,1300144,13,33,,,,Amazônia,1.3
4625daef-c614-38c1-bfd1-d810a5908c05,-4.42925,-54.85138,2026-10-03 05:36:00,NOAA-20,RURÓPOLIS,PARÁ,Brasil,1506195,15,33,,,,Amazônia,1.1
5050c7ff-548c-3dc9-8d17-c3517f2452fd,-6.0181,-53.54749,2026-10-03 05:36:00,NOAA-20,ALTAMIRA,PARÁ,Brasil,1500602,15,33,,,,Amazônia,0.9
4e869f1c-f1bd-3601-8e11-4652b5e1378e,-6.02062,-53.53916,2026-10-03 05:36:00,NOAA-20,ALTAMIRA,PARÁ,Brasil,1500602,15,33,,,,Amazônia,0.7
7bd84c50-3597-3cbe-bd80-606985993ed1,-6.20399,-60.01659,2026-10-03 05:36:00,NOAA-20,NOVO ARIPUANÃ,AMAZONAS,Brasil,1303304,13,33,,,,Amazônia,0.9
fe5b44b4-34d2-309b-8905-1c6e97eb3ad2,-3.7622,-55.53529,2026-10-03 05:36:00,NOAA-20,AVEIRO,PARÁ,Brasil,1501006,15,33,,,,Amazônia,1.3
8afad814-e934-3c79-932e-d854f3de7344,-6.00964,-53.53305,2026-10-03 05:36:00,NOAA-20,ALTAMIRA,PARÁ,Brasil,1500602,15,33,,,,Amazônia,1.3
699dd097-3755-3650-a11e-1260c7a1d601,-6.84705,-59.28944,2026-10-03 05:36:00,NOAA-20,APUÍ,AMAZONAS,Brasil,1300144,13,33,,,,Amazônia,4.8
f06dfc8a-d690-3aff-ad95-7da7a9d33afd,-4.42769,-55.74883,2026-10-03 05:36:00,NOAA-20,ITAITUBA,PARÁ,Brasil,1503606,15,33,,,,Amazônia,3.3
123b5c7e-0645-3445-bbdc-507ca7af4260,-4.28742,-50.78662,2026-10-03 05:36:00,NOAA-20,NOVO REPARTIMENTO,PARÁ,Brasil,1505064,15,33,,,,Amazônia,1.5
97df3472-61c7-351a-9363-e70f35fabdfc,-3.0829,-59.18828,2026-10-03 05:36:00,NOAA-20,ITACOATIARA,AMAZONAS,Brasil,1301902,13,33,,,,Amazônia,1.1
b696618c-79ab-35fd-906d-d25c7086be17,-6.20224,-60.02794,2026-10-03 05:36:00,NOAA-20,NOVO ARIPUANÃ,AMAZONAS,Brasil,1303304,13,33,,,,Amazônia,0.8
ccef807b-083d-3818-8678-74588e3bce50,-6.06988,-59.88297,2026-10-03 05:36:00,NOAA-20,NOVO ARIPUANÃ,AMAZONAS,Brasil,1303304,13,33,,,,Amazônia,1.2
f890fa46-d1ef-32f5-a678-8eaae02ad34f,-6.23638,-53.14783,2026-10-03 05:36:00,NOAA-20,SÃO FÉLIX DO XINGU,PARÁ,Brasil,1507300,15,33,,,,Amazônia,3.9
64b78326-b2b0-35ac-a38f-c9758a3538f5,-6.04837,-59.93081,2026-10-03 05:36:00,NOAA-20,NOVO ARIPUANÃ,AMAZONAS,Brasil,1303304,13,33,,,,Amazônia,2.4
1b2eddf1-576d-3eb8-bfec-2242738522eb,-3.91665,-54.4283,2026-10-03 05:36:00,NOAA-20,PLACAS,PARÁ,Brasil,1505650,15,33,,,,Amazônia,1.0
44a010f5-dbdb-3376-9d66-f62729c68f46,-5.09582,-56.25323,2026-10-03 05:36:00,NOAA-20,TRAIRÃO,PARÁ,Brasil,1508050,15,33,,,,Amazônia,0.8
6b17b0b0-ab73-3724-8a2e-84136d1a5c5a,-3.24728,-54.51633,2026-10-03 05:36:00,NOAA-20,MOJUÍ DOS CAMPOS,PARÁ,Brasil,1504752,15,33,,,,Amazônia,2.0
f122a7be-796d-33d7-96f6-4e74303cbc9d,-5.89436,-55.49128,2026-10-03 05:36:00,NOAA-20,ITAITUBA,PARÁ,Brasil,1503606,15,33,,,,Amazônia,4.3
4d630277-46b8-33b2-b606-b92d2fcad642,-6.15468,-57.73326,2026-10-03 05:36:00,NOAA-20,JACAREACANGA,PARÁ,Brasil,1503754,15,33,,,,Amazônia,1.8
317a3b81-e5a2-303f-a3fa-1a99b86d9a70,-5.85346,-53.46775,2026-10-03 05:36:00,NOAA-20,ALTAMIRA,PARÁ,Brasil,1500602,15,33,,,,Amazônia,0.8
9f73b3d0-d923-3d03-9388-936f4a6db964,-4.26918,-50.74854,2026-10-03 05:36:00,NOAA-20,NOVO REPARTIMENTO,PARÁ,Brasil,1505064,15,33,,,,Amazônia,2.5
05733c19-3659-3724-a903-07d7531dba4e,-6.85805,-59.26566,2026-10-03 05:36:00,NOAA-20,APUÍ,AMAZONAS,Brasil,1300144,13,33,,,,Amazônia,1.6
d2cc48fb-59a8-357d-b99e-daa97c153227,-6.92019,-59.27784,2026-10-03 05:36:00,NOAA-20,APUÍ,AMAZONAS,Brasil,1300144,13,33,,,,Amazônia,1.3
1ad5e447-9726-34bc-b35f-43bb280f3aca,-6.00404,-53.5352,2026-10-03 05:36:00,NOAA-20,ALTAMIRA,PARÁ,Brasil,1500602,15,33,,,,Amazônia,1.3
204f734a-3c9b-3576-8629-f016da22cf53,-4.79353,-55.76554,2026-10-03 05:36:00,NOAA-20,TRAIRÃO,PARÁ,Brasil,1508050,15,33,,,,Amazônia,1.1
b8be9442-7229-37b3-bc28-5026961373dd,-5.25213,-55.92019,2026-10-03 05:36:00,NOAA-20,TRAIRÃO,PARÁ,Brasil,1508050,15,33,,,,Amazônia,1.9
315a8c95-9071-32bf-83bf-017f1e4daf88,-6.01429,-53.53745,2026-10-03 05:36:00,NOAA-20,ALTAMIRA,PARÁ,Brasil,1500602,15,33,,,,Amazônia,1.1
d3db5270-ebd4-3665-b1db-fab6d697880a,-5.37531,-56.05796,2026-10-03 05:36:00,NOAA-20,TRAIRÃO,PARÁ,Brasil,1508050,15,33,,,,Amazônia,1.9
58311ad9-a6a0-32de-a3a4-a4734d34c8cf,-4.40827,-49.97526,2026-10-03 05:36:00,NOAA-20,NOVO REPARTIMENTO,PARÁ,Brasil,1505064,15,33,,,,Amazônia,1.3
c3718bee-677e-3cd7-b252-84250fde1e6d,-5.09101,-56.25653,2026-10-03 05:36:00,NOAA-20,TRAIRÃO,PARÁ,Brasil,1508050,15,33,,,,Amazônia,0.6
8074d24e-e839-3604-a109-fa4be391843c,-4.41047,-49.9718,2026-10-03 05:36:00,NOAA-20,NOVO REPARTIMENTO,PARÁ,Brasil,1505064,15,33,,,,Amazônia,0.9
9346cea6-df9f-3463-983f-b1d98ae67952,-4.11833,-55.01791,2026-10-03 05:36:00,NOAA-20,RURÓPOLIS,PARÁ,Brasil,1506195,15,33,,,,Amazônia,1.2
89dbd03b-92b3-3b29-a1ad-70575f54bf10,-6.21034,-60.02142,2026-10-03 05:36:00,NOAA-20,NOVO ARIPUANÃ,AMAZONAS,Brasil,1303304,13,33,,,,Amazônia,1.0
6e0389fb-3931-391b-9aae-982e8a160167,-4.26438,-50.73857,2026-10-03 05:36:00,NOAA-20,NOVO REPARTIMENTO,PARÁ,Brasil,1505064,15,33,,,,Amazônia,3.1
3b6f43f9-b22d-3bc6-b1c1-64ee8e014ea6,-3.85036,-55.80706,2026-10-03 05:36:00,NOAA-20,AVEIRO,PARÁ,Brasil,1501006,15,33,,,,Amazônia,1.4
caa66244-bec0-3d09-802b-721fd94b45cc,-4.28889,-50.78439,2026-10-03 05:36:00,NOAA-20,NOVO REPARTIMENTO,PARÁ,Brasil,1505064,15,33,,,,Amazônia,1.4
3a7b097b-e4b7-349d-b6c2-24b121118ce5,-5.25592,-55.92465,2026-10-03 05:36:00,NOAA-20,TRAIRÃO,PARÁ,Brasil,1508050,15,33,,,,Amazônia,1.8
fc41b663-048c-3eb2-8933-4e25ffd4d32d,-4.78851,-55.70963,2026-10-03 05:36:00,NOAA-20,TRAIRÃO,PARÁ,Brasil,1508050,15,33,,,,Amazônia,1.2
469a9e42-b6d2-3002-bf9c-542cab7bedd6,-4.26321,-50.74096,2026-10-03 05:36:00,NOAA-20,NOVO REPARTIMENTO,PARÁ,Brasil,1505064,15,33,,,,Amazônia,2.8
0784a05c-34b6-3475-acae-c8c2f1132520,-4.79538,-55.72345,2026-10-03 05:36:00,NOAA-20,TRAIRÃO,PARÁ,Brasil,1508050,15,33,,,,Amazônia,1.9
407a4d5b-d96f-3ade-95f7-0c6b62d94168,-4.68583,-55.79266,2026-10-03 05:36:00,NOAA-20,TRAIRÃO,PARÁ,Brasil,1508050,15,33,,,,Amazônia,0.7
295b5851-e203-3f31-a329-949963e64849,-6.19878,-60.0274,2026-10-03 05:36:00,NOAA-20,NOVO ARIPUANÃ,AMAZONAS,Brasil,1303304,13,33,,,,Amazônia,0.8
0798cc91-2cc7-37de-b90a-d5ec460593d7,-4.26792,-50.75103,2026-10-03 05:36:00,NOAA-20,NOVO REPARTIMENTO,PARÁ,Brasil,1505064,15,33,,,,Amazônia,3.5
787fec1d-0413-31f0-8ff6-e8f0c83d749f,-4.42833,-54.85283,2026-10-03 05:36:00,NOAA-20,RURÓPOLIS,PARÁ,Brasil,1506195,15,33,,,,Amazônia,1.3
ec2ba6b0-602c-3c83-b11a-5d4e58b619e3,-3.58759,-54.52891,2026-10-03 05:36:00,NOAA-20,PLACAS,PARÁ,Brasil,1505650,15,33,,,,Amazônia,2.5
0947aff9-2a8a-32c1-b1a0-a13825612a82,-6.20687,-60.02091,2026-10-03 05:36:00,NOAA-20,NOVO ARIPUANÃ,AMAZONAS,Brasil,1303304,13,33,,,,Amazônia,1.0
445990f8-085d-3cc7-ae00-231bc40ba7d6,-6.2144,-60.01814,2026-10-03 05:36:00,NOAA-20,NOVO ARIPUANÃ,AMAZONAS,Brasil,1303304,13,33,,,,Amazônia,2.7
74794dae-acd5-3b65-97b4-45c2cdf210c1,-6.01459,-53.54452,2026-10-03 05:36:00,NOAA-20,ALTAMIRA,PARÁ,Brasil,1500602,15,33,,,,Amazônia,2.3
a4991d59-0276-3fca-acc7-bdad1115b5fb,-5.09949,-56.25776,2026-10-03 05:36:00,NOAA-20,TRAIRÃO,PARÁ,Brasil,1508050,15,33,,,,Amazônia,0.7
257286e7-38c7-3607-b417-37e0dd8f8dea,-6.84642,-59.29361,2026-10-03 05:36:00,NOAA-20,APUÍ,AMAZONAS,Brasil,1300144,13,33,,,,Amazônia,7.5
bdc5f69e-d046-3cc1-92e9-07e2efc0aaf9,-5.85176,-53.47967,2026-10-03 05:36:00,NOAA-20,ALTAMIRA,PARÁ,Brasil,1500602,15,33,,,,Amazônia,2.2
736e1ecb-0772-38ed-b03d-b489c0b81d7b,-4.29495,-50.78529,2026-10-03 05:36:00,NOAA-20,NOVO REPARTIMENTO,PARÁ,Brasil,1505064,15,33,,,,Amazônia,3.1
f06094c6-0716-33ca-93c7-2e634d19a6e2,-5.99936,-53.53099,2026-10-03 05:36:00,NOAA-20,ALTAMIRA,PARÁ,Brasil,1500602,15,33,,,,Amazônia,1.1
7d4e8dfd-73f7-3c1d-b09b-21155d23c3cf,-6.85002,-59.29416,2026-10-03 05:36:00,NOAA-20,APUÍ,AMAZONAS,Brasil,1300144,13,33,,,,Amazônia,7.5
1d8ffe0f-7093-3433-9a12-66a601c95ffa,-4.78788,-55.71383,2026-10-03 05:36:00,NOAA-20,TRAIRÃO,PARÁ,Brasil,1508050,15,33,,,,Amazônia,1.2
209d7ec7-24e0-33a3-a38d-746f6c70a4ff,-3.84963,-55.80219,2026-10-03 05:36:00,NOAA-20,AVEIRO,PARÁ,Brasil,1501006,15,33,,,,Amazônia,2.2
6ceab3ab-0292-3fc1-884d-e23350c33b3d,-6.21668,-60.02626,2026-10-03 05:36:00,NOAA-20,NOVO ARIPUANÃ,AMAZONAS,Brasil,1303304,13,33,,,,Amazônia,2.0
890cd577-2ea9-3333-aeec-9447792c4c9c,-6.0664,-59.8824,2026-10-03 05:36:00,NOAA-20,NOVO ARIPUANÃ,AMAZONAS,Brasil,1303304,13,33,,,,Amazônia,1.1
6841cfb0-59e0-3699-8cc4-c4c5c4b1ad88,-6.20629,-60.02469,2026-10-03 05:36:00,NOAA-20,NOVO ARIPUANÃ,AMAZONAS,Brasil,1303304,13,33,,,,Amazônia,1.0
2f166b36-d873-3e36-ac75-6212359cf456,-5.88983,-55.49068,2026-10-03 05:36:00,NOAA-20,ITAITUBA,PARÁ,Brasil,1503606,15,33,,,,Amazônia,4.3
e5dd3f3a-60ce-3e21-b0a2-4b0c5154c58c,-4.42273,-55.75237,2026-10-03 05:36:00,NOAA-20,ITAITUBA,PARÁ,Brasil,1503606,15,33,,,,Amazônia,2.2
5be394d4-b3eb-32e0-b01e-f53568032339,-3.67799,-60.53916,2026-10-03 05:36:00,NOAA-20,MANAQUIRI,AMAZONAS,Brasil,1302553,13,33,,,,Amazônia,2.5
dc038f0d-bc0e-3e1b-ba1d-825e426bfd01,-6.85701,-59.24821,2026-10-03 05:36:00,NOAA-20,APUÍ,AMAZONAS,Brasil,1300144,13,33,,,,Amazônia,2.1
268665a0-d593-3bd2-94a6-26f05254bd27,-6.20858,-60.03282,2026-10-03 05:36:00,NOAA-20,NOVO ARIPUANÃ,AMAZONAS,Brasil,1303304,13,33,,,,Amazônia,1.0
2020ed28-8500-3a89-b904-484e480a6257,-5.99982,-53.52787,2026-10-03 05:36:00,NOAA-20,ALTAMIRA,PARÁ,Brasil,1500602,15,33,,,,Amazônia,1.1
2123307b-e771-3187-b4fc-49f6d9e93ab8,-6.01338,-53.54364,2026-10-03 05:36:00,NOAA-20,ALTAMIRA,PARÁ,Brasil,1500602,15,33,,,,Amazônia,1.6
7758918f-c849-3d28-a5c7-9742d5a9dae9,-5.3747,-56.06207,2026-10-03 05:36:00,NOAA-20,TRAIRÃO,PARÁ,Brasil,1508050,15,33,,,,Amazônia,1.9
cabcd2b9-8de9-3e8f-ad80-7bc60b180e63,-3.64122,-60.62746,2026-10-03 05:36:00,NOAA-20,MANAQUIRI,AMAZONAS,Brasil,1302553,13,33,,,,Amazônia,1.2
45f56796-9290-3027-a8cd-e79fbe98d58d,-6.91297,-59.27672,2026-10-03 05:36:00,NOAA-20,APUÍ,AMAZONAS,Brasil,1300144,13,33,,,,Amazônia,1.2
b30c7191-ec19-33d4-b5e0-b9be0240441c,-4.70934,-56.15173,2026-10-03 05:36:00,NOAA-20,ITAITUBA,PARÁ,Brasil,1503606,15,33,,,,Amazônia,0.5
e4ff0f29-ea93-3523-8038-89a891dbe98b,-6.91658,-59.27728,2026-10-03 05:36:00,NOAA-20,APUÍ,AMAZONAS,Brasil,1300144,13,33,,,,Amazônia,1.2
633ffeab-1cdd-3eab-b3ea-1061e07c802f,-6.20746,-60.01711,2026-10-03 05:36:00,NOAA-20,NOVO ARIPUANÃ,AMAZONAS,Brasil,1303304,13,33,,,,Amazônia,1.4
a6b912c2-df40-3e98-85c1-71962e7638f7,-4.26242,-50.75252,2026-10-03 05:36:00,NOAA-20,NOVO REPARTIMENTO,PARÁ,Brasil,1505064,15,33,,,,Amazônia,2.6
873fb2fb-04ca-3fd4-b8d8-021ab40d055d,-6.21093,-60.01762,2026-10-03 05:36:00,NOAA-20,NOVO ARIPUANÃ,AMAZONAS,Brasil,1303304,13,33,,,,Amazônia,1.4
704f5158-c00c-3e7c-9250-3204a39a0c22,-6.00496,-53.5289,2026-10-03 05:36:00,NOAA-20,ALTAMIRA,PARÁ,Brasil,1500602,15,33,,,,Amazônia,1.1
7c3820c5-696f-3ea5-8b86-0875a119817d,-4.26723,-50.75571,2026-10-03 05:36:00,NOAA-20,NOVO REPARTIMENTO,PARÁ,Brasil,1505064,15,33,,,,Amazônia,3.3
52825cb4-4b20-3f08-bbb9-64ba4787a791,-5.85217,-53.47684,2026-10-03 05:36:00,NOAA-20,ALTAMIRA,PARÁ,Brasil,1500602,15,33,,,,Amazônia,3.3
d3f160d7-5c94-333c-a30f-d9e11f708188,-6.91235,-59.28087,2026-10-03 05:36:00,NOAA-20,APUÍ,AMAZONAS,Brasil,1300144,13,33,,,,Amazônia,1.2
33f21676-7643-34d7-957d-2d806aa11f6c,-4.4048,-49.96578,2026-10-03 05:36:00,NOAA-20,NOVO REPARTIMENTO,PARÁ,Brasil,1505064,15,33,,,,Amazônia,2.9
b82e4b1a-5f14-31e6-9681-c862b7707315,-6.19819,-60.0312,2026-10-03 05:36:00,NOAA-20,NOVO ARIPUANÃ,AMAZONAS,Brasil,1303304,13,33,,,,Amazônia,0.8
937b3997-b102-308d-b96e-d2668bdc137f,-4.26374,-50.7431,2026-10-03 05:36:00,NOAA-20,NOVO REPARTIMENTO,PARÁ,Brasil,1505064,15,33,,,,Amazônia,2.5
ede40a78-924a-3b18-a475-8187033e644e,-3.67366,-60.61078,2026-10-03 05:36:00,NOAA-20,MANAQUIRI,AMAZONAS,Brasil,1302553,13,33,,,,Amazônia,3.3
195159a3-6715-33a2-add1-33ba21ce2b28,-5.96214,-55.3481,2026-10-03 05:36:00,NOAA-20,ITAITUBA,PARÁ,Brasil,1503606,15,33,,,,Amazônia,2.2
d0756980-c337-3dc9-a9df-7e4bd22356a7,-3.85038,-55.97378,2026-10-03 05:36:00,NOAA-20,AVEIRO,PARÁ,Brasil,1501006,15,33,,,,Amazônia,1.0
825c7f23-3b68-39b0-9ab9-d6c0e65117da,-6.85219,-59.96626,2026-10-03 05:36:00,NOAA-20,APUÍ,AMAZONAS,Brasil,1300144,13,33,,,,Amazônia,0.8
7e955111-2eac-358f-864f-96cbce1d16da,-3.84904,-55.80623,2026-10-03 05:36:00,NOAA-20,AVEIRO,PARÁ,Brasil,1501006,15,33,,,,Amazônia,1.6
f7e5f946-6e47-3edd-9aeb-dc7a90728ef4,-5.88916,-55.49524,2026-10-03 05:36:00,NOAA-20,ITAITUBA,PARÁ,Brasil,1503606,15,33,,,,Amazônia,1.9
cf0f65e0-a170-3342-8241-b02f8c7f3a27,-6.01502,-53.54145,2026-10-03 05:36:00,NOAA-20,ALTAMIRA,PARÁ,Brasil,1500602,15,33,,,,Amazônia,1.0
3f255feb-60a6-3d49-b048-56d36ce3edd1,-3.67032,-60.61026,2026-10-03 05:36:00,NOAA-20,MANAQUIRI,AMAZONAS,Brasil,1302553,13,33,,,,Amazônia,3.3
4e0ce0cb-6e47-3c58-bc4a-58119156e70c,-5.2565,-55.92067,2026-10-03 05:36:00,NOAA-20,TRAIRÃO,PARÁ,Brasil,1508050,15,33,,,,Amazônia,1.9
3d550236-dc5e-3c31-a0ac-3e49caa635eb,-6.019,-53.5414,2026-10-03 05:36:00,NOAA-20,ALTAMIRA,PARÁ,Brasil,1500602,15,33,,,,Amazônia,0.9
dc27d51f-7ae1-3faa-8ca7-61a97c30c866,-6.04489,-59.93027,2026-10-03 05:36:00,NOAA-20,NOVO ARIPUANÃ,AMAZONAS,Brasil,1303304,13,33,,,,Amazônia,0.9
bf10bc9c-aa24-3cbe-83cf-aea2115f530d,-6.01854,-53.54448,2026-10-03 05:36:00,NOAA-20,ALTAMIRA,PARÁ,Brasil,1500602,15,33,,,,Amazônia,0.9
33680087-4ce2-3a20-9d17-e949d157c2fc,-6.06805,-57.72546,2026-10-03 05:36:00,NOAA-20,JACAREACANGA,PARÁ,Brasil,1503754,15,33,,,,Amazônia,1.2
e816d192-375a-36c8-8cda-9e9b777c6432,-5.88596,-55.48557,2026-10-03 05:36:00,NOAA-20,ITAITUBA,PARÁ,Brasil,1503606,15,33,,,,Amazônia,7.7
529f1558-68d6-3e93-adaa-a07cf156b7b7,-4.4112,-49.96666,2026-10-03 05:36:00,NOAA-20,NOVO REPARTIMENTO,PARÁ,Brasil,1505064,15,33,,,,Amazônia,0.9
3d088660-adfc-35af-be6d-93561ecae8bf,-6.91956,-59.28201,2026-10-03 05:36:00,NOAA-20,APUÍ,AMAZONAS,Brasil,1300144,13,33,,,,Amazônia,1.3
ec04f5b8-f7d2-32ee-8d5c-5d708532ac98,-6.91596,-59.28143,2026-10-03 05:36:00,NOAA-20,APUÍ,AMAZONAS,Brasil,1300144,13,33,,,,Amazônia,1.2
5bce7b2a-e9c0-3dc0-b707-d9cf9f6923cc,-6.23585,-53.15155,2026-10-03 05:36:00,NOAA-20,SÃO FÉLIX DO XINGU,PARÁ,Brasil,1507300,15,33,,,,Amazônia,3.9
241bcd6e-40ed-362e-b83f-ba993b972ab0,-3.51411,-54.60678,2026-10-03 05:36:00,NOAA-20,PLACAS,PARÁ,Brasil,1505650,15,33,,,,Amazônia,6.6
dad7a105-af1a-326a-bf5a-602ce7698e6c,-6.07201,-57.80626,2026-10-03 05:36:00,NOAA-20,JACAREACANGA,PARÁ,Brasil,1503754,15,33,,,,Amazônia,3.6
3570db3e-e1d4-3d55-b5b9-0cd2c288984a,-4.26861,-50.74636,2026-10-03 05:36:00,NOAA-20,NOVO REPARTIMENTO,PARÁ,Brasil,1505064,15,33,,,,Amazônia,3.5
61478cf6-83fb-3ac2-9522-3da2e416603b,-6.02019,-53.54228,2026-10-03 05:36:00,NOAA-20,ALTAMIRA,PARÁ,Brasil,1500602,15,33,,,,Amazônia,0.7
c50ebd32-fd31-37dc-9f0f-2a560f3b4d65,-5.8853,-55.49012,2026-10-03 05:36:00,NOAA-20,ITAITUBA,PARÁ,Brasil,1503606,15,33,,,,Amazônia,7.7
b0743dec-6c95-3d7f-993e-fb71df9115f9,-12.1341,-63.17839,2026-10-03 05:38:00,NOAA-20,SERINGUEIRAS,RONDÔNIA,Brasil,1101500,11,33,,,,Amazônia,0.6
54f7e3fe-012b-3e42-b56e-ecc57ccad811,-12.1456,-61.17056,2026-10-03 05:38:00,NOAA-20,PARECIS,RONDÔNIA,Brasil,1101450,11,33,,,,Amazônia,1.2
12f432af-2fc9-3809-9905-58c03193b7ba,-11.70879,-61.76308,2026-10-03 05:38:00,NOAA-20,ROLIM DE MOURA,RONDÔNIA,Brasil,1100288,11,33,,,,Amazônia,0.9
b5c273b8-e814-35f1-b761-494b0003b81c,-9.50781,-65.58022,2026-10-03 05:38:00,NOAA-20,PORTO VELHO,RONDÔNIA,Brasil,1100205,11,33,,,,Amazônia,1.5
9d049480-11e8-372d-8853-bd9a925753fc,-12.14694,-61.17019,2026-10-03 05:38:00,NOAA-20,PIMENTA BUENO,RONDÔNIA,Brasil,1100189,11,33,,,,Amazônia,1.2
bf20eed7-5335-3df5-bc06-ec648ed2b21b,-9.88965,-60.29342,2026-10-03 05:38:00,NOAA-20,ARIPUANÃ,MATO GROSSO,Brasil,5101407,51,33,,,,Amazônia,1.4
8d521833-9d85-364e-b8c4-4f354270e9ea,-8.73673,-66.57442,2026-10-03 05:38:00,NOAA-20,LÁBREA,AMAZONAS,Brasil,1302405,13,33,,,,Amazônia,0.5
90936208-ecea-3667-95d5-d98e2f320ff3,-8.85963,-66.78831,2026-10-03 05:38:00,NOAA-20,LÁBREA,AMAZONAS,Brasil,1302405,13,33,,,,Amazônia,2.5
41e2ac54-a6c3-3593-9117-2dd030b6bca8,-9.54478,-68.52248,2026-10-03 05:38:00,NOAA-20,SENA MADUREIRA,ACRE,Brasil,1200500,12,33,,,,Amazônia,1.8
4a54366b-6b41-3eb6-bded-23f96ff169d9,-9.01884,-65.70729,2026-10-03 05:38:00,NOAA-20,LÁBREA,AMAZONAS,Brasil,1302405,13,33,,,,Amazônia,1.9
9e9227a3-2ecf-348a-b00c-343bc4ba8607,-9.31226,-65.77432,2026-10-03 05:38:00,NOAA-20,LÁBREA,AMAZONAS,Brasil,1302405,13,33,,,,Amazônia,1.1
4ead9462-8096-3fdd-b148-b49045a27cca,-9.88934,-60.29256,2026-10-03 05:38:00,NOAA-20,ARIPUANÃ,MATO GROSSO,Brasil,5101407,51,33,,,,Amazônia,1.3
0a08b722-5607-352d-8ece-56f97e0c9cde,-12.13741,-63.17893,2026-10-03 05:38:00,NOAA-20,SERINGUEIRAS,RONDÔNIA,Brasil,1101500,11,33,,,,Amazônia,1.7
348a56f7-1388-3321-9500-ff129f68bff8,-12.12992,-61.15609,2026-10-03 05:38:00,NOAA-20,PARECIS,RONDÔNIA,Brasil,1101450,11,33,,,,Amazônia,1.0
3a08c8f7-fd6b-3024-92b0-1ba616f2d3ee,-9.79693,-60.14293,2026-10-03 05:38:00,NOAA-20,ARIPUANÃ,MATO GROSSO,Brasil,5101407,51,33,,,,Amazônia,1.1
0852b7bc-61e3-3c90-b44c-18a13c3a13b0,-9.8932,-60.29397,2026-10-03 05:38:00,NOAA-20,ARIPUANÃ,MATO GROSSO,Brasil,5101407,51,33,,,,Amazônia,1.4
5cb160c7-5669-352c-94f7-4af640625e5d,-9.0945,-65.73187,2026-10-03 05:38:00,NOAA-20,LÁBREA,AMAZONAS,Brasil,1302405,13,33,,,,Amazônia,1.0
7b3a0bab-4ca5-32d4-8321-9b6b376e0509,-8.85237,-66.78997,2026-10-03 05:38:00,NOAA-20,LÁBREA,AMAZONAS,Brasil,1302405,13,33,,,,Amazônia,1.4
e375417f-b899-3e67-94df-cf8ade7a58a7,-9.55934,-62.7293,2026-10-03 05:38:00,NOAA-20,RIO CRESPO,RONDÔNIA,Brasil,1100262,11,33,,,,Amazônia,0.7
1e0f2114-2260-33e2-a123-aad633db1e8a,-9.46766,-66.57317,2026-10-03 05:38:00,NOAA-20,LÁBREA,AMAZONAS,Brasil,1302405,13,33,,,,Amazônia,0.6
f94b3560-3f28-3599-96de-944b928ea343,-9.77768,-65.05604,2026-10-03 05:38:00,NOAA-20,PORTO VELHO,RONDÔNIA,Brasil,1100205,11,33,,,,Amazônia,1.4
134574cb-394f-3c8b-a81c-ace239c4a422,-8.70204,-66.73533,2026-10-03 05:38:00,NOAA-20,LÁBREA,AMAZONAS,Brasil,1302405,13,33,,,,Amazônia,1.5
cba30a84-29a3-3b1a-be21-d17dcf8a72d2,-9.93089,-63.98064,2026-10-03 05:38:00,NOAA-20,BURITIS,RONDÔNIA,Brasil,1100452,11,33,,,,Amazônia,1.1
258e3ad1-5df4-3b3f-bb13-e5755bfaaab7,-8.7028,-66.73077,2026-10-03 05:38:00,NOAA-20,LÁBREA,AMAZONAS,Brasil,1302405,13,33,,,,Amazônia,1.5
429f9597-7731-3b34-b102-e46b38749ffb,-10.8451,-62.77998,2026-10-03 05:38:00,NOAA-20,JARU,RONDÔNIA,Brasil,1100114,11,33,,,,Amazônia,1.3
d3b31664-2393-3eab-b475-2d40c5c444ef,-9.30872,-65.77373,2026-10-03 05:38:00,NOAA-20,LÁBREA,AMAZONAS,Brasil,1302405,13,33,,,,Amazônia,0.9
c23ab71d-0fc6-3674-9a1a-fadc4672990e,-9.88363,-65.1387,2026-10-03 05:38:00,NOAA-20,PORTO VELHO,RONDÔNIA,Brasil,1100205,11,33,,,,Amazônia,3.5
1d411712-c411-3c7a-b8be-8c1fb51ed646,-12.14636,-61.17413,2026-10-03 05:38:00,NOAA-20,PIMENTA BUENO,RONDÔNIA,Brasil,1100189,11,33,,,,Amazônia,0.7
e18f1c9b-c4ea-3617-b31b-0edd59ce299b,-9.63456,-66.47455,2026-10-03 05:38:00,NOAA-20,PORTO VELHO,RONDÔNIA,Brasil,1100205,11,33,,,,Amazônia,0.6
d583da3f-2fd9-38cc-b57e-3224f96fd16f,-9.88706,-65.13928,2026-10-03 05:38:00,NOAA-20,PORTO VELHO,RONDÔNIA,Brasil,1100205,11,33,,,,Amazônia,1.4
f965e892-961c-32b7-8e42-f30f5411c3aa,-8.85888,-66.79288,2026-10-03 05:38:00,NOAA-20,LÁBREA,AMAZONAS,Brasil,1302405,13,33,,,,Amazônia,2.6
83c99523-92a8-3e80-85c0-736f22615ce3,-8.85988,-66.79124,2026-10-03 05:38:00,NOAA-20,LÁBREA,AMAZONAS,Brasil,1302405,13,33,,,,Amazônia,3.6
fec8703d-9428-329c-bbab-bafe2eb544e7,-9.23921,-63.63297,2026-10-03 05:38:00,NOAA-20,CANDEIAS DO JAMARI,RONDÔNIA,Brasil,1100809,11,33,,,,Amazônia,0.9
84458822-e8a1-31fa-8810-f332df15454d,-9.88301,-65.14248,2026-10-03 05:38:00,NOAA-20,PORTO VELHO,RONDÔNIA,Brasil,1100205,11,33,,,,Amazônia,3.5
663aa1ad-e93b-3b88-9f0e-1417c10a3cc3,-8.87491,-69.23259,2026-10-03 05:38:00,NOAA-20,MANOEL URBANO,ACRE,Brasil,1200344,12,33,,,,Amazônia,0.6
9432f56b-d42b-3b58-99d8-af0ab389dfd6,-9.90748,-65.03389,2026-10-03 05:38:00,NOAA-20,PORTO VELHO,RONDÔNIA,Brasil,1100205,11,33,,,,Amazônia,1.1
30aa1273-5b80-35c2-bb10-d3af21832853,-9.54412,-68.52622,2026-10-03 05:38:00,NOAA-20,SENA MADUREIRA,ACRE,Brasil,1200500,12,33,,,,Amazônia,1.8
a5540463-b35e-3e28-a8be-f8eb7775021d,-9.86506,-60.23983,2026-10-03 05:38:00,NOAA-20,ARIPUANÃ,MATO GROSSO,Brasil,5101407,51,33,,,,Amazônia,0.9
5087c00b-af0e-311f-b281-7e13f12452e5,-9.37666,-65.47089,2026-10-03 05:38:00,NOAA-20,LÁBREA,AMAZONAS,Brasil,1302405,13,33,,,,Amazônia,1.2
8245aaf9-4161-3ac3-b4ae-2d63d13acacd,-9.90686,-65.03764,2026-10-03 05:38:00,NOAA-20,PORTO VELHO,RONDÔNIA,Brasil,1100205,11,33,,,,Amazônia,1.1
c24c9877-f6e5-3ff0-ad3c-4a2099512148,-9.46444,-62.98537,2026-10-03 05:38:00,NOAA-20,CUJUBIM,RONDÔNIA,Brasil,1100940,11,33,,,,Amazônia,0.8
3325c14c-43a3-3ebd-8743-f9916b78bc2e,-10.2727,-57.73864,2026-10-03 05:38:00,NOAA-20,NOVA BANDEIRANTES,MATO GROSSO,Brasil,5106158,51,33,,,,Amazônia,0.7
45c8142a-8d16-3ff8-9e18-f189f13d879f,-9.3075,-68.61038,2026-10-03 05:38:00,NOAA-20,SENA MADUREIRA,ACRE,Brasil,1200500,12,33,,,,Amazônia,0.8
372b25a9-4bce-3cd5-a802-802ae921e025,-9.62633,-65.73798,2026-10-03 05:38:00,NOAA-20,PORTO VELHO,RONDÔNIA,Brasil,1100205,11,33,,,,Amazônia,1.5
31a40c61-9377-341f-8541-2afefd6ccc20,-9.53999,-68.52547,2026-10-03 05:38:00,NOAA-20,SENA MADUREIRA,ACRE,Brasil,1200500,12,33,,,,Amazônia,1.8
9558db7e-e374-3a58-a735-9107e16153b9,-9.54345,-68.52997,2026-10-03 05:38:00,NOAA-20,SENA MADUREIRA,ACRE,Brasil,1200500,12,33,,,,Amazônia,2.3
e0b728a4-bb7d-3444-980a-aee5ce2e9454,-9.88644,-65.14306,2026-10-03 05:38:00,NOAA-20,PORTO VELHO,RONDÔNIA,Brasil,1100205,11,33,,,,Amazônia,1.4
87130fd9-316b-38e2-bacd-47f32ed11e2e,-8.05708,-69.96071,2026-10-03 05:38:00,NOAA-20,FEIJÓ,ACRE,Brasil,1200302,12,33,,,,Amazônia,1.4
f4dbf713-d066-33af-84bb-39de1e6fb9e4,-10.96007,-60.91058,2026-10-03 05:38:00,NOAA-20,RONDOLÂNDIA,MATO GROSSO,Brasil,5107578,51,33,,,,Amazônia,0.8
0ff590e6-4f54-3f0c-bc15-4e337e682b7c,-12.13521,-63.17134,2026-10-03 05:38:00,NOAA-20,SERINGUEIRAS,RONDÔNIA,Brasil,1101500,11,33,,,,Amazônia,1.2
2ab753c0-5eda-3749-bc8b-1c9ba444ce62,-16.17934,-59.43965,2026-10-03 05:38:00,NOAA-20,PORTO ESPERIDIÃO,MATO GROSSO,Brasil,5106828,51,33,,,,Amazônia,0.7
828afd3e-2e0f-3197-823e-b85a74d8dc7d,-8.89392,-66.8868,2026-10-03 05:38:00,NOAA-20,LÁBREA,AMAZONAS,Brasil,1302405,13,33,,,,Amazônia,2.6
a7195ef8-4099-3ddc-b91a-cca95c9b7407,-9.75117,-59.32297,2026-10-03 05:38:00,NOAA-20,COLNIZA,MATO GROSSO,Brasil,5103254,51,33,,,,Amazônia,1.1
373b201c-4f4e-30ac-b8a7-89b56e19792b,-10.27322,-57.73489,2026-10-03 05:38:00,NOAA-20,NOVA BANDEIRANTES,MATO GROSSO,Brasil,5106158,51,33,,,,Amazônia,0.8
91a62ccd-6c3b-3913-805c-ae5893301f68,-9.49969,-66.79998,2026-10-03 05:38:00,NOAA-20,LÁBREA,AMAZONAS,Brasil,1302405,13,33,,,,Amazônia,0.9
946d73d9-b42d-3097-b291-6b79c10aa9ba,-9.89381,-60.28994,2026-10-03 05:38:00,NOAA-20,ARIPUANÃ,MATO GROSSO,Brasil,5101407,51,33,,,,Amazônia,1.4
43404e6e-3b04-33e9-8cfb-36cc18404d0c,-9.62215,-65.74133,2026-10-03 05:38:00,NOAA-20,PORTO VELHO,RONDÔNIA,Brasil,1100205,11,33,,,,Amazônia,3.3
596aa0a1-7e8a-34c0-b323-f65f3e2a13a0,-10.99177,-59.13267,2026-10-03 05:38:00,NOAA-20,JUÍNA,MATO GROSSO,Brasil,5105150,51,33,,,,Amazônia,7.3
0a0da24c-5f57-3155-baca-cfc3ca61725c,-10.98725,-59.13695,2026-10-03 05:38:00,NOAA-20,JUÍNA,MATO GROSSO,Brasil,5105150,51,33,,,,Amazônia,4.7
4d67d561-85bc-3b3b-b2e2-257424f28112,-10.98794,-59.13212,2026-10-03 05:38:00,NOAA-20,JUÍNA,MATO GROSSO,Brasil,5105150,51,33,,,,Amazônia,4.7
f9e30f4c-ce67-36e9-98ab-0f170846bf34,-7.70146,-67.0817,2026-10-03 05:38:00,NOAA-20,PAUINI,AMAZONAS,Brasil,1303502,13,33,,,,Amazônia,1.2
828635f1-d7ad-3b7a-974c-d7e69f19400e,-12.05856,-58.04018,2026-10-03 05:38:00,NOAA-20,BRASNORTE,MATO GROSSO,Brasil,5101902,51,33,,,,Amazônia,0.6
185c0613-c3da-352b-b361-e6bb1570a73d,-9.95347,-55.32966,2026-10-03 05:38:00,NOAA-20,NOVO MUNDO,MATO GROSSO,Brasil,5106265,51,33,,,,Amazônia,0.7
c9215840-3bac-3884-97db-275d365769f9,-9.76968,-65.31507,2026-10-03 05:38:00,NOAA-20,PORTO VELHO,RONDÔNIA,Brasil,1100205,11,33,,,,Amazônia,1.0
f142187e-1d2b-38ba-809e-ad6b8c043405,-9.15427,-65.54489,2026-10-03 05:38:00,NOAA-20,LÁBREA,AMAZONAS,Brasil,1302405,13,33,,,,Amazônia,1.3
7a37e139-10c6-3188-9bb7-c69c62607024,-10.14051,-61.74166,2026-10-03 05:38:00,NOAA-20,JI-PARANÁ,RONDÔNIA,Brasil,1100122,11,33,,,,Amazônia,1.8
c075a0a2-472e-300f-b156-85526e881918,-9.95756,-55.33576,2026-10-03 05:38:00,NOAA-20,NOVO MUNDO,MATO GROSSO,Brasil,5106265,51,33,,,,Amazônia,1.7
c111a667-e4cd-36a8-be2a-99a9d3aea231,-9.13382,-68.24915,2026-10-03 05:38:00,NOAA-20,BOCA DO ACRE,AMAZONAS,Brasil,1300706,13,33,,,,Amazônia,2.1
b72d9fa1-fc07-3724-b9d0-1c069f242093,-8.85612,-66.7906,2026-10-03 05:38:00,NOAA-20,LÁBREA,AMAZONAS,Brasil,1302405,13,33,,,,Amazônia,3.6
37a1e992-8a88-3c1f-a871-f38f7d52d96b,-8.65643,-66.93636,2026-10-03 05:38:00,NOAA-20,LÁBREA,AMAZONAS,Brasil,1302405,13,33,,,,Amazônia,2.4
649e1260-7e08-305d-be00-565162cf0d5d,-12.13465,-63.17487,2026-10-03 05:38:00,NOAA-20,SERINGUEIRAS,RONDÔNIA,Brasil,1101500,11,33,,,,Amazônia,1.2
7588abc3-3e48-3942-9792-280da75c332f,-9.89348,-60.28908,2026-10-03 05:38:00,NOAA-20,ARIPUANÃ,MATO GROSSO,Brasil,5101407,51,33,,,,Amazônia,1.3
7cbc26b6-fe42-35a0-ab25-0f5ec407ad4d,-9.48411,-67.16105,2026-10-03 05:38:00,NOAA-20,LÁBREA,AMAZONAS,Brasil,1302405,13,33,,,,Amazônia,1.2
ab13c538-325a-3bb2-8973-c93fd3747453,-12.05693,-58.04079,2026-10-03 05:38:00,NOAA-20,BRASNORTE,MATO GROSSO,Brasil,5101902,51,33,,,,Amazônia,0.5
6e15c99a-126a-314d-9bb7-0db8664776e9,-9.37317,-65.4703,2026-10-03 05:38:00,NOAA-20,LÁBREA,AMAZONAS,Brasil,1302405,13,33,,,,Amazônia,0.7
31525b7f-dee4-3e7b-972a-b49ad41bc477,-8.85919,-66.88562,2026-10-03 05:38:00,NOAA-20,LÁBREA,AMAZONAS,Brasil,1302405,13,33,,,,Amazônia,1.2
fd37e571-ed50-3ffc-8cf9-fe8892fe7442,-11.03782,-62.56817,2026-10-03 05:38:00,NOAA-20,NOVA UNIÃO,RONDÔNIA,Brasil,1101435,11,33,,,,Amazônia,0.7
3513c95d-cd06-3ee7-8458-e38467c0bc7b,-10.95658,-60.91004,2026-10-03 05:38:00,NOAA-20,RONDOLÂNDIA,MATO GROSSO,Brasil,5107578,51,33,,,,Amazônia,0.5
4d22a30c-170a-3e5e-98de-55f56ac8f941,-9.72487,-66.33899,2026-10-03 05:38:00,NOAA-20,PORTO VELHO,RONDÔNIA,Brasil,1100205,11,33,,,,Amazônia,0.8
15597c93-d990-3fe4-923b-fd1eb493211d,-9.24718,-63.51915,2026-10-03 05:38:00,NOAA-20,CANDEIAS DO JAMARI,RONDÔNIA,Brasil,1100809,11,33,,,,Amazônia,0.7
b9e6c5ab-a42b-32a0-b310-7111388088cc,-9.95663,-55.33224,2026-10-03 05:38:00,NOAA-20,NOVO MUNDO,MATO GROSSO,Brasil,5106265,51,33,,,,Amazônia,4.1
9367bb0f-6a3c-3db5-8066-1ce82efa63e6,-9.95831,-55.33039,2026-10-03 05:38:00,NOAA-20,NOVO MUNDO,MATO GROSSO,Brasil,5106265,51,33,,,,Amazônia,3.3
7712110a-daee-3dfc-abda-225f72eb70c1,-9.90757,-65.03454,2026-10-03 05:38:00,NOAA-20,PORTO VELHO,RONDÔNIA,Brasil,1100205,11,33,,,,Amazônia,0.8
c3bb0fae-949c-34d2-a1df-6518ffea66ca,-12.13189,-63.1708,2026-10-03 05:38:00,NOAA-20,SERINGUEIRAS,RONDÔNIA,Brasil,1101500,11,33,,,,Amazônia,1.2
67bedd8d-03f8-3ff7-9cdf-53775957caac,-11.49907,-61.04907,2026-10-03 05:38:00,NOAA-20,ESPIGÃO D'OESTE,RONDÔNIA,Brasil,1100098,11,33,,,,Amazônia,0.6
55b716f8-81c0-3c0c-96c6-7f89119241b3,-9.49769,-64.75034,2026-10-03 05:38:00,NOAA-20,PORTO VELHO,RONDÔNIA,Brasil,1100205,11,33,,,,Amazônia,0.7
f207a8b8-2114-3890-830c-5f3ecbd459ee,-12.13341,-61.15661,2026-10-03 05:38:00,NOAA-20,PIMENTA BUENO,RONDÔNIA,Brasil,1100189,11,33,,,,Amazônia,1.0
be051b6a-5b08-352c-835b-f9708db412e2,-9.69202,-63.20068,2026-10-03 05:38:00,NOAA-20,ALTO PARAÍSO,RONDÔNIA,Brasil,1100403,11,33,,,,Amazônia,0.8
7bc847fb-6d75-339e-b878-64d06827db01,-8.85137,-66.7916,2026-10-03 05:38:00,NOAA-20,LÁBREA,AMAZONAS,Brasil,1302405,13,33,,,,Amazônia,0.8
d1965c90-745e-3902-af86-adbfb0f922d5,-12.13797,-63.1754,2026-10-03 05:38:00,NOAA-20,SERINGUEIRAS,RONDÔNIA,Brasil,1101500,11,33,,,,Amazônia,4.0
834e3ead-8b27-3396-8759-452290b496c9,-12.13134,-63.17432,2026-10-03 05:38:00,NOAA-20,SERINGUEIRAS,RONDÔNIA,Brasil,1101500,11,33,,,,Amazônia,1.2
9c896292-8f3c-3cb7-859b-12d9087c066c,-9.89289,-60.29312,2026-10-03 05:38:00,NOAA-20,ARIPUANÃ,MATO GROSSO,Brasil,5101407,51,33,,,,Amazônia,1.3
98bfb4ae-3055-3cc0-aa23-fc8beb03e613,-9.11397,-65.3967,2026-10-03 05:38:00,NOAA-20,LÁBREA,AMAZONAS,Brasil,1302405,13,33,,,,Amazônia,0.6
8fc9e154-f591-3d1f-9e38-477c959de4a4,-7.9829,-67.15674,2026-10-03 05:38:00,NOAA-20,PAUINI,AMAZONAS,Brasil,1303502,13,33,,,,Amazônia,0.4
4083865b-e944-3cbe-a523-b6ceff4b1eac,-8.70655,-66.73143,2026-10-03 05:38:00,NOAA-20,LÁBREA,AMAZONAS,Brasil,1302405,13,33,,,,Amazônia,1.5
3b70b4e7-cf03-3339-867d-759e0abb545f,-7.97902,-67.15607,2026-10-03 05:38:00,NOAA-20,PAUINI,AMAZONAS,Brasil,1303502,13,33,,,,Amazônia,0.4
e8fa1c8c-5f2f-3962-bb63-bb60e7554662,-9.29186,-60.53998,2026-10-03 05:38:00,NOAA-20,COLNIZA,MATO GROSSO,Brasil,5103254,51,33,,,,Amazônia,0.7
2aec6d0d-533a-3779-96b2-ce4f6cc744d1,-9.1074,-68.25595,2026-10-03 05:38:00,NOAA-20,BOCA DO ACRE,AMAZONAS,Brasil,1300706,13,33,,,,Amazônia,0.7
c6c8196e-85f2-390e-ad44-4ee22478fd07,-10.9949,-59.13805,2026-10-03 05:38:00,NOAA-20,JUÍNA,MATO GROSSO,Brasil,5105150,51,33,,,,Amazônia,7.3
08217a94-b10b-3650-a975-128925cc7aba,-11.03728,-62.57169,2026-10-03 05:38:00,NOAA-20,NOVA UNIÃO,RONDÔNIA,Brasil,1101435,11,33,,,,Amazônia,0.7
5a852c46-2d51-3d0c-a6de-d024c37ff89f,-9.90697,-65.03828,2026-10-03 05:38:00,NOAA-20,PORTO VELHO,RONDÔNIA,Brasil,1100205,11,33,,,,Amazônia,0.8
82078635-02e9-3d6e-9b76-039e4be3153d,-10.49782,-63.3024,2026-10-03 05:38:00,NOAA-20,GOVERNADOR JORGE TEIXEIRA,RONDÔNIA,Brasil,1101005,11,33,,,,Amazônia,0.6
732fdba6-4213-359d-8494-fdd21a8c0605,-9.48492,-67.15633,2026-10-03 05:38:00,NOAA-20,LÁBREA,AMAZONAS,Brasil,1302405,13,33,,,,Amazônia,2.3
3f28f1de-cbf4-3b3d-93c6-713ef72a0d7a,-12.145,-61.1745,2026-10-03 05:38:00,NOAA-20,PARECIS,RONDÔNIA,Brasil,1101450,11,33,,,,Amazônia,0.7
a05bcb3c-d341-3164-97ca-f17b5cee735f,-10.9956,-59.13322,2026-10-03 05:38:00,NOAA-20,JUÍNA,MATO GROSSO,Brasil,5105150,51,33,,,,Amazônia,7.3
baed16e8-6c39-32f0-aa79-f195413fe248,-9.56265,-62.72982,2026-10-03 05:38:00,NOAA-20,RIO CRESPO,RONDÔNIA,Brasil,1100262,11,33,,,,Amazônia,0.7
846572db-e701-3211-a5b1-c7b960b5686f,-9.38015,-65.47148,2026-10-03 05:38:00,NOAA-20,LÁBREA,AMAZONAS,Brasil,1302405,13,33,,,,Amazônia,1.2
2f2c70ea-43ff-3af7-8957-aa4f7b034321,-11.199,-61.52528,2026-10-03 05:38:00,NOAA-20,MINISTRO ANDREAZZA,RONDÔNIA,Brasil,1101203,11,33,,,,Amazônia,0.5
04aea5b6-b538-322f-b8a0-ae925b00427f,-9.91867,-65.05117,2026-10-03 05:38:00,NOAA-20,PORTO VELHO,RONDÔNIA,Brasil,1100205,11,33,,,,Amazônia,0.6
36953437-ceae-358b-ab30-f2557f6191ea,-8.85691,-66.78604,2026-10-03 05:38:00,NOAA-20,LÁBREA,AMAZONAS,Brasil,1302405,13,33,,,,Amazônia,2.6
f7474a06-3045-382c-9c3e-081c31b0fa0f,-9.17374,-59.69503,2026-10-03 05:38:00,NOAA-20,COLNIZA,MATO GROSSO,Brasil,5103254,51,33,,,,Amazônia,0.7
b3b042dc-a92d-3f18-b150-eb14c6e1250a,-9.17012,-59.69447,2026-10-03 05:38:00,NOAA-20,COLNIZA,MATO GROSSO,Brasil,5103254,51,33,,,,Amazônia,0.7
df040d78-552c-33cd-abea-cfede04cc98b,-9.62281,-65.73737,2026-10-03 05:38:00,NOAA-20,PORTO VELHO,RONDÔNIA,Brasil,1100205,11,33,,,,Amazônia,1.5
dd0fa26f-352f-39d3-8616-d0f5d8fccc36,-9.72416,-66.34324,2026-10-03 05:38:00,NOAA-20,PORTO VELHO,RONDÔNIA,Brasil,1100205,11,33,,,,Amazônia,0.8
6a055b26-fbf5-3ddf-bc65-626903088e49,-8.85513,-66.79224,2026-10-03 05:38:00,NOAA-20,LÁBREA,AMAZONAS,Brasil,1302405,13,33,,,,Amazônia,2.6
c7eef657-a2bc-39f1-a6e0-086eef5f64d7,-11.04448,-62.56925,2026-10-03 05:38:00,NOAA-20,MIRANTE DA SERRA,RONDÔNIA,Brasil,1101302,11,33,,,,Amazônia,0.6
849d741d-5d0f-3682-b48e-d2021068e330,-12.14128,-63.17594,2026-10-03 05:38:00,NOAA-20,SERINGUEIRAS,RONDÔNIA,Brasil,1101500,11,33,,,,Amazônia,4.0
57e27cea-4beb-34b9-a208-86cbaf081a9d,-10.99107,-59.13751,2026-10-03 05:38:00,NOAA-20,JUÍNA,MATO GROSSO,Brasil,5105150,51,33,,,,Amazônia,7.3
b95c2a60-f3ab-364c-8149-4df42cb29a10,-8.85588,-66.78766,2026-10-03 05:38:00,NOAA-20,LÁBREA,AMAZONAS,Brasil,1302405,13,33,,,,Amazônia,2.5
7591609a-39df-36e9-bd29-7d9b85ef0124,-7.7025,-67.08338,2026-10-03 06:22:00,NOAA-21,PAUINI,AMAZONAS,Brasil,1303502,13,33,,,,Amazônia,0.6
7fd90603-4efa-3792-a78c-1fc024912926,-9.88788,-65.1416,2026-10-03 06:22:00,NOAA-21,PORTO VELHO,RONDÔNIA,Brasil,1100205,11,33,,,,Amazônia,2.4
fc7a3d9f-2082-3c72-a154-385d1337f4c7,-8.85645,-66.78576,2026-10-03 06:22:00,NOAA-21,LÁBREA,AMAZONAS,Brasil,1302405,13,33,,,,Amazônia,2.1
5ae2418c-f6cd-3b0c-89f4-caca6eb11227,-8.70372,-66.72958,2026-10-03 06:22:00,NOAA-21,LÁBREA,AMAZONAS,Brasil,1302405,13,33,,,,Amazônia,1.0
03917d28-2ee2-3580-a410-131e884173f1,-9.37442,-65.47174,2026-10-03 06:22:00,NOAA-21,LÁBREA,AMAZONAS,Brasil,1302405,13,33,,,,Amazônia,0.7
335d7a5e-5d8d-376b-9b41-2cb877dcae85,-9.13679,-68.24887,2026-10-03 06:22:00,NOAA-21,BOCA DO ACRE,AMAZONAS,Brasil,1300706,13,33,,,,Amazônia,1.9
9b60328b-914a-3876-9bad-b1edee38c6bd,-9.37811,-65.47118,2026-10-03 06:22:00,NOAA-21,LÁBREA,AMAZONAS,Brasil,1302405,13,33,,,,Amazônia,2.1
2140e2eb-4bcb-37c1-a88c-58a67e7f01e8,-9.45177,-68.94481,2026-10-03 06:22:00,NOAA-21,SENA MADUREIRA,ACRE,Brasil,1200500,12,33,,,,Amazônia,0.9
ad21f5cd-5d98-3baf-a3e4-ddb7b1b827ad,-8.85561,-66.79205,2026-10-03 06:22:00,NOAA-21,LÁBREA,AMAZONAS,Brasil,1302405,13,33,,,,Amazônia,2.8
731e070c-f0cf-34c1-914b-abe027be8399,-9.13414,-68.24589,2026-10-03 06:22:00,NOAA-21,BOCA DO ACRE,AMAZONAS,Brasil,1300706,13,33,,,,Amazônia,1.7
51428f61-eeb3-304c-aff5-e1144dce96c7,-8.89222,-66.8866,2026-10-03 06:22:00,NOAA-21,LÁBREA,AMAZONAS,Brasil,1302405,13,33,,,,Amazônia,0.8
5fca47ef-269d-3498-812f-52d7f7d0c8d1,-9.62354,-65.73839,2026-10-03 06:22:00,NOAA-21,PORTO VELHO,RONDÔNIA,Brasil,1100205,11,33,,,,Amazônia,2.1
112964b5-392a-3d4f-88d9-ea2de8c26258,-8.70331,-66.73276,2026-10-03 06:22:00,NOAA-21,LÁBREA,AMAZONAS,Brasil,1302405,13,33,,,,Amazônia,2.1
c8b09f76-e721-3122-8568-7eaa6e6f53ea,-7.70289,-67.08047,2026-10-03 06:22:00,NOAA-21,PAUINI,AMAZONAS,Brasil,1303502,13,33,,,,Amazônia,0.6
eb9674a7-9f4c-3ccb-bc8e-542a635f95fc,-9.13348,-68.25093,2026-10-03 06:22:00,NOAA-21,BOCA DO ACRE,AMAZONAS,Brasil,1300706,13,33,,,,Amazônia,1.7
0f266951-f675-3d21-a576-07533f322a7c,-10.72887,-69.41347,2026-10-03 06:22:00,NOAA-21,ASSIS BRASIL,ACRE,Brasil,1200054,12,33,,,,Amazônia,1.4
b39edc83-4211-3c9f-918e-3bf114a773a8,-9.31022,-65.77291,2026-10-03 06:22:00,NOAA-21,LÁBREA,AMAZONAS,Brasil,1302405,13,33,,,,Amazônia,1.4
0e3f1f11-3f6a-3338-9ab4-b5d44b41f595,-8.6587,-66.93441,2026-10-03 06:22:00,NOAA-21,LÁBREA,AMAZONAS,Brasil,1302405,13,33,,,,Amazônia,1.1
0be73bd2-8cf5-34b2-9025-61602ef77aee,-8.70851,-66.73351,2026-10-03 06:22:00,NOAA-21,LÁBREA,AMAZONAS,Brasil,1302405,13,33,,,,Amazônia,0.4
f219eba7-1f53-3b4d-b1ef-e535cc4d7776,-9.13208,-68.24818,2026-10-03 06:22:00,NOAA-21,BOCA DO ACRE,AMAZONAS,Brasil,1300706,13,33,,,,Amazônia,1.9
96d50ff5-4118-3044-9965-2359a4890dee,-8.86164,-66.78651,2026-10-03 06:22:00,NOAA-21,LÁBREA,AMAZONAS,Brasil,1302405,13,33,,,,Amazônia,1.3
d2a9ae04-f648-3ded-87b3-01a7bb1f7776,-9.55264,-65.98505,2026-10-03 06:22:00,NOAA-21,PORTO VELHO,RONDÔNIA,Brasil,1100205,11,33,,,,Amazônia,1.1
363af4d0-d98f-347d-9717-ae754eb377cc,-9.62303,-65.74235,2026-10-03 06:22:00,NOAA-21,PORTO VELHO,RONDÔNIA,Brasil,1100205,11,33,,,,Amazônia,1.7
db500dfd-3d64-3637-b394-3a82d9780735,-8.05675,-69.95791,2026-10-03 06:22:00,NOAA-21,FEIJÓ,ACRE,Brasil,1200302,12,33,,,,Amazônia,1.3
ecd01888-89f5-3e79-90f2-386cb97471da,-8.86079,-66.79279,2026-10-03 06:22:00,NOAA-21,LÁBREA,AMAZONAS,Brasil,1302405,13,33,,,,Amazônia,1.7
03821306-feea-3b2d-9c52-5da901a6bb63,-9.882,-65.14085,2026-10-03 06:22:00,NOAA-21,PORTO VELHO,RONDÔNIA,Brasil,1100205,11,33,,,,Amazônia,2.4
5a9f16dd-09a8-34dd-8ec3-570278ea1459,-8.89738,-66.88731,2026-10-03 06:22:00,NOAA-21,LÁBREA,AMAZONAS,Brasil,1302405,13,33,,,,Amazônia,0.8
1d647ab5-ad19-377e-b5c0-5703c3099984,-9.38013,-65.47253,2026-10-03 06:22:00,NOAA-21,LÁBREA,AMAZONAS,Brasil,1302405,13,33,,,,Amazônia,1.1
558aa0be-c69f-3004-a054-9cf9b1ccb197,-8.86121,-66.78965,2026-10-03 06:22:00,NOAA-21,LÁBREA,AMAZONAS,Brasil,1302405,13,33,,,,Amazônia,1.3
0c1bc1e4-0ec8-3e47-a59c-cfaafe790001,-8.68275,-66.80989,2026-10-03 06:22:00,NOAA-21,LÁBREA,AMAZONAS,Brasil,1302405,13,33,,,,Amazônia,0.9
77549efb-4ba5-3d90-9f4b-d208c38602a8,-10.72827,-69.41803,2026-10-03 06:22:00,NOAA-21,ASSIS BRASIL,ACRE,Brasil,1200054,12,33,,,,Amazônia,1.4
a063e0ad-d045-33c8-a313-d89869644fd7,-8.89262,-66.88348,2026-10-03 06:22:00,NOAA-21,LÁBREA,AMAZONAS,Brasil,1302405,13,33,,,,Amazônia,1.4
410f402f-cd62-399f-adee-f4271689878b,-12.13225,-63.17396,2026-10-03 06:22:00,NOAA-21,SERINGUEIRAS,RONDÔNIA,Brasil,1101500,11,33,,,,Amazônia,2.2
07d668b6-6655-3789-8c19-7437b94a61c4,-12.13905,-63.17485,2026-10-03 06:22:00,NOAA-21,SERINGUEIRAS,RONDÔNIA,Brasil,1101500,11,33,,,,Amazônia,2.2
9259ee15-cab8-3d3e-bcb3-0fa0208ed5d9,-8.85602,-66.78892,2026-10-03 06:22:00,NOAA-21,LÁBREA,AMAZONAS,Brasil,1302405,13,33,,,,Amazônia,2.1
9c11e63e-5e55-31a9-9a20-b154fd62039d,-9.87973,-65.13488,2026-10-03 08:05:00,AQUA_M-M,PORTO VELHO,RONDÔNIA,Brasil,1100205,11,33,,,,Amazônia,3.7
c24a88fc-744e-3bce-9c56-57dbad777e79,-9.54387,-68.52563,2026-10-03 08:05:00,AQUA_M-M,SENA MADUREIRA,ACRE,Brasil,1200500,12,33,,,,Amazônia,5.5
a72b381a-4ac8-3d52-b563-2684dcc9978c,-8.85759,-66.78883,2026-10-03 08:05:00,AQUA_M-M,LÁBREA,AMAZONAS,Brasil,1302405,13,33,,,,Amazônia,7.3
b7fa11a7-a28b-3d9c-9e27-01748ab4ccc0,-9.1695,-61.403,2026-10-03 08:05:00,AQUA_M-M,COLNIZA,MATO GROSSO,Brasil,5103254,51,33,,,,Amazônia,15.5
98adcc84-f18b-3045-bad8-d2602596e046,-3.70458,-50.65349,2026-10-03 12:19:00,TERRA_M-T,PACAJÁ,PARÁ,Brasil,1505486,15,33,,,,Amazônia,34.1
dc7705a2-3320-32c3-8021-32494f8492df,1.7993,-55.56688,2026-10-03 12:19:00,TERRA_M-T,ÓBIDOS,PARÁ,Brasil,1505106,15,33,,,,Amazônia,10.1
cdd10250-d9bb-3725-a626-d18464fdea22,1.90411,-55.78048,2026-10-03 12:19:00,TERRA_M-T,ÓBIDOS,PARÁ,Brasil,1505106,15,33,,,,Amazônia,10.4
7f839059-2c4a-3220-91de-520d423fc2b3,-3.64596,-55.50568,2026-10-03 12:19:00,TERRA_M-T,AVEIRO,PARÁ,Brasil,1501006,15,33,,,,Amazônia,6.5
06603955-305d-37b5-9acc-1ce461a6dffc,-4.12021,-55.01894,2026-10-03 12:19:00,TERRA_M-T,RURÓPOLIS,PARÁ,Brasil,1506195,15,33,,,,Amazônia,6.7
e51dacd1-75d6-395a-acf4-40072f210a44,1.9117,-55.77039,2026-10-03 12:19:00,TERRA_M-T,ÓBIDOS,PARÁ,Brasil,1505106,15,33,,,,Amazônia,9.8
966852b2-9670-3ff8-902b-06e86dab2222,-4.53915,-50.76772,2026-10-03 12:19:00,TERRA_M-T,NOVO REPARTIMENTO,PARÁ,Brasil,1505064,15,33,,,,Amazônia,19.1
08202ff8-37e2-3db5-9c0c-44342171521f,-3.85745,-55.96593,2026-10-03 12:19:00,TERRA_M-T,AVEIRO,PARÁ,Brasil,1501006,15,33,,,,Amazônia,5.7
43ee5d3e-2689-349f-8c5f-014d031efd6c,-3.84865,-55.9647,2026-10-03 12:19:00,TERRA_M-T,AVEIRO,PARÁ,Brasil,1501006,15,33,,,,Amazônia,6.7
bdecbb13-6172-349c-bb5e-b840c786b7ea,-3.12935,-53.75165,2026-10-03 12:19:00,TERRA_M-T,URUARÁ,PARÁ,Brasil,1508159,15,33,,,,Amazônia,17.3
7998d37a-2793-3020-8b52-68f7e0d19d1a,-3.0089,-53.88182,2026-10-03 12:19:00,TERRA_M-T,URUARÁ,PARÁ,Brasil,1508159,15,33,,,,Amazônia,7.3
59014882-191c-3385-8bd1-f957963a1a06,-3.85061,-55.80692,2026-10-03 12:19:00,TERRA_M-T,AVEIRO,PARÁ,Brasil,1501006,15,33,,,,Amazônia,6.5
2d8dd378-a5ce-3d62-a479-70f66b5f7752,-3.22392,-54.31536,2026-10-03 12:19:00,TERRA_M-T,MOJUÍ DOS CAMPOS,PARÁ,Brasil,1504752,15,33,,,,Amazônia,4.6
a9def697-4750-3667-8f62-7de2df251ee5,1.9193,-55.8237,2026-10-03 12:19:00,TERRA_M-T,ORIXIMINÁ,PARÁ,Brasil,1505304,15,33,,,,Amazônia,11.4
f26d0f27-bda3-3a51-8587-4f66662cdb7e,-2.25117,-51.93062,2026-10-03 12:19:00,TERRA_M-T,PORTEL,PARÁ,Brasil,1505809,15,33,,,,Amazônia,11.3
eb76faf7-0fee-3327-b405-76c92f04de04,-1.27111,-54.5564,2026-10-03 12:19:00,TERRA_M-T,MONTE ALEGRE,PARÁ,Brasil,1504802,15,33,,,,Amazônia,14.2
6c6f796a-7fda-3abc-b3c0-27734ea777ee,-2.26168,-51.93199,2026-10-03 12:19:00,TERRA_M-T,PORTEL,PARÁ,Brasil,1505809,15,33,,,,Amazônia,14.1
8beabff7-d417-3dce-a22f-0a0d1db4d769,-3.28402,-53.82599,2026-10-03 12:19:00,TERRA_M-T,URUARÁ,PARÁ,Brasil,1508159,15,33,,,,Amazônia,29.5
5c7a2d32-0643-314b-9420-47594535d8b6,0.43474,-50.7562,2026-10-03 12:19:00,TERRA_M-T,MACAPÁ,AMAPÁ,Brasil,1600303,16,33,,,,Amazônia,16.5
afca4e91-3017-35a8-8494-a14a86ebd307,1.91803,-55.81481,2026-10-03 12:19:00,TERRA_M-T,ÓBIDOS,PARÁ,Brasil,1505106,15,33,,,,Amazônia,45.0
e0ea85c4-7e1d-316c-a614-9bd06b06a4d9,-2.77869,-57.68711,2026-10-03 12:19:00,TERRA_M-T,URUCURITUBA,AMAZONAS,Brasil,1304401,13,33,,,,Amazônia,19.9
db720f3d-6380-371b-9e70-0340c664b5c6,-2.63227,-56.58266,2026-10-03 12:19:00,TERRA_M-T,PARINTINS,AMAZONAS,Brasil,1303403,13,33,,,,Amazônia,13.6
14ee5eff-d30f-36cb-adb7-be287bc97f65,-1.08477,-54.11091,2026-10-03 12:19:00,TERRA_M-T,MONTE ALEGRE,PARÁ,Brasil,1504802,15,33,,,,Amazônia,9.7
c307f6ff-2594-3e9a-bf10-f6abfad9d999,-6.00772,-53.53029,2026-10-03 12:19:00,TERRA_M-T,ALTAMIRA,PARÁ,Brasil,1500602,15,33,,,,Amazônia,15.5
96fff9ba-8691-3652-8a22-2134fced6200,-1.88239,-50.63419,2026-10-03 12:19:00,TERRA_M-T,PORTEL,PARÁ,Brasil,1505809,15,33,,,,Amazônia,9.6
c79d4cda-b8b1-3bb5-b4d1-aacf6093e7e2,-3.22529,-54.30578,2026-10-03 12:19:00,TERRA_M-T,MOJUÍ DOS CAMPOS,PARÁ,Brasil,1504752,15,33,,,,Amazônia,5.3
d9c18a51-a238-381a-bf6c-3b72391fb11b,-4.54472,-50.7743,2026-10-03 12:19:00,TERRA_M-T,NOVO REPARTIMENTO,PARÁ,Brasil,1505064,15,33,,,,Amazônia,19.2
f639f223-64a0-3109-89a3-a788d515b1d2,-6.01812,-53.53794,2026-10-03 12:19:00,TERRA_M-T,ALTAMIRA,PARÁ,Brasil,1500602,15,33,,,,Amazônia,14.4
b905a474-3fad-369b-aeba-eddec28fb94e,0.44575,-50.75469,2026-10-03 12:19:00,TERRA_M-T,MACAPÁ,AMAPÁ,Brasil,1600303,16,33,,,,Amazônia,12.4
70f186ed-e595-3ca2-9344-6d15f4e9b90c,-3.15542,-48.73272,2026-10-03 12:19:00,TERRA_M-T,TAILÂNDIA,PARÁ,Brasil,1507953,15,33,,,,Amazônia,49.1
8c3029a0-031d-350c-932a-84731dd098ff,-2.97379,-53.27398,2026-10-03 12:19:00,TERRA_M-T,MEDICILÂNDIA,PARÁ,Brasil,1504455,15,33,,,,Amazônia,10.0
6186e7d3-4441-3422-bf14-6bf8afb8b5d2,-4.43266,-55.7509,2026-10-03 12:19:00,TERRA_M-T,ITAITUBA,PARÁ,Brasil,1503606,15,33,,,,Amazônia,8.1
0407ceb9-0036-39bb-bf91-5aed1e298526,-3.51395,-54.61026,2026-10-03 12:19:00,TERRA_M-T,PLACAS,PARÁ,Brasil,1505650,15,33,,,,Amazônia,24.6
1bdefad2-a742-318a-8b76-4902e857603b,-3.12281,-53.73019,2026-10-03 12:19:00,TERRA_M-T,URUARÁ,PARÁ,Brasil,1508159,15,33,,,,Amazônia,59.7
9999a160-bc2a-3cfd-8939-b06f85b6f496,-1.0861,-54.10157,2026-10-03 12:19:00,TERRA_M-T,MONTE ALEGRE,PARÁ,Brasil,1504802,15,33,,,,Amazônia,4.6
b5d63aa9-b786-30bc-851d-f628a4f27367,1.91296,-55.77927,2026-10-03 12:19:00,TERRA_M-T,ÓBIDOS,PARÁ,Brasil,1505106,15,33,,,,Amazônia,13.4
38758261-bf12-3b86-b59a-f3c1d7ba4212,1.92433,-55.73251,2026-10-03 12:19:00,TERRA_M-T,ÓBIDOS,PARÁ,Brasil,1505106,15,33,,,,Amazônia,8.9
cfb97b53-0d06-3c5d-a4cb-800f502878e3,-0.36533,-52.02488,2026-10-03 12:19:00,TERRA_M-T,MAZAGÃO,AMAPÁ,Brasil,1600402,16,33,,,,Amazônia,7.2
033dbb17-6c39-3a5e-baa4-972906f8cbd5,-1.26984,-54.56546,2026-10-03 12:19:00,TERRA_M-T,MONTE ALEGRE,PARÁ,Brasil,1504802,15,33,,,,Amazônia,14.1
ca0951b1-b66d-337a-af0e-9d86d60a4558,-2.93318,-54.14997,2026-10-03 12:19:00,TERRA_M-T,SANTARÉM,PARÁ,Brasil,1506807,15,33,,,,Amazônia,3.8
297defe2-29cd-39b2-b2aa-f270cb3a8514,-3.13079,-53.74155,2026-10-03 12:19:00,TERRA_M-T,URUARÁ,PARÁ,Brasil,1508159,15,33,,,,Amazônia,39.3
3dd3710d-3957-3cb9-b15f-329b870924c1,1.84371,-55.54564,2026-10-03 12:19:00,TERRA_M-T,ÓBIDOS,PARÁ,Brasil,1505106,15,33,,,,Amazônia,4.6
9d2ad473-1b6c-38eb-92d3-a666a68f8722,-3.13696,-53.73844,2026-10-03 12:19:00,TERRA_M-T,URUARÁ,PARÁ,Brasil,1508159,15,33,,,,Amazônia,78.4
4101db59-1c3f-3e57-8897-02785ecc3181,-3.85186,-55.79813,2026-10-03 12:19:00,TERRA_M-T,AVEIRO,PARÁ,Brasil,1501006,15,33,,,,Amazônia,5.9
e7438960-78fb-30df-8e0f-dbf23b41f7f6,-3.06105,-54.16381,2026-10-03 12:19:00,TERRA_M-T,SANTARÉM,PARÁ,Brasil,1506807,15,33,,,,Amazônia,3.3
b11c7bc2-05fd-3ab8-a8b7-3d316e69cdf9,-3.14754,-59.01907,2026-10-03 12:19:00,TERRA_M-T,ITACOATIARA,AMAZONAS,Brasil,1301902,13,33,,,,Amazônia,8.0
97bebc29-eaad-38aa-ad36-20141dcff332,-3.25029,-54.51762,2026-10-03 12:19:00,TERRA_M-T,MOJUÍ DOS CAMPOS,PARÁ,Brasil,1504752,15,33,,,,Amazônia,5.8
1536f2e4-e3e7-3f0e-925a-15bd5bcf1536,-4.79611,-55.72651,2026-10-03 12:19:00,TERRA_M-T,TRAIRÃO,PARÁ,Brasil,1508050,15,33,,,,Amazônia,7.1
0ec43162-424d-37e0-bd20-0286df4b2e0f,-4.42382,-55.74971,2026-10-03 12:19:00,TERRA_M-T,ITAITUBA,PARÁ,Brasil,1503606,15,33,,,,Amazônia,7.0
541e8488-2a59-39ac-9306-7c7540455668,-3.79233,-59.37091,2026-10-03 12:19:00,TERRA_M-T,AUTAZES,AMAZONAS,Brasil,1300300,13,33,,,,Amazônia,41.4
33b0e7f9-c5b7-3b66-be82-fde40517f430,-4.53681,-50.78477,2026-10-03 12:19:00,TERRA_M-T,NOVO REPARTIMENTO,PARÁ,Brasil,1505064,15,33,,,,Amazônia,20.1
fc832417-78f9-31ad-be5d-c7b13bc50fd2,1.93317,-55.73129,2026-10-03 12:19:00,TERRA_M-T,ÓBIDOS,PARÁ,Brasil,1505106,15,33,,,,Amazônia,11.6
231d2d99-669b-373f-9a21-a954e4ce4a91,-3.01823,-53.88309,2026-10-03 12:19:00,TERRA_M-T,URUARÁ,PARÁ,Brasil,1508159,15,33,,,,Amazônia,6.9
867c9494-95e3-3924-859b-2629d1015e28,-2.28597,-47.86696,2026-10-03 12:19:00,TERRA_M-T,AURORA DO PARÁ,PARÁ,Brasil,1500958,15,33,,,,Amazônia,35.5
ffe0ca93-937c-34fe-a614-aa28d45582d6,-3.22052,-53.93879,2026-10-03 12:19:00,TERRA_M-T,URUARÁ,PARÁ,Brasil,1508159,15,33,,,,Amazônia,6.1
f369d615-383d-3b16-9af7-34958a80fac4,-3.16147,-48.73906,2026-10-03 12:19:00,TERRA_M-T,TAILÂNDIA,PARÁ,Brasil,1507953,15,33,,,,Amazônia,31.4
023ddace-e0ec-3844-a99e-467350c7b69d,-4.12151,-55.00976,2026-10-03 12:19:00,TERRA_M-T,RURÓPOLIS,PARÁ,Brasil,1506195,15,33,,,,Amazônia,7.0
dd5e5143-0ad4-30b7-8be9-19a5e31fc788,-2.46959,-54.75528,2026-10-03 12:19:00,TERRA_M-T,SANTARÉM,PARÁ,Brasil,1506807,15,33,,,,Amazônia,5.1
e134cbec-5c07-3781-9a5b-011f41631217,-4.29973,-54.79296,2026-10-03 12:19:00,TERRA_M-T,PLACAS,PARÁ,Brasil,1505650,15,33,,,,Amazônia,5.1
b1fa6576-73f2-3957-8450-68e4e0e406a5,-3.21912,-53.94884,2026-10-03 12:19:00,TERRA_M-T,URUARÁ,PARÁ,Brasil,1508159,15,33,,,,Amazônia,12.3
b5a4c685-a18a-3067-98be-2604b2067f4a,1.78543,-55.59568,2026-10-03 12:19:00,TERRA_M-T,ÓBIDOS,PARÁ,Brasil,1505106,15,33,,,,Amazônia,9.1
f8b0bb7f-d98b-31fb-93a5-99a66714ce17,-3.84741,-55.97346,2026-10-03 12:19:00,TERRA_M-T,AVEIRO,PARÁ,Brasil,1501006,15,33,,,,Amazônia,5.4
584d9a96-06d6-3a3a-9814-4e14856b703b,-3.7165,-50.65505,2026-10-03 12:19:00,TERRA_M-T,PACAJÁ,PARÁ,Brasil,1505486,15,33,,,,Amazônia,15.1
80eb2195-11c5-307d-b9f5-2cc990268e6f,-0.36699,-52.01308,2026-10-03 12:19:00,TERRA_M-T,MAZAGÃO,AMAPÁ,Brasil,1600402,16,33,,,,Amazônia,18.7
b9940df5-36db-3401-adb0-c6d93609daba,-4.78725,-55.71035,2026-10-03 12:19:00,TERRA_M-T,TRAIRÃO,PARÁ,Brasil,1508050,15,33,,,,Amazônia,9.6
bab85d00-5ed9-3997-8738-45f5e8c02e23,-2.28121,-47.88716,2026-10-03 12:19:00,TERRA_M-T,AURORA DO PARÁ,PARÁ,Brasil,1500958,15,33,,,,Amazônia,33.9
df98546a-909d-336e-85f8-9a02136d522b,-2.21599,-48.03845,2026-10-03 12:19:00,TERRA_M-T,TOMÉ-AÇU,PARÁ,Brasil,1508001,15,33,,,,Amazônia,24.5
5f7f516d-da64-3227-bd45-d3033788d08b,-1.35532,-49.06874,2026-10-03 12:19:00,TERRA_M-T,PONTA DE PEDRAS,PARÁ,Brasil,1505700,15,33,,,,Amazônia,19.0
f008c254-7e32-373b-b524-d9c8da6f7e1b,-3.13223,-53.73146,2026-10-03 12:19:00,TERRA_M-T,URUARÁ,PARÁ,Brasil,1508159,15,33,,,,Amazônia,139.3
0269d63a-e4c5-3222-b832-6337d7fb5034,-3.76978,-55.53777,2026-10-03 12:19:00,TERRA_M-T,AVEIRO,PARÁ,Brasil,1501006,15,33,,,,Amazônia,12.1
cc5da81b-b0c4-3a4f-abd3-d260dfce7242,-5.25691,-55.92067,2026-10-03 12:19:00,TERRA_M-T,TRAIRÃO,PARÁ,Brasil,1508050,15,33,,,,Amazônia,6.7
d7639999-68e9-35e5-9592-561f2f77c5ef,1.78037,-55.6233,2026-10-03 12:19:00,TERRA_M-T,ÓBIDOS,PARÁ,Brasil,1505106,15,33,,,,Amazônia,25.2
56170d49-69a6-3fe7-a7c2-6d378ac606f4,-2.97527,-53.26342,2026-10-03 12:19:00,TERRA_M-T,MEDICILÂNDIA,PARÁ,Brasil,1504455,15,33,,,,Amazônia,30.0
0e5bb650-4572-3f93-8943-23126166cd9f,-3.7622,-55.52763,2026-10-03 12:19:00,TERRA_M-T,AVEIRO,PARÁ,Brasil,1501006,15,33,,,,Amazônia,6.6
03d23411-e697-32e2-a88d-d7dc16958bc9,-4.30714,-50.54279,2026-10-03 12:19:00,TERRA_M-T,NOVO REPARTIMENTO,PARÁ,Brasil,1505064,15,33,,,,Amazônia,10.7
770923fa-d028-38c8-9118-676605448ae4,-3.13836,-53.72833,2026-10-03 12:19:00,TERRA_M-T,URUARÁ,PARÁ,Brasil,1508159,15,33,,,,Amazônia,53.4
891dbc75-2673-375a-af79-26f96d58c29f,-3.12138,-53.74029,2026-10-03 12:19:00,TERRA_M-T,URUARÁ,PARÁ,Brasil,1508159,15,33,,,,Amazônia,60.4
369b5cae-d12f-3fd5-88b6-fbf30a0ce4b9,-3.11235,-50.28692,2026-10-03 12:19:00,TERRA_M-T,PORTEL,PARÁ,Brasil,1505809,15,33,,,,Amazônia,15.3
42e1ee4c-90df-3171-b5ed-5999e457b452,-3.51527,-54.6009,2026-10-03 12:19:00,TERRA_M-T,PLACAS,PARÁ,Brasil,1505650,15,33,,,,Amazônia,32.0
a71c47b3-626c-3571-b07a-95bcb6e89bdf,-2.98495,-53.26464,2026-10-03 12:19:00,TERRA_M-T,MEDICILÂNDIA,PARÁ,Brasil,1504455,15,33,,,,Amazônia,7.3
f29e3ba6-4af5-34f5-8e1a-f6bf2698598c,-3.29197,-53.83735,2026-10-03 12:19:00,TERRA_M-T,URUARÁ,PARÁ,Brasil,1508159,15,33,,,,Amazônia,16.1
2dd0f232-1f56-3498-b4df-f417198b0704,-1.02764,-53.73072,2026-10-03 12:19:00,TERRA_M-T,PRAINHA,PARÁ,Brasil,1506005,15,33,,,,Amazônia,8.7
6f79acb6-117d-37f6-bd4f-b43cbe55aa1a,-3.8562,-55.97468,2026-10-03 12:19:00,TERRA_M-T,AVEIRO,PARÁ,Brasil,1501006,15,33,,,,Amazônia,5.0
30fbf522-c610-3476-a227-2fed4816e332,2.5615,-50.9577,2026-10-03 12:19:00,TERRA_M-T,CALÇOENE,AMAPÁ,Brasil,1600204,16,33,,,,Amazônia,18.5
f0feb988-fba9-35e6-b3b2-513ccd79a433,-3.64721,-55.49681,2026-10-03 12:19:00,TERRA_M-T,AVEIRO,PARÁ,Brasil,1501006,15,33,,,,Amazônia,7.8
a5b83bc6-824c-31ab-a0da-13941b28c167,-3.13557,-53.74855,2026-10-03 12:19:00,TERRA_M-T,URUARÁ,PARÁ,Brasil,1508159,15,33,,,,Amazônia,17.5
35aa48a0-a1ec-3192-89e5-43158001af39,-2.28241,-47.89383,2026-10-03 12:19:00,TERRA_M-T,AURORA DO PARÁ,PARÁ,Brasil,1500958,15,33,,,,Amazônia,27.8
fad9f28a-a98b-368a-a906-25b45160bddc,-2.21952,-48.01258,2026-10-03 12:19:00,TERRA_M-T,TOMÉ-AÇU,PARÁ,Brasil,1508001,15,33,,,,Amazônia,58.5
847fd3c6-73de-3a7d-83d8-47716ac0dde2,-3.13368,-53.72136,2026-10-03 12:19:00,TERRA_M-T,URUARÁ,PARÁ,Brasil,1508159,15,33,,,,Amazônia,14.6
3e900946-f1f4-336c-91a9-87f4b04a6f87,-6.12773,-57.8241,2026-10-03 12:21:00,TERRA_M-T,JACAREACANGA,PARÁ,Brasil,1503754,15,33,,,,Amazônia,7.4
4355eddc-d3e9-3cb4-b675-60b389a5de23,-10.99508,-59.13564,2026-10-03 12:21:00,TERRA_M-T,JUÍNA,MATO GROSSO,Brasil,5105150,51,33,,,,Amazônia,19.9
be70bc42-f9d2-34c9-8800-e05dc6fb5df8,-9.83997,-49.5197,2026-10-03 12:21:00,TERRA_M-T,MARIANÓPOLIS DO TOCANTINS,TOCANTINS,Brasil,1712504,17,33,,,,Cerrado,9.6
f7d3e431-b924-3d4a-92d7-5c2e404c50e1,-10.87271,-57.11219,2026-10-03 12:21:00,TERRA_M-T,JUARA,MATO GROSSO,Brasil,5105101,51,33,,,,Amazônia,8.1
ee48130a-beec-3ccc-bad7-dc5b2de26746,-6.21719,-60.0255,2026-10-03 12:21:00,TERRA_M-T,NOVO ARIPUANÃ,AMAZONAS,Brasil,1303304,13,33,,,,Amazônia,11.7
af2f61cc-3a3c-326e-ba75-b76a05fa5b5f,-10.87146,-57.12116,2026-10-03 12:21:00,TERRA_M-T,JUARA,MATO GROSSO,Brasil,5105101,51,33,,,,Amazônia,7.9
1c3a6c4c-90ef-339a-acbf-2ce699395294,-5.96522,-55.34584,2026-10-03 12:21:00,TERRA_M-T,ITAITUBA,PARÁ,Brasil,1503606,15,33,,,,Amazônia,10.2
30b4f3a5-2a0c-3745-81f3-ab470e94d642,-10.99646,-59.12627,2026-10-03 12:21:00,TERRA_M-T,JUÍNA,MATO GROSSO,Brasil,5105150,51,33,,,,Amazônia,11.5
31aefb44-82b9-3419-9cda-8f52f9aed578,-9.16624,-61.39925,2026-10-03 12:21:00,TERRA_M-T,COLNIZA,MATO GROSSO,Brasil,5103254,51,33,,,,Amazônia,7.7
1dee23de-f0e9-3292-abe1-ce1bf2950ac7,-6.0686,-53.46309,2026-10-03 12:21:00,TERRA_M-T,ALTAMIRA,PARÁ,Brasil,1500602,15,33,,,,Amazônia,10.3
afc96f36-0037-3bce-8211-432f12b5b97f,-16.25053,-59.29906,2026-10-03 12:23:00,TERRA_M-T,PORTO ESPERIDIÃO,MATO GROSSO,Brasil,5106828,51,33,,,,Amazônia,5.3
cdaee045-827e-3b29-94ad-fde3c221747d,-22.93402,-50.60212,2026-10-03 12:25:00,TERRA_M-T,SANTA MARIANA,PARANÁ,Brasil,4123907,41,33,,,,Mata Atlântica,16.5
a2ba8611-3595-35fc-ad2c-46198ee87ad4,1.9315,-55.8205,2026-10-03 13:10:00,GOES-19,ÓBIDOS,PARÁ,Brasil,1505106,15,33,,,,Amazônia,74.3
72f60efa-914b-3498-9d71-8132c2a61e80,1.9132,-55.8011,2026-10-03 13:10:00,GOES-19,ÓBIDOS,PARÁ,Brasil,1505106,15,33,,,,Amazônia,80.8
b0077aa9-3ca0-3669-8f7d-34c4ffadaebc,1.9132,-55.8208,2026-10-03 13:10:00,GOES-19,ÓBIDOS,PARÁ,Brasil,1505106,15,33,,,,Amazônia,83.1
68840dd0-a06c-3591-b530-0588d272805a,1.9316,-55.8008,2026-10-03 13:10:00,GOES-19,ÓBIDOS,PARÁ,Brasil,1505106,15,33,,,,Amazônia,69.3
f8c60451-8755-3e47-b2d4-be3f1db5a1ca,1.9132,-55.8011,2026-10-03 13:20:00,GOES-19,ÓBIDOS,PARÁ,Brasil,1505106,15,33,,,,Amazônia,68.7
82877333-4d3a-3239-afa1-0f1384a529a3,1.9315,-55.8205,2026-10-03 13:20:00,GOES-19,ÓBIDOS,PARÁ,Brasil,1505106,15,33,,,,Amazônia,64.5
32a66582-f04c-32ee-a972-41781f0da685,1.9132,-55.8208,2026-10-03 13:20:00,GOES-19,ÓBIDOS,PARÁ,Brasil,1505106,15,33,,,,Amazônia,77.7
4fade135-8a02-303f-88bd-5669441fe21f,1.9132,-55.8011,2026-10-03 13:30:00,GOES-19,ÓBIDOS,PARÁ,Brasil,1505106,15,33,,,,Amazônia,64.0
3a375554-8023-3a51-9953-36bc2195fa52,1.7854,-55.6054,2026-10-03 13:30:00,GOES-19,ÓBIDOS,PARÁ,Brasil,1505106,15,33,,,,Amazônia,61.1
c8fb2d78-d0fe-33e7-8701-4ec32bf4c730,1.9132,-55.8208,2026-10-03 13:30:00,GOES-19,ÓBIDOS,PARÁ,Brasil,1505106,15,33,,,,Amazônia,65.8
f4ee470e-1e69-3c4a-8db8-9e41dc3ca066,1.9316,-55.8008,2026-10-03 13:40:00,GOES-19,ÓBIDOS,PARÁ,Brasil,1505106,15,33,,,,Amazônia,67.7
e3c28364-6044-3665-8b20-8535e91637e0,1.9132,-55.8011,2026-10-03 13:40:00,GOES-19,ÓBIDOS,PARÁ,Brasil,1505106,15,33,,,,Amazônia,83.0
5bbba7f4-0663-36b2-9697-befd64d620b0,1.7854,-55.6054,2026-10-03 13:40:00,GOES-19,ÓBIDOS,PARÁ,Brasil,1505106,15,33,,,,Amazônia,74.1
2d75023a-31dd-3b35-9c3e-05beead1a187,1.7853,-55.6251,2026-10-03 13:40:00,GOES-19,ÓBIDOS,PARÁ,Brasil,1505106,15,33,,,,Amazônia,90.1
0b73d437-ed4d-337d-99f4-e542363f1b02,1.9133,-55.7813,2026-10-03 13:40:00,GOES-19,ÓBIDOS,PARÁ,Brasil,1505106,15,33,,,,Amazônia,63.7
0280fcff-2acf-372e-9121-59da5624f97b,1.9132,-55.8208,2026-10-03 13:40:00,GOES-19,ÓBIDOS,PARÁ,Brasil,1505106,15,33,,,,Amazônia,84.5
4c2f1d17-f1a4-32e2-a866-5bfc1e7dce23,1.9315,-55.8205,2026-10-03 13:40:00,GOES-19,ÓBIDOS,PARÁ,Brasil,1505106,15,33,,,,Amazônia,79.9
c14f9e13-26c8-3ac9-96b6-cece8ab11f04,1.9132,-55.8011,2026-10-03 13:50:00,GOES-19,ÓBIDOS,PARÁ,Brasil,1505106,15,33,,,,Amazônia,59.6
7dd32dd4-2ebd-3c37-8aeb-516cbf0804a3,1.7854,-55.6054,2026-10-03 13:50:00,GOES-19,ÓBIDOS,PARÁ,Brasil,1505106,15,33,,,,Amazônia,62.7
98ad670f-5433-3028-b199-88bd9e14716a,1.9133,-55.7813,2026-10-03 13:50:00,GOES-19,ÓBIDOS,PARÁ,Brasil,1505106,15,33,,,,Amazônia,60.6
ec4cb906-99ed-375a-8f76-bc93af0febf7,1.7853,-55.6251,2026-10-03 13:50:00,GOES-19,ÓBIDOS,PARÁ,Brasil,1505106,15,33,,,,Amazônia,59.2
2d02ce03-2910-3ee8-9bc9-e47811143814,-11.1183,-54.0062,2026-10-03 13:50:00,GOES-19,MARCELÂNDIA,MATO GROSSO,Brasil,5105580,51,33,,,,Amazônia,81.3
1d7d8182-c131-373d-ad8d-508eb7ce3b07,-13.0584,-51.205,2026-10-03 14:00:00,GOES-19,RIBEIRÃO CASCALHEIRA,MATO GROSSO,Brasil,5107180,51,33,,,,Cerrado,95.6
b2d28fa2-848b-39d3-b867-b4072767ccb7,-10.9879,-59.1393,2026-10-03 14:00:00,GOES-19,JUÍNA,MATO GROSSO,Brasil,5105150,51,33,,,,Amazônia,65.6
b8abe605-6de0-3e62-907d-3b7f456297d1,1.7854,-55.6054,2026-10-03 14:00:00,GOES-19,ÓBIDOS,PARÁ,Brasil,1505106,15,33,,,,Amazônia,71.5
15c347c0-5ac1-3c53-8287-6620bacbdf69,-11.1183,-54.0062,2026-10-03 14:00:00,GOES-19,MARCELÂNDIA,MATO GROSSO,Brasil,5105580,51,33,,,,Amazônia,87.3
3dd9eb5d-b69e-3390-a371-db56e02389c7,-13.1153,-51.2407,2026-10-03 14:00:00,GOES-19,RIBEIRÃO CASCALHEIRA,MATO GROSSO,Brasil,5107180,51,33,,,,Cerrado,105.0
55e144c0-4b36-34c8-966e-a8e646b62a15,1.7854,-55.5856,2026-10-03 14:00:00,GOES-19,ÓBIDOS,PARÁ,Brasil,1505106,15,33,,,,Amazônia,61.2
d4e47b43-1373-3067-b321-21b3c77a9511,-8.8705,-66.7822,2026-10-03 14:00:00,GOES-19,LÁBREA,AMAZONAS,Brasil,1302405,13,33,,,,Amazônia,83.8
b857ae51-5c78-35d2-b32c-2fc86f9c7216,-13.0009,-51.2122,2026-10-03 14:00:00,GOES-19,RIBEIRÃO CASCALHEIRA,MATO GROSSO,Brasil,5107180,51,33,,,,Cerrado,92.5
e6fffe90-4e2f-3eb2-bcc2-23654a0d90ae,-10.9879,-59.1393,2026-10-03 14:10:00,GOES-19,JUÍNA,MATO GROSSO,Brasil,5105150,51,33,,,,Amazônia,131.4
526d11df-edfa-37eb-8bf0-ceb5101d34fa,1.9132,-55.8011,2026-10-03 14:10:00,GOES-19,ÓBIDOS,PARÁ,Brasil,1505106,15,33,,,,Amazônia,78.3
4e30f901-2422-39e7-8abc-7691a75e392f,1.9315,-55.8205,2026-10-03 14:10:00,GOES-19,ÓBIDOS,PARÁ,Brasil,1505106,15,33,,,,Amazônia,85.6
54997941-37eb-39c5-8d09-fa3387181eff,1.7853,-55.6251,2026-10-03 14:10:00,GOES-19,ÓBIDOS,PARÁ,Brasil,1505106,15,33,,,,Amazônia,59.1
90cf123e-4bfe-3b09-aed4-260b7415cdbf,1.7854,-55.6054,2026-10-03 14:10:00,GOES-19,ÓBIDOS,PARÁ,Brasil,1505106,15,33,,,,Amazônia,66.1
37106522-361d-3b6c-8a63-4554c5bad5f1,1.9133,-55.7813,2026-10-03 14:10:00,GOES-19,ÓBIDOS,PARÁ,Brasil,1505106,15,33,,,,Amazônia,91.0
a00376d6-a1e4-3d47-88d9-cebf5a020307,-8.8705,-66.7822,2026-10-03 14:10:00,GOES-19,LÁBREA,AMAZONAS,Brasil,1302405,13,33,,,,Amazônia,93.5
294b71fc-0bcf-3a07-8c9a-c6c43e003935,1.9132,-55.8208,2026-10-03 14:10:00,GOES-19,ÓBIDOS,PARÁ,Brasil,1505106,15,33,,,,Amazônia,69.0
b3714bc4-4dc9-352a-932e-0fc34d54ee6d,-8.852,-66.7827,2026-10-03 14:10:00,GOES-19,LÁBREA,AMAZONAS,Brasil,1302405,13,33,,,,Amazônia,56.4
aa477ccb-9758-3389-9817-618c6768769e,1.9793,-50.84,2026-10-03 14:10:00,GOES-19,AMAPÁ,AMAPÁ,Brasil,1600105,16,33,,,,Amazônia,62.4
a98ebd52-5407-3dc4-a4c3-3821f60c8ab4,1.7041,-60.8399,2026-10-03 14:10:00,GOES-19,CARACARAÍ,RORAIMA,Brasil,1400209,14,33,,,,Amazônia,72.5
3eda28fc-1a2e-33f0-9699-c71e1976ee41,1.9316,-55.8008,2026-10-03 14:10:00,GOES-19,ÓBIDOS,PARÁ,Brasil,1505106,15,33,,,,Amazônia,76.3
a5e7cd6b-2475-3a8a-9b26-03c767879441,-13.31,-42.39,2026-10-03 14:15:00,MSG-03,CATURAMA,BAHIA,Brasil,2907558,29,33,,,,Caatinga,
2c4ef430-f88e-3b47-946e-624cc49cfe29,-4.19,-44.28,2026-10-03 14:15:00,MSG-03,COROATÁ,MARANHÃO,Brasil,2103604,21,33,,,,Cerrado,
4961ac35-cb28-361b-942a-0e0c4803c07e,-13.34,-42.4,2026-10-03 14:15:00,MSG-03,CATURAMA,BAHIA,Brasil,2907558,29,33,,,,Caatinga,
18df02fa-ab13-3544-bb1a-a4c749553de5,1.7854,-55.6054,2026-10-03 14:20:00,GOES-19,ÓBIDOS,PARÁ,Brasil,1505106,15,33,,,,Amazônia,77.6
48354550-dec0-3695-9c79-2764d2e7913a,1.7854,-55.5856,2026-10-03 14:20:00,GOES-19,ÓBIDOS,PARÁ,Brasil,1505106,15,33,,,,Amazônia,110.3
75d48fa2-c808-3a82-872c-2edc0284bbb7,1.7853,-55.6251,2026-10-03 14:20:00,GOES-19,ÓBIDOS,PARÁ,Brasil,1505106,15,33,,,,Amazônia,63.8
b4ec10bb-c81c-3931-9645-c109dd872c5f,1.9315,-55.8205,2026-10-03 14:20:00,GOES-19,ÓBIDOS,PARÁ,Brasil,1505106,15,33,,,,Amazônia,107.3
2fe1d514-c97e-3b91-ba9b-64d7872c02a8,-8.8705,-66.7822,2026-10-03 14:20:00,GOES-19,LÁBREA,AMAZONAS,Brasil,1302405,13,33,,,,Amazônia,69.8
017607eb-8401-3199-b9ae-4c036c647379,1.8037,-55.5854,2026-10-03 14:20:00,GOES-19,ÓBIDOS,PARÁ,Brasil,1505106,15,33,,,,Amazônia,70.3
f6ab405f-8ddc-34d9-944e-84c8f4f98ed9,-10.9881,-59.1197,2026-10-03 14:20:00,GOES-19,JUÍNA,MATO GROSSO,Brasil,5105150,51,33,,,,Amazônia,64.1
b01d0e3b-0b49-3aec-ac6c-3d209f9fbf0b,-11.269,-54.0334,2026-10-03 14:20:00,GOES-19,UNIÃO DO SUL,MATO GROSSO,Brasil,5108303,51,33,,,,Amazônia,78.3
acced2b8-2f62-3308-85bd-bff806530070,-10.9879,-59.1393,2026-10-03 14:20:00,GOES-19,JUÍNA,MATO GROSSO,Brasil,5105150,51,33,,,,Amazônia,205.3
cd8c2cd1-6a18-35d7-b530-f38ee43321cf,1.9132,-55.8208,2026-10-03 14:20:00,GOES-19,ÓBIDOS,PARÁ,Brasil,1505106,15,33,,,,Amazônia,75.4
7fa45937-361b-3220-a5f8-b94b3e868e40,1.9132,-55.8011,2026-10-03 14:20:00,GOES-19,ÓBIDOS,PARÁ,Brasil,1505106,15,33,,,,Amazônia,71.9
865eeec3-beac-3772-9072-33cd00c550c7,1.9316,-55.8008,2026-10-03 14:20:00,GOES-19,ÓBIDOS,PARÁ,Brasil,1505106,15,33,,,,Amazônia,79.6
70ce09d8-2fa0-3590-9f0c-4de2d90774c0,1.9132,-55.8208,2026-10-03 14:30:00,GOES-19,ÓBIDOS,PARÁ,Brasil,1505106,15,33,,,,Amazônia,88.6
9b508a36-cdc5-3dfb-9e83-8cb83b350c4b,-1.1533,-48.978,2026-10-03 14:30:00,GOES-19,PONTA DE PEDRAS,PARÁ,Brasil,1505700,15,33,,,,Amazônia,66.4
b92ccc77-0f03-31a2-bec6-b99622a65d86,1.8037,-55.5854,2026-10-03 14:30:00,GOES-19,ÓBIDOS,PARÁ,Brasil,1505106,15,33,,,,Amazônia,75.4
4a7d9ee7-abf3-3986-894e-ce63cb7bd4e8,1.8692,-50.6753,2026-10-03 14:30:00,GOES-19,AMAPÁ,AMAPÁ,Brasil,1600105,16,33,,,,Amazônia,64.0
d9224cee-8e28-334a-bceb-a9c5552efcdb,-10.9879,-59.1393,2026-10-03 14:30:00,GOES-19,JUÍNA,MATO GROSSO,Brasil,5105150,51,33,,,,Amazônia,274.3
cb765d30-220a-3b96-acbb-0a15eb7a57e9,1.9132,-55.8011,2026-10-03 14:30:00,GOES-19,ÓBIDOS,PARÁ,Brasil,1505106,15,33,,,,Amazônia,87.5
873315ee-81a6-3bb4-9b93-2c46d6e8ccfd,1.8038,-55.5656,2026-10-03 14:30:00,GOES-19,ÓBIDOS,PARÁ,Brasil,1505106,15,33,,,,Amazônia,64.5
682899a8-ae9e-3150-91ba-064387b44094,1.9316,-55.8008,2026-10-03 14:30:00,GOES-19,ÓBIDOS,PARÁ,Brasil,1505106,15,33,,,,Amazônia,89.2
ae11d791-4957-3cfb-b7c7-ffda2634fd9a,1.9315,-55.8205,2026-10-03 14:30:00,GOES-19,ÓBIDOS,PARÁ,Brasil,1505106,15,33,,,,Amazônia,140.1
706aa3c1-8b27-3242-ac3d-cd153cce15f7,1.9133,-55.7813,2026-10-03 14:30:00,GOES-19,ÓBIDOS,PARÁ,Brasil,1505106,15,33,,,,Amazônia,66.9
b3e4c79a-1e27-3a31-a874-b856a8b56e9e,1.8037,-55.6051,2026-10-03 14:30:00,GOES-19,ÓBIDOS,PARÁ,Brasil,1505106,15,33,,,,Amazônia,72.9
df100619-3cc9-37fd-949c-65be5aff5299,-1.0423,-49.2134,2026-10-03 14:30:00,GOES-19,MUANÁ,PARÁ,Brasil,1504901,15,33,,,,Amazônia,69.9
f781b902-ce80-3e5d-b6e9-31e3edf815d5,1.7854,-55.6054,2026-10-03 14:30:00,GOES-19,ÓBIDOS,PARÁ,Brasil,1505106,15,33,,,,Amazônia,155.4
309bf43f-3680-3f8f-aa34-044b30518700,1.7854,-55.5856,2026-10-03 14:30:00,GOES-19,ÓBIDOS,PARÁ,Brasil,1505106,15,33,,,,Amazônia,148.3
bc213ed1-d255-3784-a7d9-6d85198094d2,1.7041,-60.8399,2026-10-03 14:30:00,GOES-19,CARACARAÍ,RORAIMA,Brasil,1400209,14,33,,,,Amazônia,61.9
63365d8a-8cdb-35db-a0ea-982daebc6e6b,1.9132,-55.8011,2026-10-03 14:40:00,GOES-19,ÓBIDOS,PARÁ,Brasil,1505106,15,33,,,,Amazônia,81.6
760b5d86-3595-30ea-a22e-999c566122e3,1.9316,-55.8008,2026-10-03 14:40:00,GOES-19,ÓBIDOS,PARÁ,Brasil,1505106,15,33,,,,Amazônia,73.5
a2c1fef2-2621-3282-b46c-01fa20275bc2,-10.8187,-57.2192,2026-10-03 14:40:00,GOES-19,JUARA,MATO GROSSO,Brasil,5105101,51,33,,,,Amazônia,74.4
9e453cd7-0fba-3a3b-8a2c-d241376c37f0,-5.1388,-42.961,2026-10-03 14:40:00,GOES-19,TIMON,MARANHÃO,Brasil,2112209,21,33,,,,Cerrado,68.6
855134d3-9a2a-321a-b2a6-8aa11c9ba838,-11.3823,-54.0434,2026-10-03 14:40:00,GOES-19,UNIÃO DO SUL,MATO GROSSO,Brasil,5108303,51,33,,,,Amazônia,73.6
c56cc251-4f4b-3092-bebe-c74ed3008754,-10.8189,-57.1993,2026-10-03 14:40:00,GOES-19,JUARA,MATO GROSSO,Brasil,5105101,51,33,,,,Amazônia,76.6
3ab92b86-863b-3601-80c5-cc2234934d28,1.9133,-55.7813,2026-10-03 14:40:00,GOES-19,ÓBIDOS,PARÁ,Brasil,1505106,15,33,,,,Amazônia,68.7
cc9ca602-2ddd-3646-b147-06eded9a61dd,-10.9879,-59.1393,2026-10-03 14:40:00,GOES-19,JUÍNA,MATO GROSSO,Brasil,5105150,51,33,,,,Amazônia,347.6
163e957b-e028-3293-8253-9d0b29956b56,-9.0046,-65.6988,2026-10-03 14:40:00,GOES-19,LÁBREA,AMAZONAS,Brasil,1302405,13,33,,,,Amazônia,57.0
edd2ff96-e931-3e9f-a102-380ada6ac717,1.9132,-55.8208,2026-10-03 14:40:00,GOES-19,ÓBIDOS,PARÁ,Brasil,1505106,15,33,,,,Amazônia,71.2
7127b221-bad8-3091-8847-b820bcbea2d9,1.7853,-55.6251,2026-10-03 14:50:00,GOES-19,ÓBIDOS,PARÁ,Brasil,1505106,15,33,,,,Amazônia,75.0
dee9a288-1391-3233-8ebe-e5529d81a5eb,-1.0911,-54.1001,2026-10-03 14:50:00,GOES-19,MONTE ALEGRE,PARÁ,Brasil,1504802,15,33,,,,Amazônia,55.1
6d84cfa6-1807-3f20-97ac-55b2ad0338a3,-2.185,-49.7665,2026-10-03 14:50:00,GOES-19,CAMETÁ,PARÁ,Brasil,1502103,15,33,,,,Amazônia,77.4
0ae2bc56-c123-3459-8d5b-6e3c385fb338,1.9133,-55.7813,2026-10-03 14:50:00,GOES-19,ÓBIDOS,PARÁ,Brasil,1505106,15,33,,,,Amazônia,76.5
37d086d7-9e65-30a4-aca9-d1843cbaa80b,1.9132,-55.8011,2026-10-03 14:50:00,GOES-19,ÓBIDOS,PARÁ,Brasil,1505106,15,33,,,,Amazônia,91.5
8395ea10-8f16-34d7-981b-9686fb085f8c,-8.6665,-66.936,2026-10-03 14:50:00,GOES-19,LÁBREA,AMAZONAS,Brasil,1302405,13,33,,,,Amazônia,53.8
681e7159-27e2-399a-811c-abc5c20e1ca8,3.36,-51.3454,2026-10-03 14:50:00,GOES-19,OIAPOQUE,AMAPÁ,Brasil,1600501,16,33,,,,Amazônia,84.7
0a8b62b8-0609-367c-9d53-c96105a1ace1,-9.9175,-65.0313,2026-10-03 14:50:00,GOES-19,PORTO VELHO,RONDÔNIA,Brasil,1100205,11,33,,,,Amazônia,75.9
aad37aaf-22ed-39e6-924f-f3770b1f867d,-1.0423,-49.2134,2026-10-03 14:50:00,GOES-19,MUANÁ,PARÁ,Brasil,1504901,15,33,,,,Amazônia,66.4
58cafaf3-b4a1-3213-9d59-fef80188da16,1.8037,-55.5854,2026-10-03 14:50:00,GOES-19,ÓBIDOS,PARÁ,Brasil,1505106,15,33,,,,Amazônia,70.5
5f8c1248-ae05-34c5-b61b-f937e73ff99a,1.8038,-55.5656,2026-10-03 14:50:00,GOES-19,ÓBIDOS,PARÁ,Brasil,1505106,15,33,,,,Amazônia,76.8
430d4b60-c872-3e60-ab07-945b34c79b36,-2.8167,-48.6653,2026-10-03 14:50:00,GOES-19,TAILÂNDIA,PARÁ,Brasil,1507953,15,33,,,,Amazônia,92.4
d7a9e7d5-a9b7-34ec-9769-f455df5257a8,1.8037,-55.6051,2026-10-03 14:50:00,GOES-19,ÓBIDOS,PARÁ,Brasil,1505106,15,33,,,,Amazônia,66.4
eea5bedb-1295-36fd-a313-e0271c2ff823,-9.0046,-65.6988,2026-10-03 14:50:00,GOES-19,LÁBREA,AMAZONAS,Brasil,1302405,13,33,,,,Amazônia,73.5
b4cca5d6-bd8d-3e85-bdc8-285e5b07f988,1.7854,-55.5856,2026-10-03 14:50:00,GOES-19,ÓBIDOS,PARÁ,Brasil,1505106,15,33,,,,Amazônia,137.2
c37cb935-d781-3bd3-80f3-68b6f06bf201,-1.0244,-48.8087,2026-10-03 14:50:00,GOES-19,CACHOEIRA DO ARARI,PARÁ,Brasil,1502004,15,33,,,,Amazônia,64.2
eb0befc6-0392-39fc-9f7e-950248df7894,1.9132,-55.8208,2026-10-03 14:50:00,GOES-19,ÓBIDOS,PARÁ,Brasil,1505106,15,33,,,,Amazônia,72.0
8abb14f4-0ba7-3570-95f8-00e0fe7e821d,-9.0232,-65.6982,2026-10-03 14:50:00,GOES-19,LÁBREA,AMAZONAS,Brasil,1302405,13,33,,,,Amazônia,67.2
ce1cb13b-7494-374c-bc5c-258339495804,1.8038,-55.5656,2026-10-03 15:00:00,GOES-19,ÓBIDOS,PARÁ,Brasil,1505106,15,33,,,,Amazônia,92.0
c473b7c1-f0af-3ed1-a3ee-46650bfc8b8c,1.9316,-55.8008,2026-10-03 15:00:00,GOES-19,ÓBIDOS,PARÁ,Brasil,1505106,15,33,,,,Amazônia,66.5
989f8604-ce58-32ee-bf3d-e1edc6ccd928,1.7853,-55.6251,2026-10-03 15:00:00,GOES-19,ÓBIDOS,PARÁ,Brasil,1505106,15,33,,,,Amazônia,68.7
41592a16-f857-3c64-b922-ac24b7acb518,1.7041,-60.8399,2026-10-03 15:00:00,GOES-19,CARACARAÍ,RORAIMA,Brasil,1400209,14,33,,,,Amazônia,81.4
658888e9-b6b5-3b9f-843f-afff7ab452bd,1.9608,-50.8612,2026-10-03 15:00:00,GOES-19,AMAPÁ,AMAPÁ,Brasil,1600105,16,33,,,,Amazônia,87.2
ffa7b4c7-cf6c-3db1-b626-27abbf1a9bf2,-12.1967,-57.1103,2026-10-03 15:00:00,GOES-19,NOVA MARINGÁ,MATO GROSSO,Brasil,5108907,51,33,,,,Amazônia,62.4
14d872c1-4f1d-3f17-96bb-f394c3404b95,1.7854,-55.5856,2026-10-03 15:00:00,GOES-19,ÓBIDOS,PARÁ,Brasil,1505106,15,33,,,,Amazônia,109.2
37f776a3-36e5-376b-8faa-293cf7d17f0e,1.9609,-50.8404,2026-10-03 15:00:00,GOES-19,AMAPÁ,AMAPÁ,Brasil,1600105,16,33,,,,Amazônia,71.4
fd840f9b-95c1-3782-aaad-00b27d513c05,-9.7319,-64.9631,2026-10-03 15:00:00,GOES-19,PORTO VELHO,RONDÔNIA,Brasil,1100205,11,33,,,,Amazônia,64.9
c1fab4f0-c64d-3189-b59e-9e8d70366afa,1.9608,-50.882,2026-10-03 15:00:00,GOES-19,AMAPÁ,AMAPÁ,Brasil,1600105,16,33,,,,Amazônia,82.2
236b1839-fa7c-3d25-bea6-99539c852c77,-8.3903,-62.6963,2026-10-03 15:00:00,GOES-19,PORTO VELHO,RONDÔNIA,Brasil,1100205,11,33,,,,Amazônia,50.0
a376a1dc-53f9-3f04-81c7-8253908460ab,-8.6665,-66.936,2026-10-03 15:00:00,GOES-19,LÁBREA,AMAZONAS,Brasil,1302405,13,33,,,,Amazônia,113.3
ea29d812-ab5d-3d87-ae58-1798257a60db,1.9315,-55.8205,2026-10-03 15:00:00,GOES-19,ÓBIDOS,PARÁ,Brasil,1505106,15,33,,,,Amazônia,66.9
baee5b4b-dca3-35be-87b5-a0b278ccd1f1,-1.245,-49.3172,2026-10-03 15:00:00,GOES-19,MUANÁ,PARÁ,Brasil,1504901,15,33,,,,Amazônia,63.6
623396d4-f94a-30db-9882-6da6257406a7,-9.0046,-65.6988,2026-10-03 15:00:00,GOES-19,LÁBREA,AMAZONAS,Brasil,1302405,13,33,,,,Amazônia,100.2
17935dce-52b0-37d1-8521-5667aebdaa86,-1.1897,-49.2966,2026-10-03 15:00:00,GOES-19,MUANÁ,PARÁ,Brasil,1504901,15,33,,,,Amazônia,68.0
6197dd18-8e13-3c8f-8559-0b623a24554a,1.7854,-55.6054,2026-10-03 15:00:00,GOES-19,ÓBIDOS,PARÁ,Brasil,1505106,15,33,,,,Amazônia,93.2
ce316360-764e-3513-8bee-03bc9b42a388,-9.0232,-65.6982,2026-10-03 15:00:00,GOES-19,LÁBREA,AMAZONAS,Brasil,1302405,13,33,,,,Amazônia,105.1
ae679a97-0359-3637-971d-3f1354245a67,1.9133,-55.7813,2026-10-03 15:00:00,GOES-19,ÓBIDOS,PARÁ,Brasil,1505106,15,33,,,,Amazônia,80.0
66fbdc51-ee7c-3e40-a2d2-ec25337a8d7f,1.9424,-50.8616,2026-10-03 15:00:00,GOES-19,AMAPÁ,AMAPÁ,Brasil,1600105,16,33,,,,Amazônia,70.4
a92785f0-d949-3b4e-a5cd-459ae6b90f60,1.8037,-55.5854,2026-10-03 15:00:00,GOES-19,ÓBIDOS,PARÁ,Brasil,1505106,15,33,,,,Amazônia,84.8
69c4fa08-4687-3702-9786-e0fde494d862,-2.185,-49.7665,2026-10-03 15:00:00,GOES-19,CAMETÁ,PARÁ,Brasil,1502103,15,33,,,,Amazônia,85.9
8ad7cd9e-a99a-3480-9826-dabb3bfe74bf,-1.1348,-49.0421,2026-10-03 15:00:00,GOES-19,PONTA DE PEDRAS,PARÁ,Brasil,1505700,15,33,,,,Amazônia,63.8
d97a06dd-fa4b-3fba-818f-34bef6b209ae,-1.0244,-48.8087,2026-10-03 15:00:00,GOES-19,CACHOEIRA DO ARARI,PARÁ,Brasil,1502004,15,33,,,,Amazônia,66.5
f2048725-6af3-387f-b80a-203b222e0a45,-9.9175,-65.0313,2026-10-03 15:00:00,GOES-19,PORTO VELHO,RONDÔNIA,Brasil,1100205,11,33,,,,Amazônia,75.0
773a580c-83f8-3216-8f68-8521a8a7b960,-9.0231,-65.7169,2026-10-03 15:00:00,GOES-19,LÁBREA,AMAZONAS,Brasil,1302405,13,33,,,,Amazônia,51.7
60bf0b63-e8ba-31b7-b608-2fdb6798cbc5,-1.0423,-49.2134,2026-10-03 15:00:00,GOES-19,MUANÁ,PARÁ,Brasil,1504901,15,33,,,,Amazônia,91.6
20993633-8a09-33b3-97ba-0750342bc8af,-3.1061,-50.2686,2026-10-03 15:00:00,GOES-19,PORTEL,PARÁ,Brasil,1505809,15,33,,,,Amazônia,69.1
df18c958-bdaf-33be-ac08-83796bf1f8ab,1.7399,-50.8235,2026-10-03 15:00:00,GOES-19,PRACUÚBA,AMAPÁ,Brasil,1600550,16,33,,,,Amazônia,77.0
5c7d4dec-cd29-317d-b5ec-c56029521f96,1.9317,-55.7219,2026-10-03 15:10:00,GOES-19,ÓBIDOS,PARÁ,Brasil,1505106,15,33,,,,Amazônia,59.8
3106630e-7d80-3529-b17e-b5de36ce5641,1.9133,-55.7616,2026-10-03 15:10:00,GOES-19,ÓBIDOS,PARÁ,Brasil,1505106,15,33,,,,Amazônia,59.9
6dc1be74-abed-34d4-8212-8aced4d632c7,1.9316,-55.8008,2026-10-03 15:10:00,GOES-19,ÓBIDOS,PARÁ,Brasil,1505106,15,33,,,,Amazônia,71.5
9279ea8c-458d-3f80-a2c7-e2ca9ea05418,-1.1712,-49.3181,2026-10-03 15:10:00,GOES-19,MUANÁ,PARÁ,Brasil,1504901,15,33,,,,Amazônia,62.4
cdd37fa7-5060-338a-a527-500b3ef21250,-1.1163,-49.0423,2026-10-03 15:10:00,GOES-19,PONTA DE PEDRAS,PARÁ,Brasil,1505700,15,33,,,,Amazônia,56.5
0629f08b-9311-3f27-9ebe-a1d6a34aad9e,-1.0423,-49.1921,2026-10-03 15:10:00,GOES-19,PONTA DE PEDRAS,PARÁ,Brasil,1505700,15,33,,,,Amazônia,63.0
4385773a-10d2-3a71-9453-61034b41ac99,-1.1897,-49.3179,2026-10-03 15:10:00,GOES-19,MUANÁ,PARÁ,Brasil,1504901,15,33,,,,Amazônia,56.9
fa08947d-c4b2-35c6-b94f-11e48bd10266,1.9793,-50.84,2026-10-03 15:10:00,GOES-19,AMAPÁ,AMAPÁ,Brasil,1600105,16,33,,,,Amazônia,73.1
bb6e991a-1c21-3919-ab2d-96ca6ff3c70f,-1.2082,-49.2752,2026-10-03 15:10:00,GOES-19,MUANÁ,PARÁ,Brasil,1504901,15,33,,,,Amazônia,62.9
ad77ac97-96f2-330b-b533-c358460d2b31,1.9977,-50.8397,2026-10-03 15:10:00,GOES-19,AMAPÁ,AMAPÁ,Brasil,1600105,16,33,,,,Amazônia,64.9
a9b00ed0-b12b-321b-a57c-cb2dd9aa754a,1.7583,-50.8232,2026-10-03 15:10:00,GOES-19,PRACUÚBA,AMAPÁ,Brasil,1600550,16,33,,,,Amazônia,73.5
80b98240-a656-3902-8289-4b32dd581f44,-12.1967,-57.1103,2026-10-03 15:10:00,GOES-19,NOVA MARINGÁ,MATO GROSSO,Brasil,5108907,51,33,,,,Amazônia,64.2
246a5dca-5d27-38f6-8c27-78ecc9c1ecac,1.9317,-55.7416,2026-10-03 15:10:00,GOES-19,ÓBIDOS,PARÁ,Brasil,1505106,15,33,,,,Amazônia,72.5
daebc62d-8119-3924-8ecc-80893a3d7ba7,-2.0007,-49.6647,2026-10-03 15:10:00,GOES-19,LIMOEIRO DO AJURU,PARÁ,Brasil,1504000,15,33,,,,Amazônia,70.1
ea4f35bc-e787-3d68-8ea2-e2aecf0dabdd,1.8037,-55.6249,2026-10-03 15:10:00,GOES-19,ÓBIDOS,PARÁ,Brasil,1505106,15,33,,,,Amazônia,71.8
78e2b700-ad87-3749-8128-441e80c297ff,1.8037,-55.6051,2026-10-03 15:10:00,GOES-19,ÓBIDOS,PARÁ,Brasil,1505106,15,33,,,,Amazônia,66.8
0945b40e-b971-3bf7-a1ac-de9005cff5c3,1.7399,-50.8026,2026-10-03 15:10:00,GOES-19,PRACUÚBA,AMAPÁ,Brasil,1600550,16,33,,,,Amazônia,63.7
095a713d-d9f5-3cb9-aaab-695bde3bd5f5,-1.0423,-49.2134,2026-10-03 15:10:00,GOES-19,MUANÁ,PARÁ,Brasil,1504901,15,33,,,,Amazônia,70.4
6de80b5e-545f-3640-9a5e-f110cd947e17,-9.9175,-65.0313,2026-10-03 15:10:00,GOES-19,PORTO VELHO,RONDÔNIA,Brasil,1100205,11,33,,,,Amazônia,83.6
d9b756f0-6001-34e1-bf1a-c20c416bc577,1.7041,-60.8399,2026-10-03 15:10:00,GOES-19,CARACARAÍ,RORAIMA,Brasil,1400209,14,33,,,,Amazônia,67.8
9e1fbb89-8284-3033-8961-3035b237ec8d,-1.1713,-49.2969,2026-10-03 15:10:00,GOES-19,MUANÁ,PARÁ,Brasil,1504901,15,33,,,,Amazônia,57.4
0152223a-25df-3c5b-a6e4-ef4c5af65036,1.7399,-50.8235,2026-10-03 15:10:00,GOES-19,PRACUÚBA,AMAPÁ,Brasil,1600550,16,33,,,,Amazônia,80.0
54e47642-b668-3131-8c2c-1187ca04a509,1.95,-55.7611,2026-10-03 15:10:00,GOES-19,ÓBIDOS,PARÁ,Brasil,1505106,15,33,,,,Amazônia,64.5
88e81691-c260-3bd3-a569-7a5fa1818263,-9.0584,-66.1073,2026-10-03 15:10:00,GOES-19,LÁBREA,AMAZONAS,Brasil,1302405,13,33,,,,Amazônia,46.7
924ce03a-3ad8-32ae-97ad-ddabe5ae7d7d,-9.0231,-65.7169,2026-10-03 15:10:00,GOES-19,LÁBREA,AMAZONAS,Brasil,1302405,13,33,,,,Amazônia,49.2
a94bf32f-1516-3e40-bbbc-ec6dda1e9048,-9.0046,-65.6988,2026-10-03 15:10:00,GOES-19,LÁBREA,AMAZONAS,Brasil,1302405,13,33,,,,Amazônia,103.9
64a1404d-cef6-3ca5-b9b6-664322aa26f8,1.9608,-50.882,2026-10-03 15:10:00,GOES-19,AMAPÁ,AMAPÁ,Brasil,1600105,16,33,,,,Amazônia,82.1
168cb2b6-ca9b-31da-86a3-110df852bbda,-4.7197,-56.1473,2026-10-03 15:10:00,GOES-19,ITAITUBA,PARÁ,Brasil,1503606,15,33,,,,Amazônia,101.7
275053de-4f24-3e17-9458-ee5f79408d2c,-8.6665,-66.936,2026-10-03 15:10:00,GOES-19,LÁBREA,AMAZONAS,Brasil,1302405,13,33,,,,Amazônia,102.0
4d126437-4106-37ce-b044-133d0d8c5edb,-9.0232,-65.6982,2026-10-03 15:10:00,GOES-19,LÁBREA,AMAZONAS,Brasil,1302405,13,33,,,,Amazônia,130.3
72dc3a2c-eb03-3099-9426-1695242abafb,1.8038,-55.5656,2026-10-03 15:10:00,GOES-19,ÓBIDOS,PARÁ,Brasil,1505106,15,33,,,,Amazônia,78.8
d8e1413a-fa68-327e-b738-106ea91d1ee2,1.9424,-50.8616,2026-10-03 15:10:00,GOES-19,AMAPÁ,AMAPÁ,Brasil,1600105,16,33,,,,Amazônia,72.0
613c4e5b-a24d-319e-86b2-3dfe136a9932,1.9132,-55.8011,2026-10-03 15:10:00,GOES-19,ÓBIDOS,PARÁ,Brasil,1505106,15,33,,,,Amazônia,70.9
5dc999b7-2097-3510-befb-bbf67f8f9fe5,1.9424,-50.8824,2026-10-03 15:10:00,GOES-19,AMAPÁ,AMAPÁ,Brasil,1600105,16,33,,,,Amazônia,68.3
8c9d1be4-4b2e-3919-9366-35518e32cfb9,1.7854,-55.6054,2026-10-03 15:10:00,GOES-19,ÓBIDOS,PARÁ,Brasil,1505106,15,33,,,,Amazônia,75.6
f50f8539-c6f9-3515-ae06-d8f2123195a2,3.4341,-51.2808,2026-10-03 15:10:00,GOES-19,OIAPOQUE,AMAPÁ,Brasil,1600501,16,33,,,,Amazônia,73.2
5a1eb338-d2c2-3e58-82e2-61f3ed9535fd,1.8037,-55.5854,2026-10-03 15:10:00,GOES-19,ÓBIDOS,PARÁ,Brasil,1505106,15,33,,,,Amazônia,75.4
372940fc-028a-313c-aede-6077a93b8bae,-2.82,-54.09,2026-10-03 15:15:00,MSG-03,PRAINHA,PARÁ,Brasil,1506005,15,33,,,,Amazônia,
d22908db-e0ef-3c17-b691-8743093c31a9,-1.1529,-49.2334,2026-10-03 15:20:00,GOES-19,MUANÁ,PARÁ,Brasil,1504901,15,33,,,,Amazônia,54.6
70382925-baf1-3652-ae1b-34d4c9cdf22c,-0.4889,-49.1327,2026-10-03 15:20:00,GOES-19,CACHOEIRA DO ARARI,PARÁ,Brasil,1502004,15,33,,,,Amazônia,76.2
18eecdcc-1a35-3bc5-b221-e2aa06f5258a,1.9132,-55.8208,2026-10-03 15:20:00,GOES-19,ÓBIDOS,PARÁ,Brasil,1505106,15,33,,,,Amazônia,57.6
4db06a20-ae28-3464-8fbe-b84340ed34ab,1.9608,-50.8612,2026-10-03 15:20:00,GOES-19,AMAPÁ,AMAPÁ,Brasil,1600105,16,33,,,,Amazônia,86.2
21d7c782-8e58-3d63-8dd5-4d84b27d043c,-9.0584,-66.1073,2026-10-03 15:20:00,GOES-19,LÁBREA,AMAZONAS,Brasil,1302405,13,33,,,,Amazônia,48.4
afd90856-8034-34e0-b5a9-6e6167aa0200,-12.1777,-57.1119,2026-10-03 15:20:00,GOES-19,NOVA MARINGÁ,MATO GROSSO,Brasil,5108907,51,33,,,,Amazônia,76.6
d542140c-8621-3035-a5f0-7e986dc213a3,1.7399,-50.8235,2026-10-03 15:20:00,GOES-19,PRACUÚBA,AMAPÁ,Brasil,1600550,16,33,,,,Amazônia,81.8
85902d51-f9c7-3b22-ab35-c5704552fa23,1.895,-55.7816,2026-10-03 15:20:00,GOES-19,ÓBIDOS,PARÁ,Brasil,1505106,15,33,,,,Amazônia,54.1
4d9764c6-62f2-3c8e-9493-4a4ec2c4294e,1.9424,-50.8616,2026-10-03 15:20:00,GOES-19,AMAPÁ,AMAPÁ,Brasil,1600105,16,33,,,,Amazônia,76.3
9af64244-55b9-3c69-9b85-7ceb67ce64c8,-1.1901,-49.084,2026-10-03 15:20:00,GOES-19,PONTA DE PEDRAS,PARÁ,Brasil,1505700,15,33,,,,Amazônia,85.4
802bdb60-1d33-3815-9361-172089fad347,-9.0045,-65.7174,2026-10-03 15:20:00,GOES-19,LÁBREA,AMAZONAS,Brasil,1302405,13,33,,,,Amazônia,55.2
d87daee3-cbdb-3e02-bb94-e27630886154,-9.8989,-65.032,2026-10-03 15:20:00,GOES-19,PORTO VELHO,RONDÔNIA,Brasil,1100205,11,33,,,,Amazônia,54.9
d00168ae-237b-344f-9b53-76de24d99946,1.8692,-50.6753,2026-10-03 15:20:00,GOES-19,AMAPÁ,AMAPÁ,Brasil,1600105,16,33,,,,Amazônia,57.8
44a14d95-abc4-36d7-a27b-74f0b387401d,1.1323,-50.7277,2026-10-03 15:20:00,GOES-19,TARTARUGALZINHO,AMAPÁ,Brasil,1600709,16,33,,,,Amazônia,68.2
f2b60df4-e855-3c6a-8350-b9f22ce731fb,-9.9175,-65.0313,2026-10-03 15:20:00,GOES-19,PORTO VELHO,RONDÔNIA,Brasil,1100205,11,33,,,,Amazônia,162.1
fd7e9e14-c3e0-369b-b7ee-cfad657755de,-9.9174,-65.0501,2026-10-03 15:20:00,GOES-19,PORTO VELHO,RONDÔNIA,Brasil,1100205,11,33,,,,Amazônia,73.6
0cce627b-8bcc-3011-98d8-a06ca5192c75,1.9424,-50.8824,2026-10-03 15:20:00,GOES-19,AMAPÁ,AMAPÁ,Brasil,1600105,16,33,,,,Amazônia,70.4
268cff09-6f2b-38f0-a431-7f197abb2be4,-12.1775,-57.1319,2026-10-03 15:20:00,GOES-19,NOVA MARINGÁ,MATO GROSSO,Brasil,5108907,51,33,,,,Amazônia,59.7
f8a1499a-9320-3500-b5fe-76b5b0d2cb3a,1.4268,-50.7866,2026-10-03 15:20:00,GOES-19,TARTARUGALZINHO,AMAPÁ,Brasil,1600709,16,33,,,,Amazônia,72.9
3a3c07ed-9596-3e08-a720-325116f76cc2,-1.0423,-49.1921,2026-10-03 15:20:00,GOES-19,PONTA DE PEDRAS,PARÁ,Brasil,1505700,15,33,,,,Amazônia,62.3
9798d3f3-4f6b-3434-b672-db252123648a,-9.0046,-65.6988,2026-10-03 15:20:00,GOES-19,LÁBREA,AMAZONAS,Brasil,1302405,13,33,,,,Amazônia,154.0
3cbc615e-f76c-332e-81b2-43db073536ca,1.9316,-55.7811,2026-10-03 15:20:00,GOES-19,ÓBIDOS,PARÁ,Brasil,1505106,15,33,,,,Amazônia,64.1
326dd905-6792-3fbd-ad9c-552c9add6dac,-12.1967,-57.1103,2026-10-03 15:20:00,GOES-19,NOVA MARINGÁ,MATO GROSSO,Brasil,5108907,51,33,,,,Amazônia,83.7
aa2e29d4-d5d6-3c59-a2fd-02fbbde3123f,-8.6665,-66.936,2026-10-03 15:20:00,GOES-19,LÁBREA,AMAZONAS,Brasil,1302405,13,33,,,,Amazônia,80.2
980e9153-13f0-324e-a7a7-927df7f867cd,1.7041,-60.8399,2026-10-03 15:20:00,GOES-19,CARACARAÍ,RORAIMA,Brasil,1400209,14,33,,,,Amazônia,65.7
d880bd03-9cae-3979-8067-3e92e542024a,-12.1385,-63.1688,2026-10-03 15:30:00,GOES-19,SERINGUEIRAS,RONDÔNIA,Brasil,1101500,11,33,,,,Amazônia,68.9
1d7afcf3-9a8e-3ff5-a101-21a594a68258,1.9317,-55.7416,2026-10-03 15:30:00,GOES-19,ÓBIDOS,PARÁ,Brasil,1505106,15,33,,,,Amazônia,99.9
c5b2d4db-0638-3ea4-babd-352772c0759d,-9.9174,-65.0501,2026-10-03 15:30:00,GOES-19,PORTO VELHO,RONDÔNIA,Brasil,1100205,11,33,,,,Amazônia,141.1
5ea4e997-cb05-3bd0-9147-c65dcd37eda9,1.9317,-55.7219,2026-10-03 15:30:00,GOES-19,ÓBIDOS,PARÁ,Brasil,1505106,15,33,,,,Amazônia,88.2
223a24b3-b979-39fb-9398-532c4d97ba28,1.8037,-55.5854,2026-10-03 15:30:00,GOES-19,ÓBIDOS,PARÁ,Brasil,1505106,15,33,,,,Amazônia,72.6
1bef0fdd-95fd-3864-a351-0282ceee594a,-9.9175,-65.0313,2026-10-03 15:30:00,GOES-19,PORTO VELHO,RONDÔNIA,Brasil,1100205,11,33,,,,Amazônia,191.0
24ce81cd-cfd3-3944-bb3c-1b52847358ce,-12.1777,-57.1119,2026-10-03 15:30:00,GOES-19,NOVA MARINGÁ,MATO GROSSO,Brasil,5108907,51,33,,,,Amazônia,94.6
8478e1ce-c95b-3781-9af5-dd685b20dfcb,1.8036,-55.6447,2026-10-03 15:30:00,GOES-19,ÓBIDOS,PARÁ,Brasil,1505106,15,33,,,,Amazônia,66.7
9f206bf2-f2e7-3b0f-addf-d6cf8ed70f75,1.7853,-55.6251,2026-10-03 15:30:00,GOES-19,ÓBIDOS,PARÁ,Brasil,1505106,15,33,,,,Amazônia,64.1
a3906bda-dba8-32aa-bb57-f69f75c73d89,1.7583,-50.8232,2026-10-03 15:30:00,GOES-19,PRACUÚBA,AMAPÁ,Brasil,1600550,16,33,,,,Amazônia,76.8
85abe775-1235-3d34-b509-d16331d1ab2c,1.95,-55.7414,2026-10-03 15:30:00,GOES-19,ÓBIDOS,PARÁ,Brasil,1505106,15,33,,,,Amazônia,73.2
e93d8b42-41d4-3ad8-9fa7-971a9f1ccf30,-9.8989,-65.032,2026-10-03 15:30:00,GOES-19,PORTO VELHO,RONDÔNIA,Brasil,1100205,11,33,,,,Amazônia,82.9
90a3aa21-b1e6-3b1d-ba11-274432acaade,-12.1773,-57.1519,2026-10-03 15:30:00,GOES-19,NOVA MARINGÁ,MATO GROSSO,Brasil,5108907,51,33,,,,Amazônia,56.6
cb955450-6736-3e37-9167-85d006416970,-9.0231,-65.7169,2026-10-03 15:30:00,GOES-19,LÁBREA,AMAZONAS,Brasil,1302405,13,33,,,,Amazônia,69.0
c8263cee-cbde-3570-9e56-e7502b4c4e05,-9.0046,-65.6988,2026-10-03 15:30:00,GOES-19,LÁBREA,AMAZONAS,Brasil,1302405,13,33,,,,Amazônia,207.3
3ca9fa09-014a-3882-9dd3-b593d8a8f715,1.9316,-55.7811,2026-10-03 15:30:00,GOES-19,ÓBIDOS,PARÁ,Brasil,1505106,15,33,,,,Amazônia,79.3
47b3056f-1bdf-38f2-900c-2728b9c17670,-12.1967,-57.1103,2026-10-03 15:30:00,GOES-19,NOVA MARINGÁ,MATO GROSSO,Brasil,5108907,51,33,,,,Amazônia,94.7
667a33a5-978a-3819-892d-581c5cf6f941,1.7399,-50.8026,2026-10-03 15:30:00,GOES-19,PRACUÚBA,AMAPÁ,Brasil,1600550,16,33,,,,Amazônia,63.6
27442e1e-cef8-36c8-b522-cd277812ffcf,-8.6665,-66.936,2026-10-03 15:30:00,GOES-19,LÁBREA,AMAZONAS,Brasil,1302405,13,33,,,,Amazônia,76.4
f3567caf-9945-3f24-9fd1-fbc4d1da0fe5,1.7041,-60.8399,2026-10-03 15:30:00,GOES-19,CARACARAÍ,RORAIMA,Brasil,1400209,14,33,,,,Amazônia,87.4
d87f7716-6fb8-3dde-b9ab-cbf0827fcc44,1.8037,-55.6249,2026-10-03 15:30:00,GOES-19,ÓBIDOS,PARÁ,Brasil,1505106,15,33,,,,Amazônia,69.0
59913d7d-d8d3-35f3-b2bb-e183e621bcc5,1.9133,-55.7813,2026-10-03 15:30:00,GOES-19,ÓBIDOS,PARÁ,Brasil,1505106,15,33,,,,Amazônia,78.6
f0983ade-310f-398c-af74-681190ec22f9,1.6476,-50.9082,2026-10-03 15:30:00,GOES-19,PRACUÚBA,AMAPÁ,Brasil,1600550,16,33,,,,Amazônia,57.1
a70162bc-4fd1-3dea-adb4-65500760550c,2.0138,-61.0826,2026-10-03 15:30:00,GOES-19,IRACEMA,RORAIMA,Brasil,1400282,14,33,,,,Amazônia,76.7
c39ac262-1cf4-37a9-9acf-544064231b81,-2.5493,-57.9986,2026-10-03 15:30:00,GOES-19,SÃO SEBASTIÃO DO UATUMÃ,AMAZONAS,Brasil,1303957,13,33,,,,Amazônia,49.3
ecd64fb6-dcb9-35c6-85bc-0d25d9abb898,-9.0045,-65.7174,2026-10-03 15:30:00,GOES-19,LÁBREA,AMAZONAS,Brasil,1302405,13,33,,,,Amazônia,58.4
24ff61e0-2661-3c27-8af7-be5b8286fef1,1.8038,-55.5656,2026-10-03 15:30:00,GOES-19,ÓBIDOS,PARÁ,Brasil,1505106,15,33,,,,Amazônia,70.9
0c444cb0-2472-3950-a09e-06f4aa839a69,-9.0615,-65.4169,2026-10-03 15:30:00,GOES-19,LÁBREA,AMAZONAS,Brasil,1302405,13,33,,,,Amazônia,47.5
83cce9a7-45eb-366a-a37a-0fe1508c806e,-12.1383,-63.1879,2026-10-03 15:30:00,GOES-19,SERINGUEIRAS,RONDÔNIA,Brasil,1101500,11,33,,,,Amazônia,44.7
32451cd6-6d83-3df3-b42b-a60ec157977c,1.8319,-50.8427,2026-10-03 15:30:00,GOES-19,AMAPÁ,AMAPÁ,Brasil,1600105,16,33,,,,Amazônia,56.6
7ad1831b-1fdc-33b8-8bd7-330e49f9d2dc,-1.0911,-54.1202,2026-10-03 15:30:00,GOES-19,MONTE ALEGRE,PARÁ,Brasil,1504802,15,33,,,,Amazônia,79.3
bae17398-bf74-3b9d-9044-a6eb24b89bae,-9.1173,-65.3777,2026-10-03 15:30:00,GOES-19,LÁBREA,AMAZONAS,Brasil,1302405,13,33,,,,Amazônia,47.2
80c3f81f-1fef-3586-862f-83948c00b642,-9.7499,-65.075,2026-10-03 15:30:00,GOES-19,PORTO VELHO,RONDÔNIA,Brasil,1100205,11,33,,,,Amazônia,62.0
95dfabda-8b07-3c5c-926e-1b7fed5e10c4,-9.9175,-65.0313,2026-10-03 15:40:00,GOES-19,PORTO VELHO,RONDÔNIA,Brasil,1100205,11,33,,,,Amazônia,216.5
2bf5fca8-b40a-3620-b8af-d4f1bc63c5f7,-9.3764,-65.4813,2026-10-03 15:40:00,GOES-19,LÁBREA,AMAZONAS,Brasil,1302405,13,33,,,,Amazônia,43.7
6a1388d6-71ee-3384-9aaa-4090e8bedc28,-8.8705,-66.7822,2026-10-03 15:40:00,GOES-19,LÁBREA,AMAZONAS,Brasil,1302405,13,33,,,,Amazônia,49.2
6b5180c3-7f7b-31dd-b560-edaeb9cd5a25,-9.4565,-64.3344,2026-10-03 15:40:00,GOES-19,PORTO VELHO,RONDÔNIA,Brasil,1100205,11,33,,,,Amazônia,80.9
2cd0ca86-8620-3e05-90ac-368da25e7045,1.7399,-50.8026,2026-10-03 15:40:00,GOES-19,PRACUÚBA,AMAPÁ,Brasil,1600550,16,33,,,,Amazônia,64.7
3e23e892-4a5c-371b-8e03-eb982cbd5607,-9.0987,-65.3783,2026-10-03 15:40:00,GOES-19,LÁBREA,AMAZONAS,Brasil,1302405,13,33,,,,Amazônia,44.5
e413ae8b-d4f3-3f32-8588-9f032a09c789,-8.6665,-66.936,2026-10-03 15:40:00,GOES-19,LÁBREA,AMAZONAS,Brasil,1302405,13,33,,,,Amazônia,71.3
b00b2c7e-fb15-339a-bef1-44162d721e87,-9.7499,-65.075,2026-10-03 15:40:00,GOES-19,PORTO VELHO,RONDÔNIA,Brasil,1100205,11,33,,,,Amazônia,91.1
a02aea5e-948c-30d3-b2a6-8c123affb167,1.7583,-50.8232,2026-10-03 15:40:00,GOES-19,PRACUÚBA,AMAPÁ,Brasil,1600550,16,33,,,,Amazônia,82.4
6f354bb8-e325-3a14-9959-cd06eb53793b,-9.8989,-65.032,2026-10-03 15:40:00,GOES-19,PORTO VELHO,RONDÔNIA,Brasil,1100205,11,33,,,,Amazônia,102.0
d532f5f8-3eac-3fdd-b7ef-caa1fbdd5a72,1.8037,-55.6051,2026-10-03 15:40:00,GOES-19,ÓBIDOS,PARÁ,Brasil,1505106,15,33,,,,Amazônia,70.4
a5245b5d-04de-3709-b645-c0c5f57d54f3,-12.1383,-63.1879,2026-10-03 15:40:00,GOES-19,SERINGUEIRAS,RONDÔNIA,Brasil,1101500,11,33,,,,Amazônia,44.5
dd4b3fef-13cc-3726-86a8-425b5d487b52,-9.0045,-65.7174,2026-10-03 15:40:00,GOES-19,LÁBREA,AMAZONAS,Brasil,1302405,13,33,,,,Amazônia,67.3
e474ac75-fb20-3bb2-9204-200ba68e9db0,1.8692,-50.6753,2026-10-03 15:40:00,GOES-19,AMAPÁ,AMAPÁ,Brasil,1600105,16,33,,,,Amazônia,63.5
acb6e4c3-08db-38f9-a91d-8bc655be56f4,-8.852,-66.7827,2026-10-03 15:40:00,GOES-19,LÁBREA,AMAZONAS,Brasil,1302405,13,33,,,,Amazônia,52.9
91c7fd54-567f-3729-a4cd-77ede26fea8d,-13.5007,-61.1333,2026-10-03 15:40:00,GOES-19,PIMENTEIRAS DO OESTE,RONDÔNIA,Brasil,1101468,11,33,,,,Amazônia,71.7
44def660-f3e8-3047-840b-279aa0ce5906,1.4268,-50.7866,2026-10-03 15:40:00,GOES-19,TARTARUGALZINHO,AMAPÁ,Brasil,1600709,16,33,,,,Amazônia,72.2
33c0c36f-a987-3323-8ab0-7dd0faea7c60,1.8037,-55.6249,2026-10-03 15:40:00,GOES-19,ÓBIDOS,PARÁ,Brasil,1505106,15,33,,,,Amazônia,73.2
6a03da82-c5ac-34c4-afc6-d5d155cfc297,1.8319,-50.8427,2026-10-03 15:40:00,GOES-19,AMAPÁ,AMAPÁ,Brasil,1600105,16,33,,,,Amazônia,57.9
659846cd-ecda-38c5-8690-b129d24b4340,-9.9174,-65.0501,2026-10-03 15:40:00,GOES-19,PORTO VELHO,RONDÔNIA,Brasil,1100205,11,33,,,,Amazônia,156.8
63487330-6e9b-3c2e-ba6b-3c49e367e6fc,2.0138,-61.0826,2026-10-03 15:40:00,GOES-19,IRACEMA,RORAIMA,Brasil,1400282,14,33,,,,Amazônia,96.7
e0682521-912a-38d9-950f-3c1b4a861c20,-9.7498,-65.0938,2026-10-03 15:40:00,GOES-19,PORTO VELHO,RONDÔNIA,Brasil,1100205,11,33,,,,Amazônia,56.1
9062c773-ce14-3a3d-b6fe-770ac9b292e7,-9.0046,-65.6988,2026-10-03 15:40:00,GOES-19,LÁBREA,AMAZONAS,Brasil,1302405,13,33,,,,Amazônia,234.1
b5b75acb-9612-3af2-ab4b-b4ebabd52660,-9.0045,-65.7174,2026-10-03 15:50:00,GOES-19,LÁBREA,AMAZONAS,Brasil,1302405,13,33,,,,Amazônia,58.1
d9d2a3ef-a618-3a9a-a40f-d871cf68a9bf,-9.0584,-66.1073,2026-10-03 15:50:00,GOES-19,LÁBREA,AMAZONAS,Brasil,1302405,13,33,,,,Amazônia,59.5
049af709-8101-3dc9-96b0-865480ea37a6,-8.852,-66.7827,2026-10-03 15:50:00,GOES-19,LÁBREA,AMAZONAS,Brasil,1302405,13,33,,,,Amazônia,52.3
2e25ef16-e859-3e09-8c2c-7ed88e9203af,2.0138,-61.0826,2026-10-03 15:50:00,GOES-19,IRACEMA,RORAIMA,Brasil,1400282,14,33,,,,Amazônia,103.9
95d0fd90-1969-37ec-bb1d-e5117c9e1667,-9.7498,-65.0938,2026-10-03 15:50:00,GOES-19,PORTO VELHO,RONDÔNIA,Brasil,1100205,11,33,,,,Amazônia,65.1
3a5a553a-f355-30c9-9c0a-1f01864c3c29,-9.9174,-65.0501,2026-10-03 15:50:00,GOES-19,PORTO VELHO,RONDÔNIA,Brasil,1100205,11,33,,,,Amazônia,189.0
b11d8cdf-3ce3-39d6-8eb2-ab6289369c59,1.7854,-55.6054,2026-10-03 15:50:00,GOES-19,ÓBIDOS,PARÁ,Brasil,1505106,15,33,,,,Amazônia,76.1
c6350033-58c1-3821-922d-f0d07c31f02a,1.8038,-55.5656,2026-10-03 15:50:00,GOES-19,ÓBIDOS,PARÁ,Brasil,1505106,15,33,,,,Amazônia,90.4
8118e16a-6460-3d85-92a0-d4c4822d0b24,-8.8705,-66.7822,2026-10-03 15:50:00,GOES-19,LÁBREA,AMAZONAS,Brasil,1302405,13,33,,,,Amazônia,51.8
ad92cca4-0279-3a7a-a83d-a0a6c8228d0e,1.9608,-50.8612,2026-10-03 15:50:00,GOES-19,AMAPÁ,AMAPÁ,Brasil,1600105,16,33,,,,Amazônia,89.3
cb7300d1-1d3b-39cf-8ddb-4d1a77838e98,-8.9195,-64.1473,2026-10-03 15:50:00,GOES-19,CANUTAMA,AMAZONAS,Brasil,1300904,13,33,,,,Amazônia,43.6
02a27357-5624-3143-a5c8-a348576d71f5,-9.4565,-64.3344,2026-10-03 15:50:00,GOES-19,PORTO VELHO,RONDÔNIA,Brasil,1100205,11,33,,,,Amazônia,80.7
04762d4b-1052-3fa3-a3e6-901d1893d107,-8.6665,-66.936,2026-10-03 15:50:00,GOES-19,LÁBREA,AMAZONAS,Brasil,1302405,13,33,,,,Amazônia,74.9
0105a5a3-8a8b-314f-921b-74fb081ad0df,-8.648,-66.9365,2026-10-03 15:50:00,GOES-19,LÁBREA,AMAZONAS,Brasil,1302405,13,33,,,,Amazônia,43.8
3eda6064-7fa5-3153-b4db-1add2b5674cc,-9.8989,-65.032,2026-10-03 15:50:00,GOES-19,PORTO VELHO,RONDÔNIA,Brasil,1100205,11,33,,,,Amazônia,86.0
28d72ea6-35c5-31bb-8d53-557da7afebdd,1.9317,-55.7416,2026-10-03 15:50:00,GOES-19,ÓBIDOS,PARÁ,Brasil,1505106,15,33,,,,Amazônia,88.2
5b94b0f5-8a2c-33d7-8e68-95b19524efa4,1.8319,-50.8427,2026-10-03 15:50:00,GOES-19,AMAPÁ,AMAPÁ,Brasil,1600105,16,33,,,,Amazônia,58.8
400b269d-cbb2-340a-aab2-d0f0b61db062,1.9132,-55.8011,2026-10-03 15:50:00,GOES-19,ÓBIDOS,PARÁ,Brasil,1505106,15,33,,,,Amazônia,83.2
181d0b66-263f-3854-8c6f-ee0b26566d2b,1.9316,-55.7614,2026-10-03 15:50:00,GOES-19,ÓBIDOS,PARÁ,Brasil,1505106,15,33,,,,Amazônia,78.0
290ee9f5-a298-310c-8938-cf3c903109fc,-9.7499,-65.075,2026-10-03 15:50:00,GOES-19,PORTO VELHO,RONDÔNIA,Brasil,1100205,11,33,,,,Amazônia,125.9
ddad52c0-afdb-38d3-bb61-201a19cb4bfd,1.9133,-55.7813,2026-10-03 15:50:00,GOES-19,ÓBIDOS,PARÁ,Brasil,1505106,15,33,,,,Amazônia,75.4
02063695-f320-3462-839e-b70ae7c3e929,-9.0046,-65.6988,2026-10-03 15:50:00,GOES-19,LÁBREA,AMAZONAS,Brasil,1302405,13,33,,,,Amazônia,144.4
f94b48ff-a335-309b-b0c9-c47f30e39dda,1.8037,-55.6051,2026-10-03 15:50:00,GOES-19,ÓBIDOS,PARÁ,Brasil,1505106,15,33,,,,Amazônia,79.6
909046ff-d188-329d-9b35-f05c16722cb9,1.7583,-50.8232,2026-10-03 15:50:00,GOES-19,PRACUÚBA,AMAPÁ,Brasil,1600550,16,33,,,,Amazônia,73.0
2ad38a9b-ce49-3de3-a84e-8e57f61703e1,1.9317,-55.7416,2026-10-03 16:00:00,GOES-19,ÓBIDOS,PARÁ,Brasil,1505106,15,33,,,,Amazônia,85.7
592864c8-04fd-37f1-93bd-b33fe00952e7,1.9316,-55.7614,2026-10-03 16:00:00,GOES-19,ÓBIDOS,PARÁ,Brasil,1505106,15,33,,,,Amazônia,82.2
bc1c21b6-839f-3303-ba5f-900d670be7a0,-9.8989,-65.032,2026-10-03 16:00:00,GOES-19,PORTO VELHO,RONDÔNIA,Brasil,1100205,11,33,,,,Amazônia,138.5
0bb88c74-99ec-3da3-94dd-f58d1d13da3a,-8.5554,-66.9945,2026-10-03 16:00:00,GOES-19,LÁBREA,AMAZONAS,Brasil,1302405,13,33,,,,Amazônia,48.2
86afb45e-8885-3e97-ab66-6bfb4779c570,-9.7498,-65.0938,2026-10-03 16:00:00,GOES-19,PORTO VELHO,RONDÔNIA,Brasil,1100205,11,33,,,,Amazônia,39.8
9e4c3b88-da0a-3ab5-b044-06cb29480f91,-9.9174,-65.0501,2026-10-03 16:00:00,GOES-19,PORTO VELHO,RONDÔNIA,Brasil,1100205,11,33,,,,Amazônia,317.5
29524320-ff42-385a-b6e4-cbcb426a095c,-9.0584,-66.1073,2026-10-03 16:00:00,GOES-19,LÁBREA,AMAZONAS,Brasil,1302405,13,33,,,,Amazônia,61.7
66e13fe8-7568-3296-83fd-8d8ce1554a03,1.9132,-55.8011,2026-10-03 16:00:00,GOES-19,ÓBIDOS,PARÁ,Brasil,1505106,15,33,,,,Amazônia,99.9
76f98a26-3801-315b-bf65-dbfd39c737c3,-9.4819,-66.7836,2026-10-03 16:00:00,GOES-19,LÁBREA,AMAZONAS,Brasil,1302405,13,33,,,,Amazônia,40.8
36497408-c3b4-38b4-9850-226ad149a759,-11.8814,-64.9323,2026-10-03 16:00:00,GOES-19,GUAJARÁ-MIRIM,RONDÔNIA,Brasil,1100106,11,33,,,,Amazônia,43.4
76f35194-6581-3353-a2c4-e7f27f3d4482,-9.3764,-65.4813,2026-10-03 16:00:00,GOES-19,LÁBREA,AMAZONAS,Brasil,1302405,13,33,,,,Amazônia,45.8
843d5f9d-7693-35ff-a4b7-f357339553c4,1.9608,-50.8612,2026-10-03 16:00:00,GOES-19,AMAPÁ,AMAPÁ,Brasil,1600105,16,33,,,,Amazônia,90.1
d78b2a85-4fcb-34c2-8b2b-6e0775724b15,-8.8886,-66.893,2026-10-03 16:00:00,GOES-19,LÁBREA,AMAZONAS,Brasil,1302405,13,33,,,,Amazônia,41.9
7ef6e05b-cadf-3660-9c32-f33751f03ca1,-8.9195,-64.1473,2026-10-03 16:00:00,GOES-19,CANUTAMA,AMAZONAS,Brasil,1300904,13,33,,,,Amazônia,42.2
bbe03266-0a93-3e5b-9a2a-ec323c11c061,1.9133,-55.7813,2026-10-03 16:00:00,GOES-19,ÓBIDOS,PARÁ,Brasil,1505106,15,33,,,,Amazônia,99.7
ab2a9751-d9d9-3f1e-b82a-e5d2ecd6ca4c,-9.0045,-65.7174,2026-10-03 16:00:00,GOES-19,LÁBREA,AMAZONAS,Brasil,1302405,13,33,,,,Amazônia,45.6
1e38a841-3f3a-3417-a5a1-00340576ce5f,-8.5554,-66.9945,2026-10-03 16:10:00,GOES-19,LÁBREA,AMAZONAS,Brasil,1302405,13,33,,,,Amazônia,51.6
2310bbca-7568-3462-8a84-6613786d8d14,-9.8061,-64.9979,2026-10-03 16:10:00,GOES-19,PORTO VELHO,RONDÔNIA,Brasil,1100205,11,33,,,,Amazônia,52.2
74832333-5607-3a28-ac1f-03b5663c2b64,-8.8706,-66.7636,2026-10-03 16:10:00,GOES-19,LÁBREA,AMAZONAS,Brasil,1302405,13,33,,,,Amazônia,39.3
4b381f1c-b04f-3e53-b24c-b72208f8520f,-8.6476,-67.0292,2026-10-03 16:10:00,GOES-19,LÁBREA,AMAZONAS,Brasil,1302405,13,33,,,,Amazônia,38.5
cbcedcdb-3116-334d-b7d7-c9ce0c952fc9,-9.4819,-66.7836,2026-10-03 16:10:00,GOES-19,LÁBREA,AMAZONAS,Brasil,1302405,13,33,,,,Amazônia,40.2
617accee-fc45-302e-8db6-802872f6fb08,-8.852,-66.7827,2026-10-03 16:10:00,GOES-19,LÁBREA,AMAZONAS,Brasil,1302405,13,33,,,,Amazônia,45.6
c5608afd-c83c-32b2-8fd7-7c19e37778f6,-9.3765,-65.4626,2026-10-03 16:10:00,GOES-19,LÁBREA,AMAZONAS,Brasil,1302405,13,33,,,,Amazônia,41.1
264de4ba-789b-3972-acd9-3361a1c87111,-9.7319,-64.9631,2026-10-03 16:10:00,GOES-19,PORTO VELHO,RONDÔNIA,Brasil,1100205,11,33,,,,Amazônia,39.6
622b9882-574a-3424-8dd6-410b60cdf84d,-8.8705,-66.7822,2026-10-03 16:10:00,GOES-19,LÁBREA,AMAZONAS,Brasil,1302405,13,33,,,,Amazônia,53.7
d6de1c60-f29d-3180-840d-40b20594f13a,-9.1147,-65.9379,2026-10-03 16:10:00,GOES-19,LÁBREA,AMAZONAS,Brasil,1302405,13,33,,,,Amazônia,43.2
d0a8585c-ae82-303e-a771-41beb521d490,-9.077,-66.0881,2026-10-03 16:10:00,GOES-19,LÁBREA,AMAZONAS,Brasil,1302405,13,33,,,,Amazônia,42.1
037d912d-7820-3ecb-8065-271ac8675437,-8.8886,-66.8745,2026-10-03 16:10:00,GOES-19,LÁBREA,AMAZONAS,Brasil,1302405,13,33,,,,Amazônia,39.0
ff923ad0-714f-30a7-ac3b-87adc26d833c,-8.8886,-66.893,2026-10-03 16:10:00,GOES-19,LÁBREA,AMAZONAS,Brasil,1302405,13,33,,,,Amazônia,53.4
c155daa5-0b85-3059-bf13-7119e04f4f92,-2.82,-54.09,2026-10-03 16:15:00,MSG-03,PRAINHA,PARÁ,Brasil,1506005,15,33,,,,Amazônia,
4a1aecc3-ee7c-3cbe-b1e9-a312958ab9df,-3.14,-53.75,2026-10-03 16:15:00,MSG-03,URUARÁ,PARÁ,Brasil,1508159,15,33,,,,Amazônia,
d8107aac-4fa2-3461-aaf6-3b5c49af4574,-2.82,-54.15,2026-10-03 16:15:00,MSG-03,SANTARÉM,PARÁ,Brasil,1506807,15,33,,,,Amazônia,
8897d215-0bcb-377c-8d10-a48c1e014869,-3.11,-53.75,2026-10-03 16:15:00,MSG-03,URUARÁ,PARÁ,Brasil,1508159,15,33,,,,Amazônia,
a0c0aae6-8b1e-3c15-934f-17033e111fb3,-2.79,-54.09,2026-10-03 16:15:00,MSG-03,PRAINHA,PARÁ,Brasil,1506005,15,33,,,,Amazônia,
3c3fda1d-7164-325d-aa56-6d336d8f73c3,-8.9195,-64.1473,2026-10-03 16:20:00,GOES-19,CANUTAMA,AMAZONAS,Brasil,1300904,13,33,,,,Amazônia,46.2
e588e363-0547-30ac-91f9-63f011b5057b,-8.5554,-66.9945,2026-10-03 16:20:00,GOES-19,LÁBREA,AMAZONAS,Brasil,1302405,13,33,,,,Amazônia,51.4
f304cb44-a8fd-3ef5-b90f-c59ae0c9fb37,-8.5738,-66.994,2026-10-03 16:20:00,GOES-19,LÁBREA,AMAZONAS,Brasil,1302405,13,33,,,,Amazônia,41.1
2f877973-e93b-312a-9108-ddb9a4c7e53a,-1.2818,-49.3803,2026-10-03 16:20:00,GOES-19,MUANÁ,PARÁ,Brasil,1504901,15,33,,,,Amazônia,69.5
af88b66a-4720-32cd-85ea-4c5dc793d5fe,-9.8061,-64.9979,2026-10-03 16:20:00,GOES-19,PORTO VELHO,RONDÔNIA,Brasil,1100205,11,33,,,,Amazônia,45.2
90f6f705-fb7e-3a5e-9314-59f17f0598c3,-9.1147,-65.9379,2026-10-03 16:20:00,GOES-19,LÁBREA,AMAZONAS,Brasil,1302405,13,33,,,,Amazônia,50.8
9e454b64-129c-36e6-bc3a-3fc49f1645c1,-9.1335,-65.8813,2026-10-03 16:20:00,GOES-19,LÁBREA,AMAZONAS,Brasil,1302405,13,33,,,,Amazônia,46.3
2888de83-7376-33f8-bf77-22f8f16e162c,-8.87,-66.8935,2026-10-03 16:20:00,GOES-19,LÁBREA,AMAZONAS,Brasil,1302405,13,33,,,,Amazônia,38.8
e74d78cf-9be5-3b3a-87ee-eeac67b1d1d8,-1.245,-49.3172,2026-10-03 16:20:00,GOES-19,MUANÁ,PARÁ,Brasil,1504901,15,33,,,,Amazônia,78.0
4c794ce7-5b90-36a8-bd23-49edf329d69e,-8.8705,-66.7822,2026-10-03 16:20:00,GOES-19,LÁBREA,AMAZONAS,Brasil,1302405,13,33,,,,Amazônia,47.4
7622201c-cc22-3270-9506-c86908da9a0b,-9.4819,-66.7836,2026-10-03 16:20:00,GOES-19,LÁBREA,AMAZONAS,Brasil,1302405,13,33,,,,Amazônia,43.0
9bc504b4-2e5b-3866-ac00-56a8a999ea3c,-8.852,-66.7827,2026-10-03 16:20:00,GOES-19,LÁBREA,AMAZONAS,Brasil,1302405,13,33,,,,Amazônia,40.7
a7892fd1-9877-3b1b-949a-838e81c7dc9c,-9.2745,-67.6433,2026-10-03 16:20:00,GOES-19,BOCA DO ACRE,AMAZONAS,Brasil,1300706,13,33,,,,Amazônia,41.2
0218a242-6ddf-3846-8cda-d62256a41013,-9.1147,-65.9379,2026-10-03 16:30:00,GOES-19,LÁBREA,AMAZONAS,Brasil,1302405,13,33,,,,Amazônia,66.2
6e2891aa-9da7-3cc7-9d11-835245bad53b,-8.5554,-66.9945,2026-10-03 16:30:00,GOES-19,LÁBREA,AMAZONAS,Brasil,1302405,13,33,,,,Amazônia,51.1
a139c62c-22bf-393c-9ec8-767de4982533,-1.1897,-49.2966,2026-10-03 16:30:00,GOES-19,MUANÁ,PARÁ,Brasil,1504901,15,33,,,,Amazônia,89.3
9833eeb9-9bc6-342c-b3ae-d56bd4e7953e,-1.1897,-49.2966,2026-10-03 16:40:00,GOES-19,MUANÁ,PARÁ,Brasil,1504901,15,33,,,,Amazônia,89.4
32caba0b-3a0f-34de-ba3a-9610df486349,-8.9257,-66.8549,2026-10-03 16:40:00,GOES-19,LÁBREA,AMAZONAS,Brasil,1302405,13,33,,,,Amazônia,37.8
2cb44e9d-9051-3d57-94ca-f9a3fd9ac55d,-9.1147,-65.9379,2026-10-03 16:40:00,GOES-19,LÁBREA,AMAZONAS,Brasil,1302405,13,33,,,,Amazônia,51.9
30ee9335-c67d-30e0-bbc9-d35544614ca2,-8.5554,-66.9945,2026-10-03 16:40:00,GOES-19,LÁBREA,AMAZONAS,Brasil,1302405,13,33,,,,Amazônia,57.3
1c8137bb-1dfb-312d-946e-c31234b64ecd,-1.1897,-49.2966,2026-10-03 16:50:00,GOES-19,MUANÁ,PARÁ,Brasil,1504901,15,33,,,,Amazônia,93.9
cde1de65-d3ea-3657-a07e-2bc30d7d792b,-8.5554,-66.9945,2026-10-03 16:50:00,GOES-19,LÁBREA,AMAZONAS,Brasil,1302405,13,33,,,,Amazônia,58.8
ead40ff5-a47f-3a54-af12-3fb21a4baef4,-1.1715,-49.1694,2026-10-03 16:50:00,GOES-19,MUANÁ,PARÁ,Brasil,1504901,15,33,,,,Amazônia,70.3
0a15707a-60dd-30b4-b6d6-9de8dd727bec,-8.5554,-66.9945,2026-10-03 17:00:00,GOES-19,LÁBREA,AMAZONAS,Brasil,1302405,13,33,,,,Amazônia,62.7
840b632e-072f-3d7a-a77c-bac1c447e78e,-9.0046,-65.6988,2026-10-03 17:00:00,GOES-19,LÁBREA,AMAZONAS,Brasil,1302405,13,33,,,,Amazônia,122.1
211e1e34-e34e-36a8-b824-5ec7102d4d16,-1.1901,-49.084,2026-10-03 17:00:00,GOES-19,PONTA DE PEDRAS,PARÁ,Brasil,1505700,15,33,,,,Amazônia,79.1
72251250-9c47-3dd5-9dd9-bedd7f9f7440,-9.0045,-65.7174,2026-10-03 17:00:00,GOES-19,LÁBREA,AMAZONAS,Brasil,1302405,13,33,,,,Amazônia,58.8
3234d738-dc5e-355e-aeea-285bdd709f71,-9.4819,-66.7836,2026-10-03 17:00:00,GOES-19,LÁBREA,AMAZONAS,Brasil,1302405,13,33,,,,Amazônia,45.9
3c407aad-8696-33d3-b6e6-175b0975d90b,-1.2085,-49.0838,2026-10-03 17:00:00,GOES-19,PONTA DE PEDRAS,PARÁ,Brasil,1505700,15,33,,,,Amazônia,90.5
8fbcd9b9-0ae8-32fa-b845-0397d51fa95e,-1.1897,-49.2966,2026-10-03 17:00:00,GOES-19,MUANÁ,PARÁ,Brasil,1504901,15,33,,,,Amazônia,91.6
ec4392f6-6a60-3492-b89b-f30a44756359,-9.1147,-65.9379,2026-10-03 17:10:00,GOES-19,LÁBREA,AMAZONAS,Brasil,1302405,13,33,,,,Amazônia,99.5
ce6f9d45-d066-3226-b10e-70ee97cce497,-1.1533,-48.978,2026-10-03 17:10:00,GOES-19,PONTA DE PEDRAS,PARÁ,Brasil,1505700,15,33,,,,Amazônia,72.0
c1b0db34-b16a-3de4-bf83-7181c51a6bf9,-1.2085,-49.0838,2026-10-03 17:10:00,GOES-19,PONTA DE PEDRAS,PARÁ,Brasil,1505700,15,33,,,,Amazônia,91.4
d0b77bcd-49a4-3a3f-8e4e-a88f292db845,-1.1901,-49.084,2026-10-03 17:10:00,GOES-19,PONTA DE PEDRAS,PARÁ,Brasil,1505700,15,33,,,,Amazônia,80.6
edb873d8-819b-3ddd-b530-61d8fc133b6d,-9.2745,-67.6433,2026-10-03 17:10:00,GOES-19,BOCA DO ACRE,AMAZONAS,Brasil,1300706,13,33,,,,Amazônia,59.8
3fb91d05-5f1f-37ce-8e98-4b822ce67226,-1.4672,-48.9097,2026-10-03 17:10:00,GOES-19,PONTA DE PEDRAS,PARÁ,Brasil,1505700,15,33,,,,Amazônia,73.5
4d4b7f25-39ee-3ec7-b07b-c0d03bd6f046,-1.1897,-49.2966,2026-10-03 17:10:00,GOES-19,MUANÁ,PARÁ,Brasil,1504901,15,33,,,,Amazônia,97.2
1a0dfbf8-4e1d-3e9e-b637-98116ab3fd18,-1.4303,-48.9316,2026-10-03 17:10:00,GOES-19,PONTA DE PEDRAS,PARÁ,Brasil,1505700,15,33,,,,Amazônia,80.3
fb7e3144-4989-39a4-9c8d-07c757d523dc,-1.4487,-48.9313,2026-10-03 17:10:00,GOES-19,PONTA DE PEDRAS,PARÁ,Brasil,1505700,15,33,,,,Amazônia,82.4
63f52a8b-504c-3438-abe5-161737983a18,-9.4819,-66.7836,2026-10-03 17:10:00,GOES-19,LÁBREA,AMAZONAS,Brasil,1302405,13,33,,,,Amazônia,43.9
338be84e-b9cb-3908-a92b-7edc5e8becee,-3.08,-49.5,2026-10-03 17:15:00,MSG-03,MOJU,PARÁ,Brasil,1504703,15,33,,,,Amazônia,
e1b0d770-7ab0-3ed7-b10b-eff01760bb06,-3.46,-50.12,2026-10-03 17:15:00,MSG-03,PACAJÁ,PARÁ,Brasil,1505486,15,33,,,,Amazônia,
74a5896c-2c80-377b-9fdd-2602dab6fa3d,-2.82,-54.09,2026-10-03 17:15:00,MSG-03,PRAINHA,PARÁ,Brasil,1506005,15,33,,,,Amazônia,
d9903869-1458-38e1-a87c-a1a7dcb4ecc8,-3.46,-50.07,2026-10-03 17:15:00,MSG-03,PACAJÁ,PARÁ,Brasil,1505486,15,33,,,,Amazônia,
928a23ab-2f10-3d85-b7b9-31e969013471,-3.08,-49.56,2026-10-03 17:15:00,MSG-03,MOJU,PARÁ,Brasil,1504703,15,33,,,,Amazônia,
2e5600d5-0f0e-32e5-bb8a-b551980fc31d,-2.82,-54.15,2026-10-03 17:15:00,MSG-03,SANTARÉM,PARÁ,Brasil,1506807,15,33,,,,Amazônia,
06286e60-595b-3640-acc2-5fb334c333fd,-3.49,-50.07,2026-10-03 17:15:00,MSG-03,PACAJÁ,PARÁ,Brasil,1505486,15,33,,,,Amazônia,
a010e677-d9b1-3313-8bc7-094f15f39a4b,-2.85,-54.09,2026-10-03 17:15:00,MSG-03,PRAINHA,PARÁ,Brasil,1506005,15,33,,,,Amazônia,
054e82b7-d23c-3bee-866b-9dbf509dd9f2,-3.49,-50.13,2026-10-03 17:15:00,MSG-03,PACAJÁ,PARÁ,Brasil,1505486,15,33,,,,Amazônia,
d4920f68-274d-359a-afb1-4cc01e4bb549,1.4268,-50.7866,2026-10-03 17:20:00,GOES-19,TARTARUGALZINHO,AMAPÁ,Brasil,1600709,16,33,,,,Amazônia,68.5
e8703fe0-2bac-3e9d-88dd-64057b2d4e6d,-1.4303,-48.9316,2026-10-03 17:20:00,GOES-19,PONTA DE PEDRAS,PARÁ,Brasil,1505700,15,33,,,,Amazônia,74.9
a75579ae-f706-350d-821b-1a9870c69b40,-9.4819,-66.7836,2026-10-03 17:20:00,GOES-19,LÁBREA,AMAZONAS,Brasil,1302405,13,33,,,,Amazônia,44.6
8a57972f-2c74-3df0-a107-29580023f7c1,-1.1897,-49.2966,2026-10-03 17:20:00,GOES-19,MUANÁ,PARÁ,Brasil,1504901,15,33,,,,Amazônia,77.4
16b63caa-879b-36f3-b3b0-e47703b013f1,-9.1147,-65.9379,2026-10-03 17:20:00,GOES-19,LÁBREA,AMAZONAS,Brasil,1302405,13,33,,,,Amazônia,93.1
7f8c7a12-f47d-3c4e-b9f7-36ba97529dd9,-1.2085,-49.0838,2026-10-03 17:20:00,GOES-19,PONTA DE PEDRAS,PARÁ,Brasil,1505700,15,33,,,,Amazônia,89.8
6989835d-a013-3912-9fb6-4fa6e01f178e,1.9608,-50.8612,2026-10-03 17:20:00,GOES-19,AMAPÁ,AMAPÁ,Brasil,1600105,16,33,,,,Amazônia,85.4
29d6b45e-6487-375c-a5f6-bfcf2fbc2a7d,-9.0046,-65.6988,2026-10-03 17:20:00,GOES-19,LÁBREA,AMAZONAS,Brasil,1302405,13,33,,,,Amazônia,167.9
428ed098-7dce-39e0-829e-07de39d51d48,-1.245,-49.3172,2026-10-03 17:20:00,GOES-19,MUANÁ,PARÁ,Brasil,1504901,15,33,,,,Amazônia,74.2
ff0ba1ba-80f5-31cb-8e95-fd078c09397f,-9.1076,-67.7215,2026-10-03 17:30:00,GOES-19,BOCA DO ACRE,AMAZONAS,Brasil,1300706,13,33,,,,Amazônia,43.4
1787add3-397d-3e2e-ba2e-3fe57aef9455,-9.0046,-65.6988,2026-10-03 17:30:00,GOES-19,LÁBREA,AMAZONAS,Brasil,1302405,13,33,,,,Amazônia,169.7
90cc49dd-57f9-39ce-b06a-d25ef0b31f8e,1.9793,-50.8609,2026-10-03 17:30:00,GOES-19,AMAPÁ,AMAPÁ,Brasil,1600105,16,33,,,,Amazônia,75.6
e6e2f72f-286f-3cd2-b01d-4172b5e913cd,-1.1715,-49.1268,2026-10-03 17:30:00,GOES-19,PONTA DE PEDRAS,PARÁ,Brasil,1505700,15,33,,,,Amazônia,76.0
5190078e-499e-3ae9-b51c-708521542778,-9.0045,-65.7174,2026-10-03 17:30:00,GOES-19,LÁBREA,AMAZONAS,Brasil,1302405,13,33,,,,Amazônia,85.3
87433bdc-c29e-38f9-b402-49a9e8463300,-1.4303,-48.9316,2026-10-03 17:30:00,GOES-19,PONTA DE PEDRAS,PARÁ,Brasil,1505700,15,33,,,,Amazônia,71.4
a6ef6821-f076-3405-9ba8-dd87cae07d01,-1.1897,-49.2966,2026-10-03 17:30:00,GOES-19,MUANÁ,PARÁ,Brasil,1504901,15,33,,,,Amazônia,78.0
f0d79cad-ba06-3a6d-a219-a5bc16543a4e,1.9977,-50.8397,2026-10-03 17:30:00,GOES-19,AMAPÁ,AMAPÁ,Brasil,1600105,16,33,,,,Amazônia,64.1
a6fd5395-081c-365b-8473-c41b73b7de51,-1.0244,-48.8087,2026-10-03 17:30:00,GOES-19,CACHOEIRA DO ARARI,PARÁ,Brasil,1502004,15,33,,,,Amazônia,69.3
40033576-3bf3-3197-8d7e-61eeb765ddbe,-9.7126,-65.0951,2026-10-03 17:30:00,GOES-19,PORTO VELHO,RONDÔNIA,Brasil,1100205,11,33,,,,Amazônia,51.0
9be0937b-3670-32d6-a1d3-745bce2e6775,1.9608,-50.882,2026-10-03 17:30:00,GOES-19,AMAPÁ,AMAPÁ,Brasil,1600105,16,33,,,,Amazônia,72.5
04126542-9e82-3ae7-ab5e-af5f559bb0fd,-1.4487,-48.9313,2026-10-03 17:30:00,GOES-19,PONTA DE PEDRAS,PARÁ,Brasil,1505700,15,33,,,,Amazônia,75.9
86df5ff4-f1a7-3802-bc20-7691ff0f677f,-9.7319,-64.9631,2026-10-03 17:30:00,GOES-19,PORTO VELHO,RONDÔNIA,Brasil,1100205,11,33,,,,Amazônia,40.9
b29088e1-3548-3721-9659-7fb2f118efa8,1.7041,-60.8399,2026-10-03 17:30:00,GOES-19,CARACARAÍ,RORAIMA,Brasil,1400209,14,33,,,,Amazônia,71.0
5171162a-52f5-36bb-b357-dfc90e70e918,1.9608,-50.8612,2026-10-03 17:30:00,GOES-19,AMAPÁ,AMAPÁ,Brasil,1600105,16,33,,,,Amazônia,81.1
1bf1f66e-fe77-3980-89b1-7c25b00f707e,-9.1427,-68.2572,2026-10-03 17:40:00,GOES-19,BOCA DO ACRE,AMAZONAS,Brasil,1300706,13,33,,,,Amazônia,152.1
5e7165fe-e4d5-303c-b2f1-b617bc5d2c02,-9.9174,-65.0501,2026-10-03 17:40:00,GOES-19,PORTO VELHO,RONDÔNIA,Brasil,1100205,11,33,,,,Amazônia,422.6
d82cb1bb-6f80-3ee2-806b-6d190705856b,-9.1777,-68.9027,2026-10-03 17:40:00,GOES-19,SENA MADUREIRA,ACRE,Brasil,1200500,12,33,,,,Amazônia,49.9
a2d4239d-f86a-3e7d-b5d8-ca64b97216fc,-1.4487,-48.9313,2026-10-03 17:40:00,GOES-19,PONTA DE PEDRAS,PARÁ,Brasil,1505700,15,33,,,,Amazônia,73.4
a2028e15-927c-3f3b-a35f-cd1a45a1fc47,-9.5151,-67.7484,2026-10-03 17:40:00,GOES-19,PORTO ACRE,ACRE,Brasil,1200807,12,33,,,,Amazônia,55.0
eb6cc9db-0248-3fe8-8b09-a3f30d5afa12,-9.7126,-65.0951,2026-10-03 17:40:00,GOES-19,PORTO VELHO,RONDÔNIA,Brasil,1100205,11,33,,,,Amazônia,54.0
abb0ceb0-f655-36b2-a88e-c599813628e4,-0.4889,-49.1327,2026-10-03 17:40:00,GOES-19,CACHOEIRA DO ARARI,PARÁ,Brasil,1502004,15,33,,,,Amazônia,80.4
5d06b562-ecdd-30fc-83b2-19799df6948d,-9.1242,-68.2576,2026-10-03 17:40:00,GOES-19,BOCA DO ACRE,AMAZONAS,Brasil,1300706,13,33,,,,Amazônia,123.9
1ac019d9-450d-37b5-8fb2-fbf717e0a01d,-13.5007,-61.1333,2026-10-03 17:40:00,GOES-19,PIMENTEIRAS DO OESTE,RONDÔNIA,Brasil,1101468,11,33,,,,Amazônia,72.3
0310e257-ae47-364f-8a1d-8d3a01e7df90,-9.135,-65.5453,2026-10-03 17:40:00,GOES-19,LÁBREA,AMAZONAS,Brasil,1302405,13,33,,,,Amazônia,49.8
54666bf3-140b-389d-83ec-08bda103a323,1.7041,-60.8399,2026-10-03 17:40:00,GOES-19,CARACARAÍ,RORAIMA,Brasil,1400209,14,33,,,,Amazônia,76.1
bce20d89-84c1-32a5-973d-3b93649c7c01,-9.1335,-65.8813,2026-10-03 17:40:00,GOES-19,LÁBREA,AMAZONAS,Brasil,1302405,13,33,,,,Amazônia,80.7
3ef74caa-be29-30d7-bb6f-3f4b4ff19e36,-9.4819,-66.7836,2026-10-03 17:40:00,GOES-19,LÁBREA,AMAZONAS,Brasil,1302405,13,33,,,,Amazônia,46.6
4aa5d3ef-96cc-3006-9c2e-7f3d88adef2d,-9.6757,-65.0401,2026-10-03 17:40:00,GOES-19,PORTO VELHO,RONDÔNIA,Brasil,1100205,11,33,,,,Amazônia,47.8
